t,tilt,V,Q_want,Q,h_max,h_bar,z_tip,U_perp,u_h,d0,d_hit,x_hit,y_hit,label
0.00833333,0.00872665,0.00025,1.5e-05,0,-0.0517721,0,0.102698,nan,nan,nan,nan,nan,nan,disc: low, 15 mL/s
0.0166667,0.0174533,0.00025,1.5e-05,0,-0.0512902,0,0.102643,nan,nan,nan,nan,nan,nan,disc: low, 15 mL/s
0.025,0.0261799,0.00025,1.5e-05,0,-0.0508598,0,0.10257,nan,nan,nan,nan,nan,nan,disc: low, 15 mL/s
0.0333333,0.0349066,0.00025,1.5e-05,0,-0.0504532,0,0.102497,nan,nan,nan,nan,nan,nan,disc: low, 15 mL/s
0.0416667,0.0436332,0.00025,1.5e-05,0,-0.0500046,0,0.102415,nan,nan,nan,nan,nan,nan,disc: low, 15 mL/s
0.05,0.0523599,0.00025,1.5e-05,0,-0.0495794,0,0.102323,nan,nan,nan,nan,nan,nan,disc: low, 15 mL/s
0.0583333,0.0610865,0.00025,1.5e-05,0,-0.0491461,0,0.102231,nan,nan,nan,nan,nan,nan,disc: low, 15 mL/s
0.0666667,0.0698132,0.00025,1.5e-05,0,-0.0486892,0,0.102122,nan,nan,nan,nan,nan,nan,disc: low, 15 mL/s
0.075,0.0785398,0.00025,1.5e-05,0,-0.0482551,0,0.102012,nan,nan,nan,nan,nan,nan,disc: low, 15 mL/s
0.0833333,0.0872665,0.00025,1.5e-05,0,-0.0478051,0,0.101884,nan,nan,nan,nan,nan,nan,disc: low, 15 mL/s
0.0916667,0.0959931,0.00025,1.5e-05,0,-0.0473457,0,0.101755,nan,nan,nan,nan,nan,nan,disc: low, 15 mL/s
0.1,0.10472,0.00025,1.5e-05,0,-0.0468964,0,0.101618,nan,nan,nan,nan,nan,nan,disc: low, 15 mL/s
0.108333,0.113446,0.00025,1.5e-05,0,-0.0464337,0,0.101481,nan,nan,nan,nan,nan,nan,disc: low, 15 mL/s
0.116667,0.122173,0.00025,1.5e-05,0,-0.045966,0,0.101325,nan,nan,nan,nan,nan,nan,disc: low, 15 mL/s
0.125,0.1309,0.00025,1.5e-05,0,-0.0455171,0,0.101169,nan,nan,nan,nan,nan,nan,disc: low, 15 mL/s
0.133333,0.139626,0.00025,1.5e-05,0,-0.0450384,0,0.101005,nan,nan,nan,nan,nan,nan,disc: low, 15 mL/s
0.141667,0.148353,0.00025,1.5e-05,0,-0.0445695,0,0.100831,nan,nan,nan,nan,nan,nan,disc: low, 15 mL/s
0.15,0.15708,0.00025,1.5e-05,0,-0.0441019,0,0.100648,nan,nan,nan,nan,nan,nan,disc: low, 15 mL/s
0.158333,0.165806,0.00025,1.5e-05,0,-0.0436157,0,0.100455,nan,nan,nan,nan,nan,nan,disc: low, 15 mL/s
0.166667,0.174533,0.00025,1.5e-05,0,-0.0431274,0,0.100263,nan,nan,nan,nan,nan,nan,disc: low, 15 mL/s
0.175,0.18326,0.00025,1.5e-05,0,-0.0426388,0,0.100052,nan,nan,nan,nan,nan,nan,disc: low, 15 mL/s
0.183333,0.191986,0.00025,1.5e-05,0,-0.0421531,0,0.0998419,nan,nan,nan,nan,nan,nan,disc: low, 15 mL/s
0.191667,0.200713,0.00025,1.5e-05,0,-0.041648,0,0.0972235,nan,nan,nan,nan,nan,nan,disc: low, 15 mL/s
0.2,0.20944,0.00025,1.5e-05,0,-0.0411475,0,0.0947516,nan,nan,nan,nan,nan,nan,disc: low, 15 mL/s
0.208333,0.218166,0.00025,1.5e-05,0,-0.0406543,0,0.0942114,nan,nan,nan,nan,nan,nan,disc: low, 15 mL/s
0.216667,0.226893,0.00025,1.5e-05,0,-0.0401371,0,0.0936621,nan,nan,nan,nan,nan,nan,disc: low, 15 mL/s
0.225,0.235619,0.00025,1.5e-05,0,-0.0396455,0,0.0931036,nan,nan,nan,nan,nan,nan,disc: low, 15 mL/s
0.233333,0.244346,0.00025,1.5e-05,0,-0.0391411,0,0.0925452,nan,nan,nan,nan,nan,nan,disc: low, 15 mL/s
0.241667,0.253073,0.00025,1.5e-05,0,-0.0386312,0,0.0901007,nan,nan,nan,nan,nan,nan,disc: low, 15 mL/s
0.25,0.261799,0.00025,1.5e-05,0,-0.0381042,0,0.0873083,nan,nan,nan,nan,nan,nan,disc: low, 15 mL/s
0.258333,0.270526,0.00025,1.5e-05,0,-0.0375917,0,0.084516,nan,nan,nan,nan,nan,nan,disc: low, 15 mL/s
0.266667,0.279253,0.00025,1.5e-05,0,-0.0370803,0,0.0817511,nan,nan,nan,nan,nan,nan,disc: low, 15 mL/s
0.275,0.287979,0.00025,1.5e-05,0,-0.0365599,0,0.0790137,nan,nan,nan,nan,nan,nan,disc: low, 15 mL/s
0.283333,0.296706,0.00025,1.5e-05,0,-0.0360326,0,0.0784918,nan,nan,nan,nan,nan,nan,disc: low, 15 mL/s
0.291667,0.305433,0.00025,1.5e-05,0,-0.0354945,0,0.0736121,nan,nan,nan,nan,nan,nan,disc: low, 15 mL/s
0.3,0.314159,0.00025,1.5e-05,0,-0.0349709,0,0.0731085,nan,nan,nan,nan,nan,nan,disc: low, 15 mL/s
0.308333,0.322886,0.00025,1.5e-05,0,-0.0344413,0,0.0712866,nan,nan,nan,nan,nan,nan,disc: low, 15 mL/s
0.316667,0.331613,0.00025,1.5e-05,0,-0.0338721,0,0.0707922,nan,nan,nan,nan,nan,nan,disc: low, 15 mL/s
0.325,0.340339,0.00025,1.5e-05,0,-0.033345,0,0.0651801,nan,nan,nan,nan,nan,nan,disc: low, 15 mL/s
0.333333,0.349066,0.00025,1.5e-05,0,-0.0327997,0,0.064704,nan,nan,nan,nan,nan,nan,disc: low, 15 mL/s
0.341667,0.357792,0.00025,1.5e-05,0,-0.0322765,0,0.0621313,nan,nan,nan,nan,nan,nan,disc: low, 15 mL/s
0.35,0.366519,0.00025,1.5e-05,0,-0.0317042,0,0.0595862,nan,nan,nan,nan,nan,nan,disc: low, 15 mL/s
0.358333,0.375246,0.00025,1.5e-05,0,-0.0311464,0,0.0570685,nan,nan,nan,nan,nan,nan,disc: low, 15 mL/s
0.366667,0.383972,0.00025,1.5e-05,0,-0.0306045,0,0.0566199,nan,nan,nan,nan,nan,nan,disc: low, 15 mL/s
0.375,0.392699,0.00025,1.5e-05,0,-0.0300407,0,0.0541388,nan,nan,nan,nan,nan,nan,disc: low, 15 mL/s
0.383333,0.401426,0.00025,1.5e-05,0,-0.0294958,0,0.0536993,nan,nan,nan,nan,nan,nan,disc: low, 15 mL/s
0.391667,0.410152,0.00025,1.5e-05,0,-0.0289416,0,0.051264,nan,nan,nan,nan,nan,nan,disc: low, 15 mL/s
0.4,0.418879,0.00025,1.5e-05,0,-0.0283676,0,0.0508337,nan,nan,nan,nan,nan,nan,disc: low, 15 mL/s
0.408333,0.427606,0.00025,1.5e-05,0,-0.0278025,0,0.0504034,nan,nan,nan,nan,nan,nan,disc: low, 15 mL/s
0.416667,0.436332,0.00025,1.5e-05,0,-0.0272322,0,0.0480231,nan,nan,nan,nan,nan,nan,disc: low, 15 mL/s
0.425,0.445059,0.00025,1.5e-05,0,-0.0266689,0,0.0475928,nan,nan,nan,nan,nan,nan,disc: low, 15 mL/s
0.433333,0.453786,0.00025,1.5e-05,0,-0.0261014,0,0.0452582,nan,nan,nan,nan,nan,nan,disc: low, 15 mL/s
0.441667,0.462512,0.00025,1.5e-05,0,-0.0255323,0,0.0448462,nan,nan,nan,nan,nan,nan,disc: low, 15 mL/s
0.45,0.471239,0.00025,1.5e-05,0,-0.0249619,0,0.0425574,nan,nan,nan,nan,nan,nan,disc: low, 15 mL/s
0.458333,0.479966,0.00025,1.5e-05,0,-0.0243624,0,0.0421637,nan,nan,nan,nan,nan,nan,disc: low, 15 mL/s
0.466667,0.488692,0.00025,1.5e-05,0,-0.0237918,0,0.0417609,nan,nan,nan,nan,nan,nan,disc: low, 15 mL/s
0.475,0.497419,0.00025,1.5e-05,0,-0.0232149,0,0.041358,nan,nan,nan,nan,nan,nan,disc: low, 15 mL/s
0.483333,0.506145,0.00025,1.5e-05,0,-0.0226487,0,0.0391425,nan,nan,nan,nan,nan,nan,disc: low, 15 mL/s
0.491667,0.514872,0.00025,1.5e-05,0,-0.0220693,0,0.0387488,nan,nan,nan,nan,nan,nan,disc: low, 15 mL/s
0.5,0.523599,0.00025,1.5e-05,0,-0.0214859,0,0.0383551,nan,nan,nan,nan,nan,nan,disc: low, 15 mL/s
0.508333,0.532325,0.00025,1.5e-05,0,-0.0209003,0,0.0362128,nan,nan,nan,nan,nan,nan,disc: low, 15 mL/s
0.516667,0.541052,0.00025,1.5e-05,0,-0.0203114,0,0.0358282,nan,nan,nan,nan,nan,nan,disc: low, 15 mL/s
0.525,0.549779,0.00025,1.5e-05,0,-0.0197261,0,0.0354529,nan,nan,nan,nan,nan,nan,disc: low, 15 mL/s
0.533333,0.558505,0.00025,1.5e-05,0,-0.0191452,0,0.0333746,nan,nan,nan,nan,nan,nan,disc: low, 15 mL/s
0.541667,0.567232,0.00025,1.5e-05,0,-0.018541,0,0.0330084,nan,nan,nan,nan,nan,nan,disc: low, 15 mL/s
0.55,0.575959,0.00025,1.5e-05,0,-0.017968,0,0.0326331,nan,nan,nan,nan,nan,nan,disc: low, 15 mL/s
0.558333,0.584685,0.00025,1.5e-05,0,-0.0173541,0,0.0322668,nan,nan,nan,nan,nan,nan,disc: low, 15 mL/s
0.566667,0.593412,0.00025,1.5e-05,0,-0.0167762,0,0.0318915,nan,nan,nan,nan,nan,nan,disc: low, 15 mL/s
0.575,0.602139,0.00025,1.5e-05,0,-0.0161709,0,0.0315161,nan,nan,nan,nan,nan,nan,disc: low, 15 mL/s
0.583333,0.610865,0.00025,1.5e-05,0,-0.0155749,0,0.029566,nan,nan,nan,nan,nan,nan,disc: low, 15 mL/s
0.591667,0.619592,0.00025,1.5e-05,0,-0.0149828,0,0.0291998,nan,nan,nan,nan,nan,nan,disc: low, 15 mL/s
0.6,0.628319,0.00025,1.5e-05,0,-0.0143843,0,0.0288428,nan,nan,nan,nan,nan,nan,disc: low, 15 mL/s
0.608333,0.637045,0.00025,1.5e-05,0,-0.01379,0,0.0284766,nan,nan,nan,nan,nan,nan,disc: low, 15 mL/s
0.616667,0.645772,0.00025,1.5e-05,0,-0.0131775,0,0.026618,nan,nan,nan,nan,nan,nan,disc: low, 15 mL/s
0.625,0.654498,0.00025,1.5e-05,0,-0.0125623,0,0.0262793,nan,nan,nan,nan,nan,nan,disc: low, 15 mL/s
0.633333,0.663225,0.00025,1.5e-05,0,-0.0119675,0,0.0259314,nan,nan,nan,nan,nan,nan,disc: low, 15 mL/s
0.641667,0.671952,0.00025,1.5e-05,0,-0.0113734,0,0.0255835,nan,nan,nan,nan,nan,nan,disc: low, 15 mL/s
0.65,0.680678,0.00025,1.5e-05,0,-0.0107495,0,0.0252356,nan,nan,nan,nan,nan,nan,disc: low, 15 mL/s
0.658333,0.689405,0.00025,1.5e-05,0,-0.0101551,0,0.0248785,nan,nan,nan,nan,nan,nan,disc: low, 15 mL/s
0.666667,0.698132,0.00025,1.5e-05,0,-0.00955203,0,0.0246222,nan,nan,nan,nan,nan,nan,disc: low, 15 mL/s
0.675,0.706858,0.00025,1.5e-05,0,-0.00893459,0,0.0228278,nan,nan,nan,nan,nan,nan,disc: low, 15 mL/s
0.683333,0.715585,0.00025,1.5e-05,0,-0.00832968,0,0.022489,nan,nan,nan,nan,nan,nan,disc: low, 15 mL/s
0.691667,0.724312,0.00025,1.5e-05,0,-0.00772048,0,0.0221594,nan,nan,nan,nan,nan,nan,disc: low, 15 mL/s
0.7,0.733038,0.00025,1.5e-05,0,-0.00711878,0,0.0218207,nan,nan,nan,nan,nan,nan,disc: low, 15 mL/s
0.708333,0.741765,0.00025,1.5e-05,0,-0.0065066,0,0.021601,nan,nan,nan,nan,nan,nan,disc: low, 15 mL/s
0.716667,0.750492,0.00025,1.5e-05,0,-0.00590024,0,0.0213812,nan,nan,nan,nan,nan,nan,disc: low, 15 mL/s
0.725,0.759218,0.00025,1.5e-05,0,-0.00529114,0,0.0211707,nan,nan,nan,nan,nan,nan,disc: low, 15 mL/s
0.733333,0.767945,0.00025,1.5e-05,0,-0.00468118,0,0.0192664,nan,nan,nan,nan,nan,nan,disc: low, 15 mL/s
0.741667,0.776672,0.00025,1.5e-05,0,-0.00406723,0,0.0189459,nan,nan,nan,nan,nan,nan,disc: low, 15 mL/s
0.75,0.785398,0.00025,1.5e-05,0,-0.00345282,0,0.0186987,nan,nan,nan,nan,nan,nan,disc: low, 15 mL/s
0.758333,0.794125,0.00025,1.5e-05,0,-0.00283821,0,0.0184882,nan,nan,nan,nan,nan,nan,disc: low, 15 mL/s
0.766667,0.802851,0.00025,1.5e-05,0,-0.00222662,0,0.0182867,nan,nan,nan,nan,nan,nan,disc: low, 15 mL/s
0.775,0.811578,0.00025,1.5e-05,0,-0.00161701,0,0.0180762,nan,nan,nan,nan,nan,nan,disc: low, 15 mL/s
0.783333,0.820305,0.00025,1.5e-05,0,-0.00101126,0,0.0178656,nan,nan,nan,nan,nan,nan,disc: low, 15 mL/s
0.791667,0.829031,0.00025,1.5e-05,0,-0.000408088,0,0.017655,nan,nan,nan,nan,nan,nan,disc: low, 15 mL/s
0.8,0.837758,0.00025,1.5e-05,0,0.000197485,0,0.0174445,nan,nan,nan,nan,nan,nan,disc: low, 15 mL/s
0.808333,0.846485,0.00025,1.5e-05,0,0.000816058,1.35272e-05,0.0172339,nan,nan,nan,nan,nan,nan,disc: low, 15 mL/s
0.816667,0.855211,0.00025,1.5e-05,0,0.00141054,0.000537958,0.0170142,nan,nan,nan,nan,nan,nan,disc: low, 15 mL/s
0.825,0.863938,0.00025,1.5e-05,0,0.00203113,0.00107737,0.0168036,nan,nan,nan,nan,nan,nan,disc: low, 15 mL/s
0.833333,0.872665,0.000249999,1.5e-05,9.19983e-08,0.00263846,0.00158436,0.0165839,0.602044,0.0889113,0.000815086,0.000438721,0.00179137,0.0120568,disc: low, 15 mL/s
0.841667,0.874437,0.000249998,1.5e-05,1.61694e-07,0.00306702,0.0019373,0.015,0.618593,0.0444407,0.00136368,0.000576156,0.00154232,0.0145539,disc: low, 15 mL/s
0.85,0.876236,0.000249995,1.5e-05,3.6885e-07,0.00347464,0.00227059,0.015,0.58938,0.11873,0.00138577,0.000883819,0.00151194,0.0115731,disc: low, 15 mL/s
0.858333,0.878061,0.00024999,1.5e-05,6.25131e-07,0.00393593,0.00264716,0.015,0.59336,0.112449,0.00177587,0.00114802,0.00148315,0.0120247,disc: low, 15 mL/s
0.866667,0.87991,0.000249982,1.5e-05,9.34846e-07,0.00439153,0.00301856,0.015,0.597597,0.117733,0.00213609,0.00139793,0.0014563,0.0120244,disc: low, 15 mL/s
0.875,0.881784,0.000249971,1.5e-05,1.29862e-06,0.00482557,0.00337218,0.015,0.601901,0.121605,0.00247671,0.00164093,0.0014286,0.0120776,disc: low, 15 mL/s
0.883333,0.883679,0.000249957,1.5e-05,1.71382e-06,0.00522834,0.003699,0.015,0.606103,0.125487,0.00280179,0.00187762,0.00140015,0.0121252,disc: low, 15 mL/s
0.891667,0.885596,0.000249939,1.5e-05,2.17148e-06,0.00558094,0.0039847,0.015,0.609911,0.128882,0.00311189,0.00210599,0.00137046,0.012179,disc: low, 15 mL/s
0.9,0.887532,0.000249916,1.5e-05,2.6559e-06,0.00586565,0.00421516,0.015,0.613053,0.131564,0.00340544,0.00232233,0.00133916,0.0122409,disc: low, 15 mL/s
0.908333,0.889485,0.00024989,1.5e-05,3.15289e-06,0.00609236,0.00439806,0.015,0.615624,0.133657,0.00367981,0.00252436,0.00130572,0.0123084,disc: low, 15 mL/s
0.916667,0.891454,0.00024986,1.5e-05,3.64292e-06,0.00624594,0.00452145,0.015,0.617391,0.134938,0.0039343,0.00270915,0.00126981,0.0123842,disc: low, 15 mL/s
0.925,0.893437,0.000249826,1.5e-05,4.11019e-06,0.00633851,0.00459504,0.015,0.61848,0.135563,0.00416647,0.00287494,0.00123175,0.0124655,disc: low, 15 mL/s
0.933333,0.895432,0.000249788,1.5e-05,4.53387e-06,0.00635218,0.00460512,0.015,0.618632,0.135289,0.00437652,0.00301926,0.00119273,0.0125551,disc: low, 15 mL/s
0.941667,0.897438,0.000249747,1.5e-05,4.90053e-06,0.00630556,0.00456658,0.015,0.618063,0.134345,0.00456167,0.00314086,0.0011527,0.0126497,disc: low, 15 mL/s
0.95,0.899455,0.000249704,1.5e-05,5.19867e-06,0.00619934,0.00447997,0.015,0.616757,0.132705,0.00472233,0.00323914,0.00111208,0.01275,disc: low, 15 mL/s
0.958333,0.90148,0.000249658,1.5e-05,5.42292e-06,0.00604804,0.00435581,0.015,0.614877,0.130511,0.00485807,0.00331431,0.00107106,0.0128549,disc: low, 15 mL/s
0.966667,0.903513,0.000249612,1.5e-05,5.56999e-06,0.00585277,0.0041959,0.015,0.612425,0.127759,0.0049704,0.0033669,0.00102951,0.0129646,disc: low, 15 mL/s
0.975,0.905541,0.000249565,1.5e-05,5.64596e-06,0.00564277,0.00402377,0.015,0.60977,0.124807,0.00505729,0.00339848,0.000988355,0.0130747,disc: low, 15 mL/s
0.983333,0.907553,0.000249518,1.5e-05,5.65296e-06,0.00540287,0.00382726,0.015,0.606701,0.12142,0.00512446,0.00341069,0.000948896,0.0131891,disc: low, 15 mL/s
0.991667,0.909549,0.000249471,1.5e-05,5.62163e-06,0.00513958,0.00361166,0.015,0.603293,0.117668,0.00518504,0.00341247,0.000910876,0.0133072,disc: low, 15 mL/s
1,0.911529,0.000249425,1.5e-05,5.55988e-06,0.00488082,0.0033997,0.015,0.599913,0.113917,0.00523517,0.00340485,0.0008747,0.0134237,disc: low, 15 mL/s
1.00833,0.913495,0.000249379,1.5e-05,5.47354e-06,0.0046411,0.00320341,0.015,0.596757,0.110362,0.00527225,0.00338875,0.000840545,0.0135355,disc: low, 15 mL/s
1.01667,0.915447,0.000249334,1.5e-05,5.3657e-06,0.00440166,0.00300733,0.015,0.593574,0.106717,0.0053032,0.00336571,0.000809364,0.013648,disc: low, 15 mL/s
1.025,0.917386,0.000249291,1.5e-05,5.2443e-06,0.00421277,0.00285202,0.015,0.591059,0.103767,0.00531286,0.00333571,0.000779866,0.0137468,disc: low, 15 mL/s
1.03333,0.919313,0.000249248,1.5e-05,5.11393e-06,0.00405377,0.00272192,0.015,0.588934,0.101209,0.00530803,0.00330095,0.000753016,0.0138368,disc: low, 15 mL/s
1.04167,0.921229,0.000249207,1.5e-05,4.9812e-06,0.00395335,0.00263888,0.015,0.587611,0.0995144,0.00527945,0.00326217,0.000728203,0.0139095,disc: low, 15 mL/s
1.05,0.923134,0.000249166,1.5e-05,4.8515e-06,0.00390856,0.00260161,0.015,0.587058,0.0986611,0.00522884,0.00322128,0.00070517,0.0139647,disc: low, 15 mL/s
1.05833,0.92503,0.000249127,1.5e-05,4.72889e-06,0.00391016,0.0026024,0.015,0.58715,0.0985052,0.00516196,0.00318014,0.000684628,0.0140055,disc: low, 15 mL/s
1.06667,0.926918,0.000249088,1.5e-05,4.61908e-06,0.00397844,0.00265773,0.015,0.588176,0.0993687,0.00507492,0.00313996,0.000665955,0.0140261,disc: low, 15 mL/s
1.075,0.928797,0.00024905,1.5e-05,4.52739e-06,0.00410846,0.00276352,0.015,0.590066,0.10111,0.00497551,0.00310303,0.000648197,0.014031,disc: low, 15 mL/s
1.08333,0.930669,0.000249013,1.5e-05,4.46e-06,0.00430432,0.00292276,0.015,0.592872,0.103736,0.00486966,0.00307162,0.000633236,0.0140218,disc: low, 15 mL/s
1.09167,0.932534,0.000248976,1.5e-05,4.423e-06,0.00455787,0.00312899,0.015,0.59647,0.10705,0.00476747,0.00304844,0.000618807,0.0140038,disc: low, 15 mL/s
1.1,0.934393,0.00024894,1.5e-05,4.42267e-06,0.00486249,0.00337689,0.015,0.600755,0.110899,0.00467728,0.00303606,0.000606402,0.013981,disc: low, 15 mL/s
1.10833,0.936246,0.000248902,1.5e-05,4.50125e-06,0.00521233,0.00366143,0.015,0.605634,0.115144,0.00462417,0.00304903,0.000595636,0.0139569,disc: low, 15 mL/s
1.11667,0.938092,0.000248863,1.5e-05,4.67137e-06,0.00561462,0.00398831,0.015,0.611192,0.11983,0.0046111,0.00309025,0.000585995,0.0139318,disc: low, 15 mL/s
1.125,0.939931,0.000248822,1.5e-05,4.94281e-06,0.00605203,0.00434293,0.015,0.617179,0.12468,0.00464324,0.0031615,0.000576496,0.0139109,disc: low, 15 mL/s
1.13333,0.941762,0.000248778,1.5e-05,5.32036e-06,0.00650141,0.00470357,0.015,0.623286,0.129376,0.00472219,0.00326213,0.000562024,0.0138994,disc: low, 15 mL/s
1.14167,0.943585,0.000248729,1.5e-05,5.81194e-06,0.0069676,0.00507069,0.015,0.629582,0.133959,0.00484366,0.00339064,0.000536209,0.0138978,disc: low, 15 mL/s
1.15,0.945398,0.000248676,1.5e-05,6.42348e-06,0.00743974,0.00543267,0.015,0.635925,0.138291,0.00500509,0.00354503,0.000507157,0.0139081,disc: low, 15 mL/s
1.15833,0.947198,0.000248616,1.5e-05,7.15225e-06,0.00789329,0.00576925,0.015,0.641997,0.142151,0.00520262,0.00372146,0.00047545,0.013931,disc: low, 15 mL/s
1.16667,0.948983,0.000248549,1.5e-05,8.00197e-06,0.00834268,0.00609094,0.015,0.647992,0.145718,0.00542885,0.00391663,0.00043399,0.0139639,disc: low, 15 mL/s
1.175,0.95075,0.000248475,1.5e-05,8.95326e-06,0.00874107,0.00636752,0.015,0.653294,0.14865,0.00567908,0.00412487,0.00039527,0.0140042,disc: low, 15 mL/s
1.18333,0.952498,0.000248391,1.5e-05,1.00025e-05,0.00912279,0.0066245,0.015,0.658363,0.151288,0.00594356,0.00434201,0.000358016,0.0140494,disc: low, 15 mL/s
1.19167,0.954221,0.000248299,1.5e-05,1.11212e-05,0.00944583,0.00683766,0.015,0.662652,0.153368,0.00621768,0.0045627,0.000328413,0.0140955,disc: low, 15 mL/s
1.2,0.955917,0.000248196,1.5e-05,1.22822e-05,0.00971715,0.00701421,0.015,0.666262,0.154992,0.00649268,0.00478133,0.000302809,0.0141408,disc: low, 15 mL/s
1.20833,0.957581,0.000248084,1.5e-05,1.34591e-05,0.00993936,0.00715736,0.015,0.669235,0.156214,0.00676239,0.0049936,0.000279394,0.0141842,disc: low, 15 mL/s
1.21667,0.959212,0.000247962,1.5e-05,1.46231e-05,0.0101098,0.00726633,0.015,0.671544,0.157038,0.00702217,0.00519586,0.000257356,0.0142249,disc: low, 15 mL/s
1.225,0.960805,0.000247831,1.5e-05,1.57385e-05,0.0102176,0.00733483,0.015,0.673052,0.157408,0.00726799,0.00538431,0.000237271,0.0142618,disc: low, 15 mL/s
1.23333,0.962357,0.000247691,1.5e-05,1.67728e-05,0.0102651,0.00736467,0.015,0.673796,0.157352,0.00749539,0.00555556,0.000218443,0.0142951,disc: low, 15 mL/s
1.24167,0.963865,0.000247544,1.5e-05,1.77021e-05,0.010262,0.00736191,0.015,0.673897,0.156944,0.00770095,0.00570736,0.000200259,0.0143252,disc: low, 15 mL/s
1.25,0.965329,0.00024739,1.5e-05,1.85042e-05,0.0102073,0.00732603,0.015,0.673342,0.156183,0.00788312,0.00583825,0.000183913,0.014352,disc: low, 15 mL/s
1.25833,0.966745,0.00024723,1.5e-05,1.91655e-05,0.0101097,0.00726245,0.015,0.672235,0.155129,0.00804024,0.00594732,0.000169522,0.014376,disc: low, 15 mL/s
1.26667,0.968113,0.000247066,1.5e-05,1.9676e-05,0.00997109,0.00717238,0.015,0.670597,0.153797,0.00817209,0.00603431,0.000158462,0.0143974,disc: low, 15 mL/s
1.275,0.969433,0.000246899,1.5e-05,2.00349e-05,0.00980219,0.00706235,0.015,0.668559,0.152254,0.00827821,0.00609943,0.000150891,0.014417,disc: low, 15 mL/s
1.28333,0.970704,0.00024673,1.5e-05,2.02461e-05,0.00960898,0.00693591,0.015,0.666192,0.150538,0.0083594,0.00614355,0.000147686,0.0144352,disc: low, 15 mL/s
1.29167,0.971929,0.000246561,1.5e-05,2.03252e-05,0.00941016,0.00680464,0.015,0.663736,0.148776,0.00841582,0.00616811,0.00014694,0.014453,disc: low, 15 mL/s
1.3,0.973107,0.000246392,1.5e-05,2.03012e-05,0.00919679,0.00666276,0.015,0.661071,0.146903,0.00845526,0.00617815,0.000151561,0.0144701,disc: low, 15 mL/s
1.30833,0.97424,0.000246223,1.5e-05,2.022e-05,0.00899085,0.00652415,0.015,0.658484,0.145071,0.00848282,0.00617913,0.000157867,0.0144875,disc: low, 15 mL/s
1.31667,0.975331,0.000246056,1.5e-05,2.00896e-05,0.00879411,0.00639014,0.015,0.656,0.143296,0.0084994,0.00617203,0.000166095,0.0145051,disc: low, 15 mL/s
1.325,0.976381,0.00024589,1.5e-05,1.99168e-05,0.00860673,0.00626106,0.015,0.653621,0.141583,0.00850606,0.00615777,0.000176037,0.0145228,disc: low, 15 mL/s
1.33333,0.977392,0.000245726,1.5e-05,1.97114e-05,0.00844182,0.00614618,0.015,0.651525,0.140038,0.00850134,0.00613684,0.000184687,0.0145404,disc: low, 15 mL/s
1.34167,0.978366,0.000245563,1.5e-05,1.94847e-05,0.00831111,0.00605423,0.015,0.649871,0.138762,0.00848423,0.00611009,0.000190013,0.0145575,disc: low, 15 mL/s
1.35,0.979306,0.000245403,1.5e-05,1.92444e-05,0.00820461,0.00597899,0.015,0.648528,0.137686,0.00845816,0.00607934,0.000194342,0.0145736,disc: low, 15 mL/s
1.35833,0.980213,0.000245245,1.5e-05,1.90021e-05,0.00814163,0.00593432,0.015,0.64776,0.136971,0.00842051,0.00604505,0.000194275,0.0145884,disc: low, 15 mL/s
1.36667,0.981089,0.000245088,1.5e-05,1.87678e-05,0.00812039,0.0059193,0.015,0.647544,0.136606,0.00837373,0.00600896,0.000191012,0.0146016,disc: low, 15 mL/s
1.375,0.981936,0.000244934,1.5e-05,1.85497e-05,0.00813639,0.00593098,0.015,0.647822,0.136555,0.00832084,0.00597277,0.000185392,0.0146134,disc: low, 15 mL/s
1.38333,0.982756,0.000244781,1.5e-05,1.83554e-05,0.00818799,0.00596811,0.015,0.648571,0.136799,0.00826425,0.0059379,0.000177426,0.0146238,disc: low, 15 mL/s
1.39167,0.983551,0.000244629,1.5e-05,1.81936e-05,0.00828017,0.00603388,0.015,0.649859,0.137373,0.00820522,0.00590552,0.000165777,0.0146331,disc: low, 15 mL/s
1.4,0.984322,0.000244478,1.5e-05,1.80707e-05,0.00840443,0.00612186,0.015,0.651569,0.138195,0.00814792,0.00587739,0.000151684,0.0146419,disc: low, 15 mL/s
1.40833,0.985071,0.000244328,1.5e-05,1.79955e-05,0.00856883,0.00623694,0.015,0.653809,0.139316,0.00809319,0.00585452,0.000132787,0.0146506,disc: low, 15 mL/s
1.41667,0.985797,0.000244179,1.5e-05,1.79716e-05,0.00875115,0.00636325,0.015,0.656276,0.140553,0.00804736,0.00583896,0.000113764,0.0146597,disc: low, 15 mL/s
1.425,0.986503,0.000244028,1.5e-05,1.80295e-05,0.00895416,0.006502,0.015,0.659006,0.141914,0.00801698,0.00583554,9.36319e-05,0.0146695,disc: low, 15 mL/s
1.43333,0.987188,0.000243877,1.5e-05,1.8195e-05,0.00917608,0.00665156,0.015,0.661974,0.143381,0.00800803,0.00584835,7.30893e-05,0.0146804,disc: low, 15 mL/s
1.44167,0.987853,0.000243723,1.5e-05,1.84641e-05,0.0094021,0.00680208,0.015,0.664981,0.144845,0.00802203,0.00587736,5.46816e-05,0.0146919,disc: low, 15 mL/s
1.45,0.988498,0.000243566,1.5e-05,1.88431e-05,0.009648,0.00696362,0.015,0.668235,0.146411,0.00805651,0.00592209,3.51428e-05,0.0147048,disc: low, 15 mL/s
1.45833,0.989121,0.000243405,1.5e-05,1.93188e-05,0.00988086,0.00711546,0.015,0.6713,0.147864,0.00811371,0.00598195,2.00927e-05,0.0147171,disc: low, 15 mL/s
1.46667,0.989721,0.000243239,1.5e-05,1.9884e-05,0.0101087,0.00726294,0.015,0.674285,0.149257,0.00818943,0.00605468,6.68985e-06,0.0147294,disc: low, 15 mL/s
1.475,0.990297,0.000243068,1.5e-05,2.05298e-05,0.0103284,0.00740428,0.015,0.67715,0.150575,0.00828136,0.00613853,-5.27708e-06,0.0147413,disc: low, 15 mL/s
1.48333,0.990848,0.000242891,1.5e-05,2.1238e-05,0.0105255,0.00753076,0.015,0.67971,0.151735,0.00838741,0.00623118,-1.45136e-05,0.0147517,disc: low, 15 mL/s
1.49167,0.991371,0.000242708,1.5e-05,2.19932e-05,0.0107029,0.0076443,0.015,0.682008,0.152756,0.00850335,0.0063298,-2.27712e-05,0.0147609,disc: low, 15 mL/s
1.5,0.991864,0.000242518,1.5e-05,2.27622e-05,0.0108352,0.00772932,0.015,0.683721,0.153491,0.00862685,0.00643109,-2.7295e-05,0.0147672,disc: low, 15 mL/s
1.50833,0.992326,0.000242322,1.5e-05,2.35266e-05,0.0109403,0.00779675,0.015,0.685083,0.154047,0.00875147,0.00653142,-3.16858e-05,0.0147718,disc: low, 15 mL/s
1.51667,0.992755,0.00024212,1.5e-05,2.42665e-05,0.0110151,0.00784477,0.015,0.686058,0.154415,0.0088744,0.00662847,-3.57518e-05,0.0147746,disc: low, 15 mL/s
1.525,0.993148,0.000241912,1.5e-05,2.49632e-05,0.0110589,0.00787285,0.015,0.686639,0.154593,0.00899286,0.00672005,-3.94907e-05,0.0147754,disc: low, 15 mL/s
1.53333,0.993503,0.000241699,1.5e-05,2.55973e-05,0.0110689,0.00787936,0.015,0.686793,0.154566,0.00910446,0.00680416,-4.26444e-05,0.0147742,disc: low, 15 mL/s
1.54167,0.993818,0.000241481,1.5e-05,2.61502e-05,0.0110441,0.00786358,0.015,0.686504,0.154329,0.00920688,0.00687889,-4.48965e-05,0.014771,disc: low, 15 mL/s
1.55,0.994092,0.000241259,1.5e-05,2.66078e-05,0.0109873,0.00782734,0.015,0.685807,0.153899,0.00929782,0.00694263,-4.6097e-05,0.0147658,disc: low, 15 mL/s
1.55833,0.994324,0.000241034,1.5e-05,2.6961e-05,0.0109032,0.00777362,0.015,0.684761,0.153307,0.00937546,0.00699428,-4.63231e-05,0.014759,disc: low, 15 mL/s
1.56667,0.994513,0.000240808,1.5e-05,2.71983e-05,0.0107862,0.007699,0.015,0.683291,0.152517,0.00943937,0.00703306,-4.39916e-05,0.0147503,disc: low, 15 mL/s
1.575,0.994659,0.00024058,1.5e-05,2.73182e-05,0.0106473,0.00761037,0.015,0.681534,0.151594,0.00948757,0.00705821,-3.98713e-05,0.0147403,disc: low, 15 mL/s
1.58333,0.994762,0.000240352,1.5e-05,2.73174e-05,0.0104816,0.00750474,0.015,0.679423,0.150508,0.00952063,0.00706973,-3.2203e-05,0.0147288,disc: low, 15 mL/s
1.59167,0.994823,0.000240125,1.5e-05,2.72573e-05,0.0103128,0.0073967,0.015,0.677263,0.149401,0.00954469,0.00707389,-2.38719e-05,0.0147173,disc: low, 15 mL/s
1.6,0.994842,0.000239899,1.5e-05,2.71424e-05,0.0101425,0.00728738,0.015,0.675075,0.148287,0.00956008,0.0070711,-1.42901e-05,0.0147057,disc: low, 15 mL/s
1.60833,0.994822,0.000239674,1.5e-05,2.6971e-05,0.00995377,0.00716611,0.015,0.672632,0.147057,0.00956992,0.00706229,-8.66759e-08,0.0146931,disc: low, 15 mL/s
1.61667,0.994762,0.000239451,1.5e-05,2.67482e-05,0.00976505,0.00704428,0.015,0.670175,0.14582,0.00957126,0.00704671,1.58036e-05,0.0146807,disc: low, 15 mL/s
1.625,0.994664,0.000239231,1.5e-05,2.64795e-05,0.00957911,0.00692362,0.015,0.667741,0.144598,0.00956428,0.00702475,3.32666e-05,0.0146686,disc: low, 15 mL/s
1.63333,0.994531,0.000239013,1.5e-05,2.61708e-05,0.00939843,0.00680565,0.015,0.665363,0.143406,0.00954929,0.00699688,5.21176e-05,0.0146569,disc: low, 15 mL/s
1.64167,0.994363,0.000238797,1.5e-05,2.58327e-05,0.00924085,0.00670189,0.015,0.66328,0.142366,0.00952392,0.00696308,6.88139e-05,0.0146464,disc: low, 15 mL/s
1.65,0.994163,0.000238585,1.5e-05,2.5473e-05,0.00910082,0.00660904,0.015,0.661419,0.141447,0.00949042,0.00692471,8.45999e-05,0.0146365,disc: low, 15 mL/s
1.65833,0.993932,0.000238376,1.5e-05,2.5097e-05,0.00897235,0.00652343,0.015,0.659703,0.14061,0.00945089,0.00688285,0.0001003,0.0146268,disc: low, 15 mL/s
1.66667,0.993672,0.00023817,1.5e-05,2.47129e-05,0.00886762,0.00645324,0.015,0.658296,0.139943,0.00940368,0.00683766,0.000113305,0.0146176,disc: low, 15 mL/s
1.675,0.993385,0.000237967,1.5e-05,2.43256e-05,0.00877815,0.00639318,0.015,0.657086,0.139391,0.00935154,0.00679042,0.000125391,0.0146085,disc: low, 15 mL/s
1.68333,0.993073,0.000237768,1.5e-05,2.39431e-05,0.00871677,0.00635203,0.015,0.656245,0.139051,0.0092927,0.0067413,0.000133841,0.0145996,disc: low, 15 mL/s
1.69167,0.992737,0.000237571,1.5e-05,2.35717e-05,0.00868081,0.00632818,0.015,0.65574,0.138905,0.00922904,0.00669144,0.00013947,0.0145907,disc: low, 15 mL/s
1.7,0.99238,0.000237378,1.5e-05,2.32148e-05,0.0086597,0.00631469,0.015,0.655428,0.13888,0.00916379,0.00664212,0.000144098,0.0145815,disc: low, 15 mL/s
1.70833,0.992002,0.000237187,1.5e-05,2.28764e-05,0.00865706,0.006314,0.015,0.655359,0.139,0.00909699,0.00659373,0.000146696,0.0145721,disc: low, 15 mL/s
1.71667,0.991606,0.000236999,1.5e-05,2.25612e-05,0.00867737,0.00632907,0.015,0.655593,0.139298,0.00902873,0.00654673,0.000146448,0.0145627,disc: low, 15 mL/s
1.725,0.991192,0.000236814,1.5e-05,2.22729e-05,0.00871603,0.00635668,0.015,0.656069,0.139739,0.0089611,0.00650207,0.000144172,0.0145533,disc: low, 15 mL/s
1.73333,0.990762,0.00023663,1.5e-05,2.20114e-05,0.00875993,0.00638793,0.015,0.656609,0.140225,0.00889742,0.00646075,0.000141943,0.0145436,disc: low, 15 mL/s
1.74167,0.990317,0.000236449,1.5e-05,2.17805e-05,0.00882345,0.00643228,0.015,0.657408,0.140857,0.00883534,0.00642241,0.000136677,0.0145341,disc: low, 15 mL/s
1.75,0.989858,0.000236269,1.5e-05,2.15801e-05,0.00889154,0.00647951,0.015,0.658264,0.141526,0.00877852,0.00638816,0.000131185,0.0145247,disc: low, 15 mL/s
1.75833,0.989385,0.00023609,1.5e-05,2.14089e-05,0.00896065,0.00652718,0.015,0.659128,0.142203,0.00872762,0.0063581,0.000125552,0.0145152,disc: low, 15 mL/s
1.76667,0.988901,0.000235913,1.5e-05,2.12664e-05,0.00903278,0.00657654,0.015,0.660031,0.142902,0.00868217,0.00633209,0.000119025,0.0145059,disc: low, 15 mL/s
1.775,0.988404,0.000235737,1.5e-05,2.11489e-05,0.00909575,0.00661954,0.015,0.660808,0.143535,0.00864404,0.00631038,0.000113662,0.0144964,disc: low, 15 mL/s
1.78333,0.987895,0.000235562,1.5e-05,2.10511e-05,0.00914486,0.00665319,0.015,0.6614,0.14407,0.00861311,0.00629255,0.000109526,0.0144864,disc: low, 15 mL/s
1.79167,0.987376,0.000235387,1.5e-05,2.09704e-05,0.00918812,0.00668266,0.015,0.661913,0.144563,0.0085871,0.00627768,0.000105182,0.0144764,disc: low, 15 mL/s
1.8,0.986846,0.000235213,1.5e-05,2.0902e-05,0.00921693,0.00670243,0.015,0.662236,0.144955,0.00856675,0.00626558,0.00010195,0.014466,disc: low, 15 mL/s
1.80833,0.986305,0.000235039,1.5e-05,2.08422e-05,0.00923507,0.00671492,0.015,0.662419,0.14527,0.00855051,0.00625548,9.88701e-05,0.0144554,disc: low, 15 mL/s
1.81667,0.985754,0.000234866,1.5e-05,2.07865e-05,0.00923887,0.00671776,0.015,0.662414,0.145485,0.00853817,0.00624692,9.66386e-05,0.0144445,disc: low, 15 mL/s
1.825,0.985193,0.000234693,1.5e-05,2.07302e-05,0.00922694,0.00671005,0.015,0.662203,0.145587,0.00852905,0.00623931,9.54041e-05,0.0144332,disc: low, 15 mL/s
1.83333,0.984623,0.000234521,1.5e-05,2.06673e-05,0.00919356,0.00668805,0.015,0.661712,0.145537,0.0085231,0.00623209,9.60925e-05,0.0144214,disc: low, 15 mL/s
1.84167,0.984042,0.000234349,1.5e-05,2.05915e-05,0.00913655,0.0066503,0.015,0.660911,0.145316,0.00851951,0.00622446,9.91417e-05,0.0144091,disc: low, 15 mL/s
1.85,0.983452,0.000234178,1.5e-05,2.04995e-05,0.00906393,0.00660182,0.015,0.659906,0.144977,0.00851601,0.00621538,0.000103352,0.0143967,disc: low, 15 mL/s
1.85833,0.982853,0.000234008,1.5e-05,2.03871e-05,0.00897194,0.00654005,0.015,0.658647,0.144491,0.00851261,0.00620444,0.000109707,0.0143842,disc: low, 15 mL/s
1.86667,0.982246,0.00023384,1.5e-05,2.02522e-05,0.00886609,0.00646839,0.015,0.657206,0.143893,0.0085078,0.00619094,0.000117281,0.0143719,disc: low, 15 mL/s
1.875,0.98163,0.000233672,1.5e-05,2.0092e-05,0.0087424,0.00638398,0.015,0.655528,0.143149,0.00850196,0.00617467,0.000127051,0.0143599,disc: low, 15 mL/s
1.88333,0.981006,0.000233506,1.5e-05,1.99079e-05,0.00861536,0.0062963,0.015,0.653806,0.142362,0.00849223,0.0061548,0.000136525,0.0143487,disc: low, 15 mL/s
1.89167,0.980376,0.000233342,1.5e-05,1.96984e-05,0.00847416,0.00619794,0.015,0.651895,0.14145,0.00848075,0.00613179,0.000147654,0.0143381,disc: low, 15 mL/s
1.9,0.97974,0.00023318,1.5e-05,1.94668e-05,0.00833593,0.00610055,0.015,0.650022,0.14054,0.00846419,0.00610489,0.000157221,0.0143283,disc: low, 15 mL/s
1.90833,0.979098,0.00023302,1.5e-05,1.92087e-05,0.00817115,0.00598358,0.015,0.647792,0.139396,0.00844868,0.00607536,0.000169756,0.0143194,disc: low, 15 mL/s
1.91667,0.978452,0.000232862,1.5e-05,1.89277e-05,0.00801004,0.0058677,0.015,0.645608,0.138251,0.00842777,0.0060416,0.000179847,0.0143117,disc: low, 15 mL/s
1.925,0.977802,0.000232707,1.5e-05,1.86288e-05,0.0078599,0.00575824,0.015,0.643568,0.13717,0.00840041,0.00600381,0.000187572,0.0143049,disc: low, 15 mL/s
1.93333,0.97715,0.000232554,1.5e-05,1.83125e-05,0.00770349,0.00564284,0.015,0.641442,0.136006,0.00837105,0.00596315,0.000195132,0.0142994,disc: low, 15 mL/s
1.94167,0.976496,0.000232404,1.5e-05,1.79834e-05,0.00755945,0.00553518,0.015,0.639479,0.134921,0.00833554,0.00591901,0.00020051,0.0142944,disc: low, 15 mL/s
1.95,0.975843,0.000232257,1.5e-05,1.76425e-05,0.0074125,0.00542433,0.015,0.637474,0.133783,0.008298,0.00587251,0.0002062,0.0142905,disc: low, 15 mL/s
1.95833,0.97519,0.000232113,1.5e-05,1.72947e-05,0.0072841,0.00532665,0.015,0.635716,0.132793,0.00825323,0.00582295,0.000210227,0.0142862,disc: low, 15 mL/s
1.96667,0.974539,0.000231972,1.5e-05,1.69438e-05,0.00716881,0.0052383,0.015,0.634131,0.131904,0.00820328,0.00577127,0.00021359,0.0142818,disc: low, 15 mL/s
1.975,0.973892,0.000231834,1.5e-05,1.65924e-05,0.00706554,0.00515872,0.015,0.632706,0.131111,0.00814891,0.005718,0.000216256,0.0142769,disc: low, 15 mL/s
1.98333,0.973249,0.000231698,1.5e-05,1.62449e-05,0.00698291,0.00509474,0.015,0.631559,0.130504,0.00808833,0.00566327,0.000217271,0.0142709,disc: low, 15 mL/s
1.99167,0.972611,0.000231566,1.5e-05,1.59018e-05,0.00690301,0.00503266,0.015,0.630446,0.129909,0.00802701,0.0056084,0.000218624,0.0142651,disc: low, 15 mL/s
2,0.97198,0.000231436,1.5e-05,1.55665e-05,0.00684324,0.00498615,0.015,0.629603,0.129506,0.0079604,0.00555288,0.00021839,0.0142576,disc: low, 15 mL/s
2.00833,0.971357,0.000231309,1.5e-05,1.52407e-05,0.00679392,0.00494783,0.015,0.628901,0.129197,0.00789185,0.00549766,0.000217802,0.0142494,disc: low, 15 mL/s
2.01667,0.970742,0.000231185,1.5e-05,1.49261e-05,0.00675772,0.0049197,0.015,0.628375,0.129013,0.00782112,0.00544297,0.000216459,0.0142402,disc: low, 15 mL/s
2.025,0.970137,0.000231063,1.5e-05,1.46242e-05,0.00673285,0.00490048,0.015,0.628001,0.128937,0.0077492,0.00538925,0.000214695,0.0142301,disc: low, 15 mL/s
2.03333,0.969542,0.000230943,1.5e-05,1.43368e-05,0.00672221,0.00489248,0.015,0.627819,0.129001,0.00767581,0.00533671,0.000212193,0.0142188,disc: low, 15 mL/s
2.04167,0.968958,0.000230826,1.5e-05,1.40643e-05,0.00671888,0.00489028,0.015,0.627736,0.129134,0.00760336,0.00528598,0.000209396,0.014207,disc: low, 15 mL/s
2.05,0.968386,0.000230711,1.5e-05,1.38088e-05,0.00673215,0.00490114,0.015,0.627875,0.129433,0.00752981,0.00523694,0.000205578,0.0141937,disc: low, 15 mL/s
2.05833,0.967827,0.000230598,1.5e-05,1.35698e-05,0.00674822,0.00491421,0.015,0.628052,0.129753,0.00745941,0.00519047,0.000201686,0.0141805,disc: low, 15 mL/s
2.06667,0.967281,0.000230487,1.5e-05,1.3349e-05,0.0067779,0.00493791,0.015,0.628412,0.130209,0.00738956,0.00514627,0.000196886,0.0141662,disc: low, 15 mL/s
2.075,0.966748,0.000230377,1.5e-05,1.3145e-05,0.00680621,0.00496048,0.015,0.628753,0.130642,0.00732452,0.00510512,0.000192165,0.0141524,disc: low, 15 mL/s
2.08333,0.96623,0.000230269,1.5e-05,1.29558e-05,0.0068282,0.00497804,0.015,0.629009,0.131008,0.0072652,0.00506697,0.000187597,0.0141394,disc: low, 15 mL/s
2.09167,0.965726,0.000230163,1.5e-05,1.27811e-05,0.00685268,0.00499747,0.015,0.629299,0.131396,0.00720904,0.00503128,0.000182569,0.0141264,disc: low, 15 mL/s
2.1,0.965236,0.000230058,1.5e-05,1.26194e-05,0.00687293,0.00501352,0.015,0.629532,0.131736,0.00715756,0.00499819,0.000177609,0.014114,disc: low, 15 mL/s
2.10833,0.964762,0.000229954,1.5e-05,1.24687e-05,0.00688582,0.00502375,0.015,0.629667,0.131998,0.00711106,0.00496754,0.000172873,0.0141024,disc: low, 15 mL/s
2.11667,0.964303,0.000229851,1.5e-05,1.23277e-05,0.00689507,0.00503107,0.015,0.629755,0.13222,0.00706817,0.00493887,0.000168079,0.0140914,disc: low, 15 mL/s
2.125,0.96386,0.000229749,1.5e-05,1.21931e-05,0.00688835,0.00502586,0.015,0.62963,0.132276,0.00703128,0.00491224,0.000164159,0.0140819,disc: low, 15 mL/s
2.13333,0.963432,0.000229649,1.5e-05,1.20635e-05,0.00687679,0.00501678,0.015,0.629443,0.132281,0.006997,0.00488677,0.000160197,0.0140729,disc: low, 15 mL/s
2.14167,0.96302,0.000229549,1.5e-05,1.19374e-05,0.00685692,0.00500112,0.015,0.629145,0.132197,0.00696576,0.00486232,0.000156565,0.0140649,disc: low, 15 mL/s
2.15,0.962624,0.000229451,1.5e-05,1.18136e-05,0.00683159,0.00498112,0.015,0.628778,0.132053,0.00693648,0.0048385,0.000153024,0.0140574,disc: low, 15 mL/s
2.15833,0.962245,0.000229354,1.5e-05,1.16892e-05,0.00679081,0.0049489,0.015,0.628205,0.131743,0.00691108,0.00481531,0.000150221,0.0140516,disc: low, 15 mL/s
2.16667,0.961881,0.000229257,1.5e-05,1.15628e-05,0.00674052,0.00490906,0.015,0.627507,0.131331,0.0068875,0.00479206,0.000147797,0.0140468,disc: low, 15 mL/s
2.175,0.961534,0.000229162,1.5e-05,1.14325e-05,0.00667896,0.0048602,0.015,0.62666,0.130794,0.00686575,0.00476849,0.000145917,0.0140433,disc: low, 15 mL/s
2.18333,0.961203,0.000229068,1.5e-05,1.12985e-05,0.00661555,0.0048097,0.015,0.625789,0.13023,0.00684323,0.00474404,0.000143604,0.01404,disc: low, 15 mL/s
2.19167,0.960889,0.000228975,1.5e-05,1.11598e-05,0.0065448,0.00475332,0.015,0.624822,0.129578,0.00682119,0.00471883,0.000141544,0.0140378,disc: low, 15 mL/s
2.2,0.960592,0.000228883,1.5e-05,1.10166e-05,0.00647206,0.00469512,0.015,0.623829,0.128895,0.00679819,0.00469254,0.000139249,0.014036,disc: low, 15 mL/s
2.20833,0.960313,0.000228792,1.5e-05,1.0868e-05,0.00639077,0.00462985,0.015,0.622722,0.128105,0.00677583,0.00466532,0.00013754,0.0140355,disc: low, 15 mL/s
2.21667,0.96005,0.000228703,1.5e-05,1.07137e-05,0.00630576,0.00456145,0.015,0.621565,0.127263,0.00675265,0.00463685,0.000135481,0.0140355,disc: low, 15 mL/s
2.225,0.959806,0.000228615,1.5e-05,1.05547e-05,0.00622276,0.00449458,0.015,0.620436,0.126432,0.00672716,0.00460694,0.000133186,0.0140355,disc: low, 15 mL/s
2.23333,0.959579,0.000228529,1.5e-05,1.03917e-05,0.00614108,0.00442872,0.015,0.619324,0.125602,0.00669969,0.00457577,0.000130963,0.0140356,disc: low, 15 mL/s
2.24167,0.959371,0.000228443,1.5e-05,1.02244e-05,0.00605453,0.00435874,0.015,0.618146,0.124701,0.00667203,0.00454356,0.000129333,0.0140366,disc: low, 15 mL/s
2.25,0.959182,0.00022836,1.5e-05,1.0054e-05,0.00597382,0.00429344,0.015,0.617047,0.123856,0.00664122,0.00451,0.000127515,0.0140369,disc: low, 15 mL/s
2.25833,0.959011,0.000228277,1.5e-05,9.88059e-06,0.00589104,0.00422667,0.015,0.615918,0.122974,0.00660955,0.00447549,0.000126099,0.0140375,disc: low, 15 mL/s
2.26667,0.95886,0.000228196,1.5e-05,9.7047e-06,0.0058093,0.00416081,0.015,0.614802,0.122094,0.00657623,0.00443996,0.000124877,0.0140381,disc: low, 15 mL/s
2.275,0.958728,0.000228117,1.5e-05,9.52854e-06,0.00574065,0.00410528,0.015,0.613864,0.121352,0.00653819,0.00440322,0.000123475,0.014037,disc: low, 15 mL/s
2.28333,0.958617,0.000228039,1.5e-05,9.35439e-06,0.00568725,0.00406208,0.015,0.613133,0.120774,0.00649532,0.00436568,0.00012219,0.014034,disc: low, 15 mL/s
2.29167,0.958525,0.000227963,1.5e-05,9.18372e-06,0.00564468,0.00402776,0.015,0.612551,0.120313,0.00644947,0.00432796,0.000120864,0.0140295,disc: low, 15 mL/s
2.3,0.958455,0.000227887,1.5e-05,9.01781e-06,0.00561226,0.00400171,0.015,0.612107,0.119962,0.00640132,0.00429042,0.00011951,0.0140236,disc: low, 15 mL/s
2.30833,0.958405,0.000227814,1.5e-05,8.85802e-06,0.00559161,0.0039852,0.015,0.611824,0.119741,0.00635091,0.00425333,0.00011805,0.0140161,disc: low, 15 mL/s
2.31667,0.958377,0.000227741,1.5e-05,8.70583e-06,0.005584,0.00397923,0.015,0.611721,0.119666,0.00629848,0.00421703,0.000116431,0.0140068,disc: low, 15 mL/s
2.325,0.95837,0.00022767,1.5e-05,8.56286e-06,0.00559113,0.00398517,0.015,0.611819,0.119758,0.00624422,0.00418187,0.000114578,0.0139956,disc: low, 15 mL/s
2.33333,0.958386,0.000227599,1.5e-05,8.42901e-06,0.00560138,0.00399366,0.015,0.61196,0.119874,0.00619193,0.00414852,0.000112791,0.0139843,disc: low, 15 mL/s
2.34167,0.958423,0.00022753,1.5e-05,8.30644e-06,0.00563062,0.00401747,0.015,0.612362,0.120212,0.00613762,0.00411674,0.000110538,0.0139703,disc: low, 15 mL/s
2.35,0.958482,0.000227462,1.5e-05,8.19549e-06,0.0056666,0.00404675,0.015,0.612855,0.120615,0.00608543,0.00408731,0.000108192,0.0139559,disc: low, 15 mL/s
2.35833,0.958563,0.000227394,1.5e-05,8.0952e-06,0.00570013,0.00407412,0.015,0.613315,0.120981,0.0060379,0.00406053,0.000105931,0.0139422,disc: low, 15 mL/s
2.36667,0.958667,0.000227328,1.5e-05,8.0065e-06,0.00574422,0.00411007,0.015,0.613919,0.121468,0.00599156,0.00403601,0.00010332,0.0139271,disc: low, 15 mL/s
2.375,0.958793,0.000227262,1.5e-05,7.92878e-06,0.00578801,0.00414572,0.015,0.614518,0.121938,0.00594954,0.00401419,0.000100923,0.0139127,disc: low, 15 mL/s
2.38333,0.958941,0.000227196,1.5e-05,7.86389e-06,0.00584816,0.00419446,0.015,0.615341,0.122591,0.00590786,0.00399475,9.80479e-05,0.0138963,disc: low, 15 mL/s
2.39167,0.959112,0.000227131,1.5e-05,7.8116e-06,0.00591075,0.00424504,0.015,0.616196,0.123253,0.00587057,0.00397838,9.48869e-05,0.0138805,disc: low, 15 mL/s
2.4,0.959304,0.000227066,1.5e-05,7.77008e-06,0.005965,0.00428892,0.015,0.616938,0.123811,0.00583991,0.00396515,9.18195e-05,0.0138663,disc: low, 15 mL/s
2.40833,0.959519,0.000227002,1.5e-05,7.73941e-06,0.00602311,0.00433594,0.015,0.617733,0.124409,0.00581251,0.0039545,8.84807e-05,0.0138518,disc: low, 15 mL/s
2.41667,0.959755,0.000226937,1.5e-05,7.71886e-06,0.00607971,0.00438179,0.015,0.618507,0.124979,0.00578954,0.00394652,8.50731e-05,0.0138379,disc: low, 15 mL/s
2.425,0.960013,0.000226873,1.5e-05,7.7077e-06,0.00613447,0.00442604,0.015,0.619257,0.125519,0.00577084,0.00394104,8.15529e-05,0.0138248,disc: low, 15 mL/s
2.43333,0.960293,0.000226809,1.5e-05,7.7051e-06,0.0061865,0.00446791,0.015,0.619971,0.126018,0.0057563,0.00393788,7.80095e-05,0.0138126,disc: low, 15 mL/s
2.44167,0.960593,0.000226745,1.5e-05,7.71544e-06,0.00623883,0.00450995,0.015,0.620691,0.126514,0.00574669,0.00393802,7.43537e-05,0.0138006,disc: low, 15 mL/s
2.45,0.960915,0.00022668,1.5e-05,7.73788e-06,0.00628471,0.00454679,0.015,0.621325,0.126929,0.00574335,0.00394155,7.07812e-05,0.0137899,disc: low, 15 mL/s
2.45833,0.961257,0.000226615,1.5e-05,7.76724e-06,0.00631663,0.00457235,0.015,0.621772,0.127184,0.00574617,0.0039475,6.7387e-05,0.0137812,disc: low, 15 mL/s
2.46667,0.961619,0.00022655,1.5e-05,7.80068e-06,0.006341,0.00459181,0.015,0.622118,0.127354,0.00575242,0.00395483,6.41246e-05,0.0137734,disc: low, 15 mL/s
2.475,0.962001,0.000226485,1.5e-05,7.83543e-06,0.00635716,0.00460468,0.015,0.622356,0.127431,0.00576119,0.00396285,6.10983e-05,0.0137668,disc: low, 15 mL/s
2.48333,0.962402,0.00022642,1.5e-05,7.86955e-06,0.00636706,0.00461251,0.015,0.622512,0.127437,0.00577126,0.00397099,5.82736e-05,0.013761,disc: low, 15 mL/s
2.49167,0.962822,0.000226354,1.5e-05,7.90114e-06,0.00637028,0.00461496,0.015,0.622579,0.127365,0.00578207,0.00397879,5.57096e-05,0.013756,disc: low, 15 mL/s
2.5,0.963261,0.000226288,1.5e-05,7.92595e-06,0.0063583,0.00460526,0.015,0.622443,0.127125,0.00579419,0.0039856,5.37499e-05,0.0137528,disc: low, 15 mL/s
2.50833,0.963719,0.000226221,1.5e-05,7.94536e-06,0.00634854,0.00459731,0.015,0.622339,0.12691,0.00580378,0.00399094,5.17197e-05,0.0137493,disc: low, 15 mL/s
2.51667,0.964195,0.000226155,1.5e-05,7.95987e-06,0.00633857,0.0045892,0.015,0.622234,0.126686,0.00581165,0.00399504,4.98257e-05,0.0137459,disc: low, 15 mL/s
2.525,0.964689,0.000226089,1.5e-05,7.96878e-06,0.0063245,0.00457781,0.015,0.622074,0.126413,0.00581851,0.00399794,4.82101e-05,0.013743,disc: low, 15 mL/s
2.53333,0.9652,0.000226022,1.5e-05,7.97164e-06,0.00630693,0.00456363,0.015,0.621869,0.126099,0.00582407,0.00399949,4.68457e-05,0.0137404,disc: low, 15 mL/s
2.54167,0.96573,0.000225956,1.5e-05,7.96985e-06,0.00628696,0.00454754,0.015,0.621632,0.125754,0.00582856,0.00399999,4.56997e-05,0.0137382,disc: low, 15 mL/s
2.55,0.966276,0.00022589,1.5e-05,7.96638e-06,0.00627575,0.00453849,0.015,0.621516,0.125503,0.00583019,0.00399963,4.4418e-05,0.0137348,disc: low, 15 mL/s
2.55833,0.96684,0.000225823,1.5e-05,7.96032e-06,0.00625834,0.00452448,0.015,0.621316,0.125175,0.00583248,0.00399894,4.35226e-05,0.0137324,disc: low, 15 mL/s
2.56667,0.967421,0.000225757,1.5e-05,7.95295e-06,0.00624797,0.00451614,0.015,0.621212,0.124923,0.00583247,0.00399756,4.25833e-05,0.0137289,disc: low, 15 mL/s
2.575,0.96802,0.000225691,1.5e-05,7.9453e-06,0.0062438,0.00451281,0.015,0.621193,0.124732,0.00583074,0.00399582,4.16891e-05,0.0137248,disc: low, 15 mL/s
2.58333,0.968635,0.000225625,1.5e-05,7.93844e-06,0.00624629,0.00451486,0.015,0.621265,0.124607,0.00582756,0.00399394,4.08102e-05,0.01372,disc: low, 15 mL/s
2.59167,0.969267,0.000225558,1.5e-05,7.93287e-06,0.00625232,0.0045198,0.015,0.621386,0.124515,0.00582392,0.00399222,4.003e-05,0.0137148,disc: low, 15 mL/s
2.6,0.969916,0.000225492,1.5e-05,7.92947e-06,0.0062645,0.00452971,0.015,0.621591,0.124484,0.00581949,0.00399076,3.92484e-05,0.013709,disc: low, 15 mL/s
2.60833,0.970581,0.000225426,1.5e-05,7.92931e-06,0.00628407,0.00454558,0.015,0.621897,0.124527,0.00581434,0.00398975,3.84007e-05,0.0137023,disc: low, 15 mL/s
2.61667,0.971263,0.00022536,1.5e-05,7.93593e-06,0.00630827,0.00456517,0.015,0.622266,0.124612,0.00581052,0.00399022,3.74988e-05,0.0136954,disc: low, 15 mL/s
2.625,0.971962,0.000225294,1.5e-05,7.95214e-06,0.00634376,0.00459382,0.015,0.622789,0.124811,0.00580736,0.00399256,3.62839e-05,0.0136873,disc: low, 15 mL/s
2.63333,0.972676,0.000225227,1.5e-05,7.97861e-06,0.00638462,0.0046268,0.015,0.623385,0.125058,0.00580663,0.00399721,3.49542e-05,0.0136788,disc: low, 15 mL/s
2.64167,0.973407,0.000225161,1.5e-05,8.02081e-06,0.00644683,0.00467685,0.015,0.624272,0.125523,0.00580632,0.00400474,3.26955e-05,0.0136682,disc: low, 15 mL/s
2.65,0.974153,0.000225093,1.5e-05,8.07503e-06,0.00650141,0.00472071,0.015,0.625054,0.125889,0.00581233,0.00401561,3.06749e-05,0.0136591,disc: low, 15 mL/s
2.65833,0.974914,0.000225025,1.5e-05,8.14213e-06,0.00656214,0.00476934,0.015,0.62592,0.126313,0.0058215,0.00402931,2.84637e-05,0.0136496,disc: low, 15 mL/s
2.66667,0.975691,0.000224957,1.5e-05,8.22389e-06,0.00663205,0.00482506,0.015,0.626911,0.126819,0.00583369,0.0040461,2.54988e-05,0.0136396,disc: low, 15 mL/s
2.675,0.976482,0.000224888,1.5e-05,8.32466e-06,0.00671937,0.00489444,0.015,0.628138,0.127488,0.00584841,0.00406657,2.1331e-05,0.0136284,disc: low, 15 mL/s
2.68333,0.977288,0.000224817,1.5e-05,8.44227e-06,0.00680447,0.00496184,0.015,0.629333,0.128114,0.00586948,0.00409106,1.6748e-05,0.0136182,disc: low, 15 mL/s
2.69167,0.978107,0.000224746,1.5e-05,8.57304e-06,0.00688217,0.00502313,0.015,0.630429,0.128652,0.00589663,0.00411884,1.25735e-05,0.0136092,disc: low, 15 mL/s
2.7,0.978939,0.000224673,1.5e-05,8.71874e-06,0.00696799,0.0050905,0.015,0.631634,0.12926,0.00592676,0.00414949,7.28364e-06,0.0135999,disc: low, 15 mL/s
2.70833,0.979784,0.000224599,1.5e-05,8.8772e-06,0.00705044,0.00515496,0.015,0.632793,0.129817,0.00596159,0.00418298,2.02516e-06,0.0135915,disc: low, 15 mL/s
2.71667,0.98064,0.000224524,1.5e-05,9.051e-06,0.00714265,0.0052266,0.015,0.634085,0.130455,0.00599893,0.00421919,-4.25055e-06,0.0135828,disc: low, 15 mL/s
2.725,0.981508,0.000224447,1.5e-05,9.23612e-06,0.00722615,0.0052911,0.015,0.635259,0.130991,0.00604142,0.00425798,-1.00305e-05,0.0135755,disc: low, 15 mL/s
2.73333,0.982386,0.000224368,1.5e-05,9.43123e-06,0.00730774,0.00535383,0.015,0.636408,0.131498,0.00608693,0.00429865,-1.58305e-05,0.0135686,disc: low, 15 mL/s
2.74167,0.983274,0.000224288,1.5e-05,9.6351e-06,0.00738737,0.00541467,0.015,0.637532,0.131974,0.00613501,0.00434087,-2.17292e-05,0.0135623,disc: low, 15 mL/s
2.75,0.98417,0.000224206,1.5e-05,9.84159e-06,0.00745154,0.00546358,0.015,0.638448,0.132298,0.00618648,0.0043839,-2.62724e-05,0.0135572,disc: low, 15 mL/s
2.75833,0.985075,0.000224122,1.5e-05,1.00559e-05,0.0075292,0.00552235,0.015,0.639547,0.132736,0.00623676,0.00442741,-3.24603e-05,0.0135516,disc: low, 15 mL/s
2.76667,0.985987,0.000224036,1.5e-05,1.02703e-05,0.00758777,0.00556655,0.015,0.640389,0.132991,0.00629036,0.00447137,-3.66519e-05,0.0135473,disc: low, 15 mL/s
2.775,0.986905,0.000223949,1.5e-05,1.04839e-05,0.00764291,0.00560798,0.015,0.641187,0.133211,0.00634366,0.00451477,-4.09721e-05,0.0135433,disc: low, 15 mL/s
2.78333,0.98783,0.00022386,1.5e-05,1.06976e-05,0.00769958,0.00565037,0.015,0.642007,0.133438,0.00639593,0.0045576,-4.54794e-05,0.0135394,disc: low, 15 mL/s
2.79167,0.988759,0.000223769,1.5e-05,1.09106e-05,0.00775352,0.00569046,0.015,0.642792,0.133632,0.00644788,0.00459991,-4.97674e-05,0.0135358,disc: low, 15 mL/s
2.8,0.989693,0.000223676,1.5e-05,1.11215e-05,0.00780307,0.00572714,0.015,0.643519,0.133782,0.00649945,0.00464153,-5.37329e-05,0.0135325,disc: low, 15 mL/s
2.80833,0.99063,0.000223582,1.5e-05,1.13257e-05,0.00784015,0.00575454,0.015,0.64408,0.133822,0.00655105,0.00468198,-5.65162e-05,0.0135297,disc: low, 15 mL/s
2.81667,0.99157,0.000223486,1.5e-05,1.15238e-05,0.00787618,0.00578108,0.015,0.644627,0.13385,0.00660047,0.00472079,-5.92438e-05,0.0135268,disc: low, 15 mL/s
2.825,0.992513,0.000223388,1.5e-05,1.1717e-05,0.00791407,0.00580881,0.015,0.645202,0.133889,0.00664764,0.00475816,-6.21195e-05,0.013524,disc: low, 15 mL/s
2.83333,0.993457,0.000223289,1.5e-05,1.18983e-05,0.00793255,0.00582243,0.015,0.645515,0.133764,0.00669493,0.00479379,-6.26725e-05,0.0135217,disc: low, 15 mL/s
2.84167,0.994402,0.000223188,1.5e-05,1.20708e-05,0.00795617,0.00583977,0.015,0.645898,0.133682,0.00673829,0.00482711,-6.39116e-05,0.0135191,disc: low, 15 mL/s
2.85,0.995347,0.000223087,1.5e-05,1.22322e-05,0.00797166,0.0058512,0.015,0.646172,0.13353,0.00677987,0.0048584,-6.39896e-05,0.0135166,disc: low, 15 mL/s
2.85833,0.996293,0.000222983,1.5e-05,1.2384e-05,0.00798807,0.00586331,0.015,0.646459,0.133385,0.00681828,0.00488751,-6.41297e-05,0.013514,disc: low, 15 mL/s
2.86667,0.997239,0.000222879,1.5e-05,1.25273e-05,0.00800495,0.00587578,0.015,0.646753,0.133244,0.00685397,0.00491475,-6.41223e-05,0.0135113,disc: low, 15 mL/s
2.875,0.998184,0.000222773,1.5e-05,1.26641e-05,0.00802437,0.00589011,0.015,0.647081,0.133121,0.00688709,0.00494039,-6.42382e-05,0.0135084,disc: low, 15 mL/s
2.88333,0.999127,0.000222667,1.5e-05,1.27985e-05,0.00805246,0.00591067,0.015,0.647526,0.133067,0.00691753,0.00496496,-6.51757e-05,0.0135054,disc: low, 15 mL/s
2.89167,1.00007,0.000222559,1.5e-05,1.29323e-05,0.00808369,0.00593345,0.015,0.648013,0.133035,0.00694691,0.00498907,-6.62193e-05,0.0135022,disc: low, 15 mL/s
2.9,1.00101,0.00022245,1.5e-05,1.30654e-05,0.00811462,0.00595601,0.015,0.648496,0.133,0.00697595,0.00501291,-6.70614e-05,0.013499,disc: low, 15 mL/s
2.90833,1.00195,0.00022234,1.5e-05,1.31998e-05,0.00815004,0.00598177,0.015,0.649039,0.132998,0.00700417,0.0050366,-6.83455e-05,0.0134957,disc: low, 15 mL/s
2.91667,1.00288,0.000222229,1.5e-05,1.33367e-05,0.00818842,0.00600962,0.015,0.649621,0.133017,0.00703223,0.00506046,-6.99133e-05,0.0134922,disc: low, 15 mL/s
2.925,1.00382,0.000222117,1.5e-05,1.34775e-05,0.00823052,0.00604007,0.015,0.650252,0.133063,0.00706032,0.00508469,-7.1923e-05,0.0134887,disc: low, 15 mL/s
2.93333,1.00475,0.000222003,1.5e-05,1.36251e-05,0.00827987,0.00607554,0.015,0.650981,0.133161,0.00708849,0.00510964,-7.47346e-05,0.0134851,disc: low, 15 mL/s
2.94167,1.00567,0.000221888,1.5e-05,1.37809e-05,0.00833368,0.00611403,0.015,0.651769,0.13329,0.00711766,0.00513569,-7.81817e-05,0.0134815,disc: low, 15 mL/s
2.95,1.00659,0.000221772,1.5e-05,1.39405e-05,0.008379,0.00614655,0.015,0.652439,0.133355,0.00714927,0.00516274,-8.04031e-05,0.0134778,disc: low, 15 mL/s
2.95833,1.00749,0.000221655,1.5e-05,1.41077e-05,0.00843334,0.00618522,0.015,0.653231,0.133486,0.00718075,0.00519049,-8.42359e-05,0.013474,disc: low, 15 mL/s
2.96667,1.00838,0.000221536,1.5e-05,1.42832e-05,0.00849035,0.00622561,0.015,0.654056,0.133636,0.00721352,0.00521939,-8.83209e-05,0.0134702,disc: low, 15 mL/s
2.975,1.00926,0.000221415,1.5e-05,1.44705e-05,0.00855653,0.00627216,0.015,0.655004,0.133851,0.00724717,0.00524969,-9.41014e-05,0.0134664,disc: low, 15 mL/s
2.98333,1.01012,0.000221293,1.5e-05,1.46687e-05,0.00862214,0.00631812,0.015,0.655942,0.13406,0.00728332,0.00528172,-9.97281e-05,0.0134626,disc: low, 15 mL/s
2.99167,1.01098,0.000221169,1.5e-05,1.48737e-05,0.00868088,0.00635916,0.015,0.656786,0.134218,0.00732216,0.00531508,-0.000104549,0.0134587,disc: low, 15 mL/s
3,1.01182,0.000221043,1.5e-05,1.50925e-05,0.00875523,0.00641058,0.015,0.657838,0.134483,0.007361,0.00534972,-0.000112178,0.0134551,disc: low, 15 mL/s
3.00833,1.01264,0.000220915,1.5e-05,1.53245e-05,0.00882977,0.00646183,0.015,0.658892,0.134748,0.0074026,0.00538632,-0.000119751,0.0134515,disc: low, 15 mL/s
3.01667,1.01345,0.000220786,1.5e-05,1.55596e-05,0.00888586,0.00650037,0.015,0.659695,0.134883,0.0074481,0.00542421,-0.000124396,0.0134475,disc: low, 15 mL/s
3.025,1.01425,0.000220654,1.5e-05,1.58005e-05,0.0089469,0.00654206,0.015,0.660564,0.13505,0.00749353,0.00546244,-0.000130401,0.0134436,disc: low, 15 mL/s
3.03333,1.01503,0.00022052,1.5e-05,1.60533e-05,0.00902102,0.00659211,0.015,0.661608,0.135304,0.00753888,0.0055016,-0.000138628,0.0134402,disc: low, 15 mL/s
3.04167,1.0158,0.000220384,1.5e-05,1.63106e-05,0.00908148,0.0066329,0.015,0.662466,0.135467,0.00758735,0.00554193,-0.000144364,0.0134362,disc: low, 15 mL/s
3.05,1.01655,0.000220246,1.5e-05,1.65617e-05,0.00912141,0.00665995,0.015,0.663048,0.135493,0.00763775,0.00558205,-0.000146957,0.0134316,disc: low, 15 mL/s
3.05833,1.01729,0.000220106,1.5e-05,1.68174e-05,0.0091806,0.00669948,0.015,0.663888,0.135645,0.0076851,0.00562143,-0.00015336,0.0134277,disc: low, 15 mL/s
3.06667,1.01801,0.000219964,1.5e-05,1.7068e-05,0.00922155,0.00672692,0.015,0.664483,0.135681,0.00773425,0.0056607,-0.000156172,0.013423,disc: low, 15 mL/s
3.075,1.01871,0.00021982,1.5e-05,1.73113e-05,0.00925675,0.00675046,0.015,0.664999,0.13568,0.00778237,0.00569877,-0.000158428,0.0134181,disc: low, 15 mL/s
3.08333,1.01939,0.000219673,1.5e-05,1.75493e-05,0.00929406,0.00677527,0.015,0.665544,0.135696,0.0078285,0.00573554,-0.000161108,0.0134132,disc: low, 15 mL/s
3.09167,1.02006,0.000219525,1.5e-05,1.77782e-05,0.00932299,0.00679456,0.015,0.665975,0.135661,0.00787379,0.00577106,-0.000162208,0.0134079,disc: low, 15 mL/s
3.1,1.02071,0.000219375,1.5e-05,1.79962e-05,0.0093464,0.00681019,0.015,0.666333,0.135594,0.00791736,0.00580489,-0.000162465,0.0134023,disc: low, 15 mL/s
3.10833,1.02134,0.000219224,1.5e-05,1.82053e-05,0.00937153,0.00682684,0.015,0.666713,0.135542,0.00795838,0.00583697,-0.000163012,0.0133968,disc: low, 15 mL/s
3.11667,1.02195,0.00021907,1.5e-05,1.84019e-05,0.00938783,0.00683774,0.015,0.666974,0.135439,0.00799804,0.00586739,-0.000161823,0.0133908,disc: low, 15 mL/s
3.125,1.02254,0.000218915,1.5e-05,1.85821e-05,0.00939454,0.00684243,0.015,0.667106,0.135279,0.00803572,0.00589562,-0.000158996,0.0133843,disc: low, 15 mL/s
3.13333,1.02311,0.000218759,1.5e-05,1.87438e-05,0.00939437,0.00684266,0.015,0.667145,0.13508,0.00807054,0.00592122,-0.000154999,0.0133774,disc: low, 15 mL/s
3.14167,1.02367,0.000218602,1.5e-05,1.88926e-05,0.00940108,0.0068473,0.015,0.667275,0.134929,0.00810115,0.00594426,-0.000152203,0.0133708,disc: low, 15 mL/s
3.15,1.0242,0.000218443,1.5e-05,1.90272e-05,0.0094027,0.00684866,0.015,0.667337,0.134752,0.00812955,0.00596528,-0.000148206,0.0133639,disc: low, 15 mL/s
3.15833,1.02472,0.000218284,1.5e-05,1.91481e-05,0.0094026,0.00684891,0.015,0.667375,0.13457,0.00815525,0.00598419,-0.000143889,0.0133568,disc: low, 15 mL/s
3.16667,1.02522,0.000218123,1.5e-05,1.92559e-05,0.00940115,0.0068483,0.015,0.667393,0.134386,0.00817836,0.00600109,-0.000139234,0.0133496,disc: low, 15 mL/s
3.175,1.0257,0.000217962,1.5e-05,1.93473e-05,0.00939115,0.00684218,0.015,0.667296,0.134153,0.00819958,0.00601594,-0.000133005,0.0133419,disc: low, 15 mL/s
3.18333,1.02616,0.0002178,1.5e-05,1.94266e-05,0.00938605,0.00683924,0.015,0.667262,0.133956,0.00821725,0.00602858,-0.000127755,0.0133344,disc: low, 15 mL/s
3.19167,1.02661,0.000217638,1.5e-05,1.9493e-05,0.00937723,0.00683392,0.015,0.667178,0.133742,0.00823288,0.00603943,-0.000121701,0.0133266,disc: low, 15 mL/s
3.2,1.02704,0.000217475,1.5e-05,1.955e-05,0.00937255,0.00683128,0.015,0.667148,0.133559,0.00824571,0.00604855,-0.000116468,0.0133189,disc: low, 15 mL/s
3.20833,1.02745,0.000217311,1.5e-05,1.95992e-05,0.00936901,0.0068294,0.015,0.667131,0.133389,0.00825665,0.00605637,-0.000111371,0.0133112,disc: low, 15 mL/s
3.21667,1.02784,0.000217148,1.5e-05,1.96438e-05,0.00937004,0.00683049,0.015,0.667175,0.133254,0.0082657,0.00606318,-0.000107127,0.0133036,disc: low, 15 mL/s
3.225,1.02821,0.000216984,1.5e-05,1.96879e-05,0.00937802,0.00683609,0.015,0.66731,0.133168,0.00827329,0.00606947,-0.000104089,0.0132962,disc: low, 15 mL/s
3.23333,1.02857,0.000216819,1.5e-05,1.97316e-05,0.00938599,0.00684169,0.015,0.667443,0.133089,0.00828077,0.00607569,-0.000101034,0.0132887,disc: low, 15 mL/s
3.24167,1.02891,0.000216654,1.5e-05,1.97742e-05,0.00939266,0.00684645,0.015,0.667557,0.133006,0.00828825,0.00608181,-9.79283e-05,0.013281,disc: low, 15 mL/s
3.25,1.02924,0.000216489,1.5e-05,1.98134e-05,0.00939517,0.00684854,0.015,0.667613,0.132903,0.00829585,0.00608769,-9.43315e-05,0.0132731,disc: low, 15 mL/s
3.25833,1.02954,0.000216324,1.5e-05,1.98468e-05,0.00939231,0.00684717,0.015,0.667595,0.132771,0.00830325,0.00609302,-9.01405e-05,0.013265,disc: low, 15 mL/s
3.26667,1.02983,0.000216158,1.5e-05,1.98763e-05,0.00939209,0.00684749,0.015,0.667611,0.132661,0.00830931,0.00609757,-8.67829e-05,0.0132569,disc: low, 15 mL/s
3.275,1.03011,0.000215992,1.5e-05,1.99079e-05,0.00940245,0.00685463,0.015,0.667767,0.132621,0.00831376,0.00610177,-8.54671e-05,0.0132492,disc: low, 15 mL/s
3.28333,1.03037,0.000215826,1.5e-05,1.99403e-05,0.0094106,0.00686033,0.015,0.667892,0.132574,0.00831879,0.00610622,-8.38452e-05,0.0132414,disc: low, 15 mL/s
3.29167,1.03061,0.00021566,1.5e-05,1.99729e-05,0.00941797,0.00686549,0.015,0.668004,0.132526,0.00832402,0.00611076,-8.24476e-05,0.0132335,disc: low, 15 mL/s
3.3,1.03083,0.000215493,1.5e-05,2.00044e-05,0.00942278,0.00686898,0.015,0.668081,0.132468,0.00832951,0.00611528,-8.09142e-05,0.0132254,disc: low, 15 mL/s
3.30833,1.03104,0.000215326,1.5e-05,2.0036e-05,0.00942997,0.00687397,0.015,0.668188,0.132428,0.00833459,0.00611968,-8.01341e-05,0.0132175,disc: low, 15 mL/s
3.31667,1.03124,0.000215159,1.5e-05,2.00644e-05,0.00943066,0.00687474,0.015,0.668206,0.132354,0.00834025,0.00612399,-7.8462e-05,0.0132092,disc: low, 15 mL/s
3.325,1.03141,0.000214991,1.5e-05,2.00931e-05,0.0094376,0.00687949,0.015,0.668307,0.132322,0.00834478,0.00612796,-7.82642e-05,0.0132012,disc: low, 15 mL/s
3.33333,1.03158,0.000214824,1.5e-05,2.01168e-05,0.00943454,0.00687776,0.015,0.668272,0.132234,0.00835023,0.0061318,-7.64402e-05,0.0131928,disc: low, 15 mL/s
3.34167,1.03172,0.000214656,1.5e-05,2.01414e-05,0.00944139,0.00688236,0.015,0.668369,0.132211,0.00835394,0.00613514,-7.67493e-05,0.0131849,disc: low, 15 mL/s
3.35,1.03185,0.000214488,1.5e-05,2.01613e-05,0.00943798,0.00688032,0.015,0.668328,0.132131,0.00835868,0.00613842,-7.52331e-05,0.0131765,disc: low, 15 mL/s
3.35833,1.03197,0.00021432,1.5e-05,2.01771e-05,0.00943487,0.00687843,0.015,0.66829,0.132055,0.00836253,0.00614106,-7.41413e-05,0.0131682,disc: low, 15 mL/s
3.36667,1.03207,0.000214151,1.5e-05,2.01877e-05,0.00942873,0.00687454,0.015,0.66821,0.131966,0.0083659,0.0061431,-7.25965e-05,0.0131598,disc: low, 15 mL/s
3.375,1.03216,0.000213983,1.5e-05,2.01947e-05,0.00942473,0.00687198,0.015,0.668159,0.131894,0.00836813,0.00614446,-7.15528e-05,0.0131515,disc: low, 15 mL/s
3.38333,1.03223,0.000213815,1.5e-05,2.01966e-05,0.00941698,0.00686697,0.015,0.668056,0.131805,0.00837006,0.00614528,-6.98315e-05,0.0131431,disc: low, 15 mL/s
3.39167,1.03228,0.000213647,1.5e-05,2.01943e-05,0.00940614,0.00685993,0.015,0.667912,0.1317,0.00837172,0.00614566,-6.7643e-05,0.0131346,disc: low, 15 mL/s
3.4,1.03232,0.000213478,1.5e-05,2.01872e-05,0.00938986,0.00684933,0.015,0.667693,0.131566,0.00837349,0.00614567,-6.45204e-05,0.013126,disc: low, 15 mL/s
3.40833,1.03235,0.00021331,1.5e-05,2.01759e-05,0.00937423,0.0068391,0.015,0.667483,0.131439,0.00837427,0.00614499,-6.15578e-05,0.0131174,disc: low, 15 mL/s
3.41667,1.03236,0.000213142,1.5e-05,2.01602e-05,0.00935686,0.00682771,0.015,0.66725,0.131307,0.00837449,0.00614374,-5.81909e-05,0.0131089,disc: low, 15 mL/s
3.425,1.03236,0.000212974,1.5e-05,2.01403e-05,0.00933979,0.0068165,0.015,0.66702,0.131181,0.00837381,0.00614185,-5.4809e-05,0.0131004,disc: low, 15 mL/s
3.43333,1.03235,0.000212807,1.5e-05,2.01149e-05,0.00931666,0.00680133,0.015,0.666707,0.131021,0.00837319,0.00613949,-5.02435e-05,0.0130918,disc: low, 15 mL/s
3.44167,1.03232,0.000212639,1.5e-05,2.00831e-05,0.0092893,0.00678339,0.015,0.666338,0.130838,0.00837209,0.00613643,-4.49528e-05,0.0130831,disc: low, 15 mL/s
3.45,1.03227,0.000212472,1.5e-05,2.00454e-05,0.00926243,0.00676572,0.015,0.665974,0.130662,0.00836969,0.00613244,-3.97121e-05,0.0130745,disc: low, 15 mL/s
3.45833,1.03222,0.000212306,1.5e-05,2.00008e-05,0.00923069,0.00674481,0.015,0.665544,0.130459,0.00836685,0.0061277,-3.35532e-05,0.0130658,disc: low, 15 mL/s
3.46667,1.03215,0.000212139,1.5e-05,1.99493e-05,0.00919699,0.0067226,0.015,0.665087,0.130247,0.00836295,0.006122,-2.70854e-05,0.0130572,disc: low, 15 mL/s
3.475,1.03207,0.000211974,1.5e-05,1.98905e-05,0.00916073,0.00669868,0.015,0.664594,0.130022,0.00835806,0.00611535,-2.01641e-05,0.0130485,disc: low, 15 mL/s
3.48333,1.03198,0.000211809,1.5e-05,1.98236e-05,0.00911999,0.0066717,0.015,0.66404,0.129771,0.00835243,0.00610774,-1.25331e-05,0.0130398,disc: low, 15 mL/s
3.49167,1.03188,0.000211644,1.5e-05,1.97505e-05,0.00908353,0.00664752,0.015,0.663543,0.12955,0.00834458,0.00609885,-5.77901e-06,0.0130314,disc: low, 15 mL/s
3.5,1.03176,0.00021148,1.5e-05,1.96707e-05,0.00904411,0.00662132,0.015,0.663005,0.129313,0.00833592,0.00608909,1.51256e-06,0.013023,disc: low, 15 mL/s
3.50833,1.03164,0.000211317,1.5e-05,1.95855e-05,0.00900815,0.00659733,0.015,0.662514,0.129101,0.00832541,0.00607825,8.00807e-06,0.0130149,disc: low, 15 mL/s
3.51667,1.0315,0.000211154,1.5e-05,1.94953e-05,0.0089717,0.00657296,0.015,0.662014,0.128888,0.0083139,0.00606662,1.45389e-05,0.0130068,disc: low, 15 mL/s
3.525,1.03136,0.000210993,1.5e-05,1.93982e-05,0.00892766,0.00654346,0.015,0.66141,0.128628,0.00830251,0.00605438,2.21259e-05,0.0129986,disc: low, 15 mL/s
3.53333,1.0312,0.000210832,1.5e-05,1.92984e-05,0.00889686,0.00652272,0.015,0.660985,0.128455,0.00828769,0.0060408,2.70936e-05,0.012991,disc: low, 15 mL/s
3.54167,1.03104,0.000210672,1.5e-05,1.91928e-05,0.0088541,0.00649388,0.015,0.660397,0.128207,0.00827415,0.00602705,3.41113e-05,0.0129831,disc: low, 15 mL/s
3.55,1.03086,0.000210513,1.5e-05,1.9084e-05,0.00881956,0.00647052,0.015,0.659919,0.128015,0.0082581,0.0060122,3.9191e-05,0.0129756,disc: low, 15 mL/s
3.55833,1.03068,0.000210355,1.5e-05,1.89736e-05,0.00879063,0.00645087,0.015,0.659516,0.127861,0.00824045,0.00599669,4.32189e-05,0.0129683,disc: low, 15 mL/s
3.56667,1.03049,0.000210198,1.5e-05,1.88606e-05,0.00875685,0.00642785,0.015,0.659046,0.127677,0.00822322,0.00598102,4.78756e-05,0.012961,disc: low, 15 mL/s
3.575,1.03029,0.000210041,1.5e-05,1.87441e-05,0.00871901,0.00640201,0.015,0.65852,0.127467,0.00820604,0.00596498,5.27027e-05,0.0129538,disc: low, 15 mL/s
3.58333,1.03009,0.000209886,1.5e-05,1.86256e-05,0.00868636,0.0063796,0.015,0.658063,0.127292,0.00818724,0.00594824,5.62211e-05,0.0129468,disc: low, 15 mL/s
3.59167,1.02988,0.000209732,1.5e-05,1.85084e-05,0.00866564,0.00636532,0.015,0.657768,0.1272,0.00816601,0.00593085,5.77236e-05,0.0129401,disc: low, 15 mL/s
3.6,1.02967,0.000209579,1.5e-05,1.839e-05,0.00863583,0.00634473,0.015,0.657348,0.127048,0.00814645,0.00591381,6.05688e-05,0.0129334,disc: low, 15 mL/s
3.60833,1.02944,0.000209426,1.5e-05,1.82725e-05,0.00861339,0.00632916,0.015,0.657027,0.126946,0.00812537,0.00589635,6.17719e-05,0.0129269,disc: low, 15 mL/s
3.61667,1.02922,0.000209275,1.5e-05,1.81542e-05,0.00858467,0.00630918,0.015,0.656621,0.126803,0.00810543,0.00587911,6.37253e-05,0.0129204,disc: low, 15 mL/s
3.625,1.02899,0.000209125,1.5e-05,1.80357e-05,0.00855775,0.00629039,0.015,0.656238,0.126672,0.00808495,0.00586164,6.50175e-05,0.0129142,disc: low, 15 mL/s
3.63333,1.02875,0.000208976,1.5e-05,1.79165e-05,0.00852883,0.00627016,0.015,0.655827,0.126528,0.00806468,0.00584412,6.6402e-05,0.012908,disc: low, 15 mL/s
3.64167,1.02851,0.000208827,1.5e-05,1.77969e-05,0.00850071,0.0062504,0.015,0.655427,0.126389,0.00804406,0.00582641,6.74199e-05,0.012902,disc: low, 15 mL/s
3.65,1.02827,0.00020868,1.5e-05,1.76768e-05,0.00847217,0.00623024,0.015,0.65502,0.126248,0.00802336,0.00580857,6.82943e-05,0.0128962,disc: low, 15 mL/s
3.65833,1.02802,0.000208534,1.5e-05,1.75583e-05,0.00845177,0.00621574,0.015,0.654725,0.126164,0.00800109,0.0057904,6.78672e-05,0.0128906,disc: low, 15 mL/s
3.66667,1.02777,0.000208388,1.5e-05,1.74409e-05,0.0084295,0.00619989,0.015,0.654403,0.126067,0.00797938,0.00577246,6.77397e-05,0.012885,disc: low, 15 mL/s
3.675,1.02752,0.000208244,1.5e-05,1.73244e-05,0.00840658,0.00618355,0.015,0.654073,0.125966,0.00795794,0.00575463,6.75795e-05,0.0128797,disc: low, 15 mL/s
3.68333,1.02727,0.0002081,1.5e-05,1.72076e-05,0.00837874,0.0061637,0.015,0.653676,0.12583,0.00793744,0.00573699,6.79953e-05,0.0128744,disc: low, 15 mL/s
3.69167,1.02702,0.000207958,1.5e-05,1.70912e-05,0.00835355,0.00614566,0.015,0.653314,0.125712,0.00791634,0.00571917,6.7965e-05,0.0128693,disc: low, 15 mL/s
3.7,1.02676,0.000207817,1.5e-05,1.69722e-05,0.00831563,0.00611857,0.015,0.65278,0.125502,0.00789745,0.00570164,6.97377e-05,0.0128645,disc: low, 15 mL/s
3.70833,1.02651,0.000207676,1.5e-05,1.68521e-05,0.0082833,0.00609535,0.015,0.652322,0.125331,0.00787695,0.0056835,7.05212e-05,0.0128597,disc: low, 15 mL/s
3.71667,1.02625,0.000207537,1.5e-05,1.67308e-05,0.00824951,0.00607104,0.015,0.651844,0.125148,0.00785638,0.00566515,7.15727e-05,0.0128552,disc: low, 15 mL/s
3.725,1.026,0.000207398,1.5e-05,1.6608e-05,0.00821454,0.00604585,0.015,0.65135,0.124956,0.00783564,0.00564654,7.28023e-05,0.0128508,disc: low, 15 mL/s
3.73333,1.02574,0.000207261,1.5e-05,1.64838e-05,0.00817934,0.00602041,0.015,0.650854,0.124761,0.00781453,0.00562762,7.40734e-05,0.0128467,disc: low, 15 mL/s
3.74167,1.02549,0.000207125,1.5e-05,1.6358e-05,0.00814185,0.00599323,0.015,0.650326,0.124547,0.00779346,0.00560846,7.57182e-05,0.0128427,disc: low, 15 mL/s
3.75,1.02523,0.000206989,1.5e-05,1.62298e-05,0.00810078,0.00596341,0.015,0.64975,0.124304,0.00777254,0.00558902,7.77899e-05,0.012839,disc: low, 15 mL/s
3.75833,1.02498,0.000206855,1.5e-05,1.61009e-05,0.00806628,0.00593825,0.015,0.649265,0.124109,0.0077498,0.00556894,7.90172e-05,0.0128354,disc: low, 15 mL/s
3.76667,1.02473,0.000206722,1.5e-05,1.59706e-05,0.00802796,0.00591028,0.015,0.648727,0.123883,0.00772749,0.00554875,8.08483e-05,0.012832,disc: low, 15 mL/s
3.775,1.02448,0.00020659,1.5e-05,1.58393e-05,0.0079912,0.00588334,0.015,0.648211,0.123667,0.00770447,0.0055282,8.24852e-05,0.0128288,disc: low, 15 mL/s
3.78333,1.02424,0.000206459,1.5e-05,1.57072e-05,0.00795422,0.00585615,0.015,0.647693,0.123447,0.00768116,0.00550739,8.42328e-05,0.0128258,disc: low, 15 mL/s
3.79167,1.024,0.00020633,1.5e-05,1.55737e-05,0.00791434,0.00582678,0.015,0.647135,0.123202,0.00765806,0.00548641,8.62557e-05,0.012823,disc: low, 15 mL/s
3.8,1.02376,0.000206201,1.5e-05,1.54391e-05,0.0078749,0.00579765,0.015,0.646583,0.122958,0.00763445,0.00546508,8.81009e-05,0.0128205,disc: low, 15 mL/s
3.80833,1.02352,0.000206073,1.5e-05,1.53026e-05,0.00783165,0.00576563,0.015,0.64598,0.122681,0.00761116,0.00544353,9.03296e-05,0.0128182,disc: low, 15 mL/s
3.81667,1.02329,0.000205947,1.5e-05,1.51645e-05,0.00778862,0.0057336,0.015,0.645379,0.122403,0.0075873,0.00542156,9.24432e-05,0.0128161,disc: low, 15 mL/s
3.825,1.02307,0.000205822,1.5e-05,1.50256e-05,0.00774865,0.00570381,0.015,0.644821,0.122146,0.00756232,0.00539913,9.42317e-05,0.0128142,disc: low, 15 mL/s
3.83333,1.02284,0.000205698,1.5e-05,1.48865e-05,0.00771103,0.0056757,0.015,0.644294,0.121904,0.00753654,0.00537639,9.56892e-05,0.0128123,disc: low, 15 mL/s
3.84167,1.02263,0.000205575,1.5e-05,1.47476e-05,0.00767519,0.00564886,0.015,0.643793,0.121673,0.0075102,0.00535344,9.69548e-05,0.0128106,disc: low, 15 mL/s
3.85,1.02242,0.000205453,1.5e-05,1.46108e-05,0.0076481,0.00562854,0.015,0.643411,0.12151,0.00748202,0.0053302,9.74297e-05,0.0128087,disc: low, 15 mL/s
3.85833,1.02221,0.000205332,1.5e-05,1.44763e-05,0.00762274,0.00560946,0.015,0.643053,0.121357,0.00745382,0.00530714,9.78038e-05,0.0128069,disc: low, 15 mL/s
3.86667,1.02202,0.000205213,1.5e-05,1.43423e-05,0.00758914,0.00558414,0.015,0.642582,0.121135,0.00742764,0.00528456,9.87516e-05,0.0128057,disc: low, 15 mL/s
3.875,1.02182,0.000205094,1.5e-05,1.42092e-05,0.00755709,0.00555993,0.015,0.642132,0.120923,0.00740113,0.00526192,9.93017e-05,0.0128045,disc: low, 15 mL/s
3.88333,1.02164,0.000204977,1.5e-05,1.40782e-05,0.00753127,0.00554039,0.015,0.641768,0.120758,0.0073734,0.00523915,9.92377e-05,0.0128032,disc: low, 15 mL/s
3.89167,1.02146,0.000204861,1.5e-05,1.39495e-05,0.00750724,0.00552219,0.015,0.641428,0.120605,0.00734566,0.0052166,9.89632e-05,0.012802,disc: low, 15 mL/s
3.9,1.02129,0.000204746,1.5e-05,1.38234e-05,0.00748539,0.0055056,0.015,0.641119,0.120467,0.00731791,0.00519429,9.84e-05,0.0128009,disc: low, 15 mL/s
3.90833,1.02113,0.000204632,1.5e-05,1.36993e-05,0.00746047,0.00548661,0.015,0.640767,0.1203,0.00729128,0.00517241,9.80259e-05,0.0128001,disc: low, 15 mL/s
3.91667,1.02098,0.000204518,1.5e-05,1.35771e-05,0.00743578,0.00546773,0.015,0.640418,0.120131,0.00726493,0.00515076,9.74086e-05,0.0127995,disc: low, 15 mL/s
3.925,1.02084,0.000204406,1.5e-05,1.34571e-05,0.00741372,0.00545084,0.015,0.640106,0.119982,0.00723837,0.00512928,9.64425e-05,0.0127989,disc: low, 15 mL/s
3.93333,1.0207,0.000204295,1.5e-05,1.33394e-05,0.00739159,0.00543386,0.015,0.639793,0.119828,0.00721226,0.00510811,9.54089e-05,0.0127985,disc: low, 15 mL/s
3.94167,1.02057,0.000204185,1.5e-05,1.32239e-05,0.00737016,0.0054174,0.015,0.639489,0.119678,0.00718641,0.00508722,9.42235e-05,0.0127982,disc: low, 15 mL/s
3.95,1.02046,0.000204076,1.5e-05,1.31107e-05,0.00734983,0.00540174,0.015,0.639201,0.119533,0.00716076,0.0050666,9.28835e-05,0.012798,disc: low, 15 mL/s
3.95833,1.02035,0.000203967,1.5e-05,1.30006e-05,0.00733424,0.00538969,0.015,0.638979,0.119425,0.00713461,0.00504621,9.11141e-05,0.0127977,disc: low, 15 mL/s
3.96667,1.02025,0.00020386,1.5e-05,1.2894e-05,0.00732179,0.00538002,0.015,0.6388,0.119339,0.00710851,0.00502622,8.91111e-05,0.0127974,disc: low, 15 mL/s
3.975,1.02016,0.000203753,1.5e-05,1.27914e-05,0.00731218,0.00537252,0.015,0.638661,0.119275,0.00708263,0.00500675,8.69077e-05,0.0127972,disc: low, 15 mL/s
3.98333,1.02009,0.000203648,1.5e-05,1.26918e-05,0.00729943,0.00536258,0.015,0.638479,0.11918,0.00705829,0.00498799,8.49966e-05,0.0127973,disc: low, 15 mL/s
3.99167,1.02002,0.000203543,1.5e-05,1.25958e-05,0.00728962,0.00535489,0.015,0.638339,0.119108,0.00703405,0.00496966,8.28227e-05,0.0127974,disc: low, 15 mL/s
4,1.01996,0.000203438,1.5e-05,1.25043e-05,0.00728643,0.00535231,0.015,0.63829,0.119089,0.00700931,0.00495178,8.02118e-05,0.0127973,disc: low, 15 mL/s
4.00833,1.01992,0.000203335,1.5e-05,1.24167e-05,0.0072809,0.00534793,0.015,0.638209,0.119045,0.00698615,0.00493474,7.79303e-05,0.0127975,disc: low, 15 mL/s
4.01667,1.01917,0.000203232,9e-06,1.23218e-05,0.00721575,0.00529723,0.0150003,0.637267,0.118812,0.0069757,0.00491951,8.02146e-05,0.0127898,approach centre, 9 mL/s
4.025,1.01843,0.00020313,9e-06,1.22201e-05,0.0071498,0.00524574,0.0150013,0.636314,0.118655,0.00696333,0.00490281,8.20108e-05,0.0127774,approach centre, 9 mL/s
4.03333,1.01769,0.000203029,9e-06,1.21111e-05,0.00707949,0.00519057,0.015003,0.635305,0.118436,0.00695026,0.00488481,8.3959e-05,0.0127645,approach centre, 9 mL/s
4.04167,1.01694,0.000202929,9e-06,1.19946e-05,0.00700351,0.00513088,0.0150054,0.634224,0.118158,0.00693655,0.00486544,8.60954e-05,0.0127505,approach centre, 9 mL/s
4.05,1.0162,0.000202831,9e-06,1.18723e-05,0.00693478,0.00507654,0.0150084,0.633251,0.117936,0.00691937,0.00484432,8.7472e-05,0.0127347,approach centre, 9 mL/s
4.05833,1.01546,0.000202733,9e-06,1.17428e-05,0.00685426,0.00501277,0.015012,0.632125,0.117595,0.0069032,0.00482219,8.95902e-05,0.0127185,approach centre, 9 mL/s
4.06667,1.01472,0.000202636,9e-06,1.16073e-05,0.00677853,0.0049526,0.0150164,0.631075,0.117292,0.00688397,0.00479837,9.07906e-05,0.0127005,approach centre, 9 mL/s
4.075,1.01398,0.00020254,9e-06,1.14652e-05,0.00669471,0.00488587,0.0150214,0.629923,0.116902,0.00686489,0.00477337,9.22211e-05,0.0126819,approach centre, 9 mL/s
4.08333,1.01324,0.000202446,9e-06,1.13161e-05,0.00660583,0.00481477,0.0150271,0.628711,0.116454,0.00684512,0.00474695,9.36539e-05,0.0126624,approach centre, 9 mL/s
4.09167,1.01251,0.000202353,9e-06,1.11616e-05,0.00652309,0.00474831,0.0150334,0.627595,0.116053,0.0068219,0.00471877,9.44426e-05,0.0126411,approach centre, 9 mL/s
4.1,1.01178,0.000202261,9e-06,1.10032e-05,0.00644553,0.00468595,0.0150404,0.626561,0.115692,0.00679573,0.00468914,9.4793e-05,0.0126178,approach centre, 9 mL/s
4.10833,1.01105,0.000202171,9e-06,1.08401e-05,0.00636068,0.0046176,0.015048,0.625437,0.115247,0.00676998,0.00465858,9.50258e-05,0.012594,approach centre, 9 mL/s
4.11667,1.01033,0.000202082,9e-06,1.06716e-05,0.00626935,0.00454398,0.0150563,0.624232,0.11473,0.00674421,0.0046269,9.55588e-05,0.0125695,approach centre, 9 mL/s
4.125,1.00961,0.000201995,9e-06,1.04982e-05,0.00617678,0.00446903,0.0150653,0.623021,0.114186,0.00671707,0.00459382,9.60336e-05,0.0125438,approach centre, 9 mL/s
4.13333,1.00889,0.000201909,9e-06,1.0322e-05,0.00609471,0.00440273,0.0150749,0.621966,0.113741,0.00668539,0.00455913,9.61585e-05,0.0125153,approach centre, 9 mL/s
4.14167,1.00818,0.000201824,9e-06,1.01425e-05,0.00600756,0.00433243,0.0150852,0.620849,0.113229,0.00665373,0.00452357,9.64093e-05,0.0124862,approach centre, 9 mL/s
4.15,1.00747,0.000201741,9e-06,9.96167e-06,0.00593146,0.00427089,0.0150961,0.619897,0.112821,0.00661779,0.00448666,9.60984e-05,0.0124544,approach centre, 9 mL/s
4.15833,1.00677,0.00020166,9e-06,9.78123e-06,0.00586512,0.00421707,0.0151076,0.619092,0.112498,0.00657841,0.00444884,9.58247e-05,0.0124202,approach centre, 9 mL/s
4.16667,1.00608,0.00020158,9e-06,9.60066e-06,0.00579469,0.00416005,0.0151198,0.618239,0.112122,0.00653963,0.00441076,9.57139e-05,0.0123852,approach centre, 9 mL/s
4.175,1.00539,0.000201501,9e-06,9.4208e-06,0.00572939,0.00410728,0.0151327,0.617468,0.111794,0.0064988,0.0043721,9.53503e-05,0.012348,approach centre, 9 mL/s
4.18333,1.00471,0.000201424,9e-06,9.24263e-06,0.00567072,0.00405991,0.0151461,0.6168,0.111526,0.00645575,0.00433299,9.47088e-05,0.0123087,approach centre, 9 mL/s
4.19167,1.00404,0.000201348,9e-06,9.06658e-06,0.00561511,0.00401492,0.0151602,0.616185,0.111279,0.00641182,0.00429375,9.37786e-05,0.0122676,approach centre, 9 mL/s
4.2,1.00337,0.000201274,9e-06,8.89357e-06,0.00556671,0.00397568,0.015175,0.615681,0.1111,0.00636597,0.00425438,9.25605e-05,0.0122244,approach centre, 9 mL/s
4.20833,1.00272,0.000201202,9e-06,8.72386e-06,0.00552092,0.00393848,0.0151903,0.615225,0.11094,0.00631978,0.0042152,9.15364e-05,0.0121795,approach centre, 9 mL/s
4.21667,1.00207,0.00020113,9e-06,8.55822e-06,0.005482,0.00390687,0.0152063,0.614874,0.110848,0.00627213,0.0041762,9.02904e-05,0.0121323,approach centre, 9 mL/s
4.225,1.00143,0.00020106,9e-06,8.39626e-06,0.00544152,0.00387405,0.0152228,0.614513,0.11073,0.00622562,0.00413774,8.90395e-05,0.0120841,approach centre, 9 mL/s
4.23333,1.0008,0.000200992,9e-06,8.23936e-06,0.00541295,0.00385087,0.01524,0.614327,0.11074,0.00617644,0.00409949,8.73702e-05,0.0120327,approach centre, 9 mL/s
4.24167,1.00018,0.000200924,9e-06,8.08669e-06,0.00537998,0.00382416,0.0152578,0.614091,0.11069,0.00612962,0.00406212,8.58147e-05,0.0119809,approach centre, 9 mL/s
4.25,0.999572,0.000200858,9e-06,7.93894e-06,0.00535387,0.003803,0.0152762,0.613961,0.110714,0.00608181,0.00402524,8.39941e-05,0.0119266,approach centre, 9 mL/s
4.25833,0.998974,0.000200793,9e-06,7.79515e-06,0.00532222,0.00377734,0.0152952,0.613765,0.110666,0.0060367,0.00398926,8.22987e-05,0.0118721,approach centre, 9 mL/s
4.26667,0.998386,0.000200729,9e-06,7.65549e-06,0.00529347,0.00375401,0.0153148,0.613619,0.110649,0.00599166,0.00395383,8.0436e-05,0.0118157,approach centre, 9 mL/s
4.275,0.997809,0.000200667,9e-06,7.51952e-06,0.00526281,0.00372905,0.0153349,0.613457,0.110601,0.00594814,0.00391909,7.85165e-05,0.0117584,approach centre, 9 mL/s
4.28333,0.997243,0.000200605,9e-06,7.38732e-06,0.00523402,0.00370562,0.0153557,0.613332,0.110571,0.00590493,0.00388489,7.66392e-05,0.0116996,approach centre, 9 mL/s
4.29167,0.996689,0.000200545,9e-06,7.25917e-06,0.00520906,0.00368527,0.015377,0.61327,0.110577,0.00586156,0.00385123,7.47833e-05,0.011639,approach centre, 9 mL/s
4.3,0.996146,0.000200485,9e-06,7.13462e-06,0.005182,0.00366318,0.0153989,0.61319,0.110551,0.00581981,0.0038183,7.31712e-05,0.0115776,approach centre, 9 mL/s
4.30833,0.995616,0.000200427,9e-06,7.01342e-06,0.00515427,0.00364056,0.0154213,0.613111,0.110514,0.00577912,0.00378599,7.16425e-05,0.0115151,approach centre, 9 mL/s
4.31667,0.995097,0.000200369,9e-06,6.8947e-06,0.00512076,0.00361329,0.0154443,0.612962,0.110403,0.00574079,0.00375431,7.03404e-05,0.0114523,approach centre, 9 mL/s
4.325,0.994591,0.000200313,9e-06,6.77844e-06,0.00508785,0.00358653,0.0154679,0.612832,0.110297,0.00570278,0.00372296,6.90541e-05,0.0113881,approach centre, 9 mL/s
4.33333,0.994097,0.000200257,9e-06,6.66525e-06,0.00506086,0.0035646,0.015492,0.612795,0.110253,0.00566366,0.00369187,6.76628e-05,0.0113217,approach centre, 9 mL/s
4.34167,0.993615,0.000200203,9e-06,6.55428e-06,0.00502795,0.00353789,0.0155166,0.612686,0.110131,0.0056269,0.00366139,6.65345e-05,0.0112553,approach centre, 9 mL/s
4.35,0.993147,0.000200149,9e-06,6.44523e-06,0.0049932,0.00350971,0.0155418,0.612561,0.109983,0.00559107,0.00363124,6.54813e-05,0.011188,approach centre, 9 mL/s
4.35833,0.992691,0.000200096,9e-06,6.33761e-06,0.00495488,0.00347861,0.0155675,0.612397,0.109787,0.00555656,0.00360136,6.45036e-05,0.0111202,approach centre, 9 mL/s
4.36667,0.992248,0.000200044,9e-06,6.23104e-06,0.00491333,0.00344482,0.0155937,0.612198,0.109545,0.00552312,0.00357164,6.35121e-05,0.0110519,approach centre, 9 mL/s
4.375,0.991819,0.000199993,9e-06,6.12463e-06,0.00486417,0.00340488,0.0156204,0.611904,0.109205,0.00549175,0.003542,6.29797e-05,0.0109838,approach centre, 9 mL/s
4.38333,0.991403,0.000199943,9e-06,6.01854e-06,0.00481584,0.00336555,0.0156476,0.611632,0.108869,0.00545983,0.00351212,6.28591e-05,0.0109145,approach centre, 9 mL/s
4.39167,0.991,0.000199894,9e-06,5.91383e-06,0.00477655,0.00333362,0.0156753,0.611495,0.108635,0.00542506,0.00348193,6.25086e-05,0.0108423,approach centre, 9 mL/s
4.4,0.990611,0.000199845,9e-06,5.80981e-06,0.00473123,0.00329687,0.0157035,0.611283,0.108314,0.00539207,0.0034519,6.24233e-05,0.0107705,approach centre, 9 mL/s
4.40833,0.990235,0.000199798,9e-06,5.70605e-06,0.00468183,0.00325687,0.0157322,0.611024,0.107939,0.00536005,0.00342182,6.24159e-05,0.0106983,approach centre, 9 mL/s
4.41667,0.989874,0.000199751,9e-06,5.60326e-06,0.00463866,0.00322192,0.0157614,0.610861,0.107634,0.00532592,0.00339145,6.21329e-05,0.0106238,approach centre, 9 mL/s
4.425,0.989526,0.000199705,9e-06,5.50107e-06,0.00459174,0.00318382,0.015791,0.610654,0.107267,0.00529286,0.0033611,6.17065e-05,0.0105494,approach centre, 9 mL/s
4.43333,0.989193,0.00019966,9e-06,5.39945e-06,0.00454442,0.00314545,0.0158211,0.610451,0.10689,0.00525968,0.00333062,6.1468e-05,0.010474,approach centre, 9 mL/s
4.44167,0.988874,0.000199616,9e-06,5.2988e-06,0.00450053,0.00310983,0.0158516,0.610305,0.106547,0.00522529,0.00329998,6.14282e-05,0.010397,approach centre, 9 mL/s
4.45,0.98857,0.000199573,9e-06,5.19945e-06,0.00446001,0.00307691,0.0158826,0.610213,0.106234,0.00518988,0.00326927,6.15806e-05,0.0103185,approach centre, 9 mL/s
4.45833,0.98828,0.00019953,9e-06,5.10122e-06,0.00441783,0.0030427,0.015914,0.610106,0.105891,0.00515502,0.00323867,6.17157e-05,0.0102396,approach centre, 9 mL/s
4.46667,0.988005,0.000199489,9e-06,5.00481e-06,0.00438296,0.00301448,0.0159458,0.610109,0.105637,0.00511801,0.00320803,6.15403e-05,0.0101581,approach centre, 9 mL/s
4.475,0.987744,0.000199448,9e-06,4.91037e-06,0.00435009,0.00298789,0.0159781,0.610147,0.105395,0.00508074,0.00317763,6.12522e-05,0.0100755,approach centre, 9 mL/s
4.48333,0.987499,0.000199408,9e-06,4.81833e-06,0.00432267,0.00296571,0.0160108,0.610267,0.105216,0.0050423,0.00314748,6.07032e-05,0.00999094,approach centre, 9 mL/s
4.49167,0.987268,0.000199368,9e-06,4.72949e-06,0.00430427,0.0029508,0.0160438,0.61052,0.105144,0.00500191,0.00311773,5.98243e-05,0.00990375,approach centre, 9 mL/s
4.5,0.987053,0.000199329,9e-06,4.64338e-06,0.00428291,0.00293346,0.0160772,0.610739,0.105021,0.00496349,0.00308873,5.89234e-05,0.00981674,approach centre, 9 mL/s
4.50833,0.986853,0.000199291,9e-06,4.56026e-06,0.00426564,0.00291945,0.0161111,0.61102,0.104948,0.00492477,0.00306031,5.79402e-05,0.00972791,approach centre, 9 mL/s
4.51667,0.986669,0.000199254,9e-06,4.48028e-06,0.00425158,0.00290805,0.0161453,0.611353,0.104909,0.00488619,0.00303257,5.68844e-05,0.00963775,approach centre, 9 mL/s
4.525,0.986499,0.000199217,9e-06,4.4037e-06,0.00424205,0.00290033,0.0161798,0.611754,0.104921,0.00484749,0.00300558,5.57194e-05,0.00954594,approach centre, 9 mL/s
4.53333,0.986346,0.000199181,9e-06,4.33036e-06,0.00423272,0.00289277,0.0162147,0.612164,0.104928,0.00481011,0.00297947,5.45295e-05,0.00945355,approach centre, 9 mL/s
4.54167,0.986207,0.000199146,9e-06,4.26098e-06,0.00423266,0.00289272,0.01625,0.612707,0.105052,0.00477145,0.00295418,5.31169e-05,0.00935834,approach centre, 9 mL/s
4.55,0.986085,0.000199111,9e-06,4.19543e-06,0.00423367,0.00289353,0.0162856,0.61327,0.105178,0.0047343,0.00293002,5.16801e-05,0.00926261,approach centre, 9 mL/s
4.55833,0.985978,0.000199076,9e-06,4.13355e-06,0.00423509,0.00289467,0.0163215,0.613845,0.105305,0.00469881,0.00290696,5.02114e-05,0.00916623,approach centre, 9 mL/s
4.56667,0.985886,0.000199042,9e-06,4.07554e-06,0.00424071,0.0028992,0.0163577,0.614481,0.105481,0.00466391,0.00288496,4.86441e-05,0.00906834,approach centre, 9 mL/s
4.575,0.98581,0.000199009,9e-06,4.02151e-06,0.00424974,0.0029065,0.0163943,0.61517,0.105693,0.00463,0.00286414,4.70183e-05,0.00896931,approach centre, 9 mL/s
4.58333,0.98575,0.000198976,9e-06,3.97138e-06,0.00425999,0.00291479,0.0164311,0.61588,0.105915,0.00459779,0.00284455,4.53863e-05,0.00886963,approach centre, 9 mL/s
4.59167,0.985705,0.000198943,9e-06,3.92509e-06,0.00427197,0.00292449,0.0164682,0.616618,0.106153,0.00456713,0.00282619,4.3745e-05,0.00876915,approach centre, 9 mL/s
4.6,0.985676,0.000198911,9e-06,3.88257e-06,0.00428532,0.0029353,0.0165056,0.617378,0.106402,0.00453816,0.00280906,4.21157e-05,0.00866801,approach centre, 9 mL/s
4.60833,0.985662,0.000198879,9e-06,3.84309e-06,0.00429313,0.00294161,0.0165433,0.618068,0.106571,0.00451262,0.00279316,4.06202e-05,0.00856785,approach centre, 9 mL/s
4.61667,0.985664,0.000198847,9e-06,3.80704e-06,0.00430662,0.00295255,0.0165812,0.618839,0.106815,0.00448726,0.00277826,3.90657e-05,0.0084658,approach centre, 9 mL/s
4.625,0.985681,0.000198816,9e-06,3.77405e-06,0.00431813,0.00296186,0.0166194,0.619588,0.107021,0.00446427,0.00276449,3.7561e-05,0.00836414,approach centre, 9 mL/s
4.63333,0.985714,0.000198784,9e-06,3.74425e-06,0.00433271,0.00297364,0.0166578,0.620382,0.107263,0.00444222,0.00275175,3.59961e-05,0.00826138,approach centre, 9 mL/s
4.64167,0.985761,0.000198753,9e-06,3.71642e-06,0.00433653,0.00297671,0.0166964,0.621034,0.107357,0.00442455,0.00274008,3.47696e-05,0.00816098,approach centre, 9 mL/s
4.65,0.985824,0.000198723,9e-06,3.69107e-06,0.00434662,0.00298486,0.0167352,0.621775,0.107535,0.00440644,0.00272907,3.34047e-05,0.00805846,approach centre, 9 mL/s
4.65833,0.985902,0.000198692,9e-06,3.66787e-06,0.00435462,0.00299132,0.0167743,0.622491,0.107674,0.00439022,0.00271891,3.2195e-05,0.00795644,approach centre, 9 mL/s
4.66667,0.985995,0.000198662,9e-06,3.64635e-06,0.00435898,0.00299484,0.0168135,0.623161,0.107762,0.00437604,0.00270947,3.11535e-05,0.00785493,approach centre, 9 mL/s
4.675,0.986103,0.000198631,9e-06,3.62642e-06,0.00436349,0.00299848,0.016853,0.623837,0.10785,0.00436276,0.0027006,3.01743e-05,0.00775306,approach centre, 9 mL/s
4.68333,0.986226,0.000198601,9e-06,3.60788e-06,0.00436666,0.00300105,0.0168925,0.624499,0.107913,0.00435068,0.00269228,2.93165e-05,0.00765133,approach centre, 9 mL/s
4.69167,0.986363,0.000198571,9e-06,3.59068e-06,0.00437024,0.00300396,0.0169323,0.625168,0.107977,0.00433927,0.00268444,2.85192e-05,0.00754927,approach centre, 9 mL/s
4.7,0.986515,0.000198542,9e-06,3.57427e-06,0.00436882,0.00300283,0.0169722,0.625774,0.10797,0.00432976,0.00267704,2.79483e-05,0.00744824,approach centre, 9 mL/s
4.70833,0.986681,0.000198512,9e-06,3.55885e-06,0.00436988,0.00300371,0.0170123,0.626416,0.107994,0.00432011,0.00266992,2.73527e-05,0.00734631,approach centre, 9 mL/s
4.71667,0.986862,0.000198482,9e-06,3.54394e-06,0.00436666,0.00300114,0.0170525,0.627003,0.107954,0.00431199,0.00266313,2.69617e-05,0.00724537,approach centre, 9 mL/s
4.725,0.987058,0.000198453,9e-06,3.52982e-06,0.00436656,0.0030011,0.0170928,0.627634,0.107952,0.00430342,0.00265652,2.65159e-05,0.00714343,approach centre, 9 mL/s
4.73333,0.987267,0.000198424,9e-06,3.51638e-06,0.00436576,0.00300051,0.0171332,0.628258,0.107932,0.00429545,0.00265018,2.61571e-05,0.0070417,approach centre, 9 mL/s
4.74167,0.987491,0.000198395,9e-06,3.50373e-06,0.00436632,0.00300101,0.0171737,0.628902,0.107926,0.00428755,0.0026441,2.57956e-05,0.00693955,approach centre, 9 mL/s
4.75,0.987729,0.000198365,9e-06,3.49206e-06,0.00436937,0.00300354,0.0172143,0.629581,0.107944,0.00427953,0.0026383,2.54012e-05,0.00683684,approach centre, 9 mL/s
4.75833,0.987981,0.000198336,9e-06,3.48159e-06,0.00437502,0.00300818,0.017255,0.630297,0.10799,0.00427147,0.00263287,2.49642e-05,0.0067336,approach centre, 9 mL/s
4.76667,0.988246,0.000198308,9e-06,3.47215e-06,0.00437979,0.00301211,0.0172957,0.631001,0.108016,0.0042643,0.00262787,2.45789e-05,0.0066307,approach centre, 9 mL/s
4.775,0.988526,0.000198279,9e-06,3.46389e-06,0.00438649,0.00301761,0.0173365,0.631732,0.108062,0.00425731,0.00262325,2.41363e-05,0.00652736,approach centre, 9 mL/s
4.78333,0.988819,0.00019825,9e-06,3.45712e-06,0.00439696,0.00302616,0.0173773,0.632514,0.108149,0.00425015,0.00261908,2.35833e-05,0.00642331,approach centre, 9 mL/s
4.79167,0.989126,0.000198221,9e-06,3.45145e-06,0.00440435,0.00303222,0.0174182,0.633256,0.108188,0.00424456,0.00261543,2.31321e-05,0.00632024,approach centre, 9 mL/s
4.8,0.989446,0.000198192,9e-06,3.44684e-06,0.00441192,0.00303843,0.0174591,0.633999,0.108226,0.00423957,0.00261218,2.26422e-05,0.00621716,approach centre, 9 mL/s
4.80833,0.98978,0.000198164,9e-06,3.44383e-06,0.00442557,0.00304957,0.0175,0.634824,0.108336,0.00423386,0.00260935,2.19351e-05,0.00611285,approach centre, 9 mL/s
4.81667,0.990127,0.000198135,9e-06,3.4433e-06,0.00444856,0.00306829,0.0175409,0.635772,0.108555,0.00422708,0.00260719,2.09151e-05,0.00600678,approach centre, 9 mL/s
4.825,0.990488,0.000198106,9e-06,3.44696e-06,0.00447325,0.00308841,0.0175818,0.636741,0.108782,0.00422244,0.00260656,1.98411e-05,0.0059009,approach centre, 9 mL/s
4.83333,0.990861,0.000198077,9e-06,3.45507e-06,0.00449906,0.00310945,0.0176227,0.637724,0.109016,0.00422025,0.00260759,1.86955e-05,0.00579512,approach centre, 9 mL/s
4.84167,0.991248,0.000198049,9e-06,3.46856e-06,0.00453194,0.00313622,0.0176635,0.6388,0.109332,0.00421944,0.00261043,1.74388e-05,0.00568816,approach centre, 9 mL/s
4.85,0.991647,0.000198019,9e-06,3.48664e-06,0.00456326,0.00316168,0.0177043,0.639853,0.109614,0.0042219,0.00261504,1.64109e-05,0.00558229,approach centre, 9 mL/s
4.85833,0.992059,0.00019799,9e-06,3.5103e-06,0.00460169,0.00319291,0.017745,0.640998,0.10998,0.00422582,0.00262149,1.52818e-05,0.00547518,approach centre, 9 mL/s
4.86667,0.992483,0.000197961,9e-06,3.53827e-06,0.00463623,0.00322102,0.0177857,0.642089,0.110284,0.00423335,0.00262964,1.43066e-05,0.00536973,approach centre, 9 mL/s
4.875,0.99292,0.000197931,9e-06,3.57145e-06,0.00467713,0.0032542,0.0178263,0.643262,0.110661,0.00424229,0.00263947,1.29605e-05,0.0052633,approach centre, 9 mL/s
4.88333,0.993369,0.000197901,9e-06,3.61024e-06,0.00472213,0.00329067,0.0178668,0.644487,0.111075,0.00425342,0.00265117,1.1342e-05,0.00515686,approach centre, 9 mL/s
4.89167,0.99383,0.00019787,9e-06,3.65413e-06,0.00476688,0.00332695,0.0179072,0.645706,0.111474,0.00426749,0.00266465,9.67308e-06,0.00505122,approach centre, 9 mL/s
4.9,0.994302,0.00019784,9e-06,3.70115e-06,0.00480412,0.0033572,0.0179475,0.646823,0.111775,0.00428517,0.00267939,8.20751e-06,0.0049478,approach centre, 9 mL/s
4.90833,0.994786,0.000197808,9e-06,3.75238e-06,0.00484768,0.00339263,0.0179877,0.64802,0.11215,0.00430343,0.00269532,6.49537e-06,0.0048434,approach centre, 9 mL/s
4.91667,0.995281,0.000197777,9e-06,3.80698e-06,0.00488889,0.00342614,0.0180278,0.649184,0.112483,0.00432401,0.00271238,5.08387e-06,0.00474046,approach centre, 9 mL/s
4.925,0.995787,0.000197744,9e-06,3.86563e-06,0.00493437,0.00346307,0.0180677,0.650401,0.11286,0.00434555,0.00273057,3.82809e-06,0.00463727,approach centre, 9 mL/s
4.93333,0.996303,0.000197712,9e-06,3.92875e-06,0.00498318,0.00350271,0.0181075,0.651657,0.113264,0.00436845,0.00275005,2.62158e-06,0.00453431,approach centre, 9 mL/s
4.94167,0.99683,0.000197678,9e-06,3.99484e-06,0.00502656,0.00353784,0.018147,0.65284,0.113592,0.00439408,0.00277053,1.30596e-06,0.00443342,approach centre, 9 mL/s
4.95,0.997367,0.000197644,9e-06,4.0637e-06,0.00506985,0.0035729,0.0181865,0.654019,0.113915,0.00442089,0.00279175,-4.33465e-08,0.00433315,approach centre, 9 mL/s
4.95833,0.997913,0.00019761,9e-06,4.13534e-06,0.00511404,0.00360871,0.0182257,0.655206,0.11424,0.00444861,0.00281365,-1.40623e-06,0.0042335,approach centre, 9 mL/s
4.96667,0.998469,0.000197575,9e-06,4.20954e-06,0.00515802,0.0036444,0.0182648,0.656386,0.114554,0.00447733,0.00283619,-2.72387e-06,0.0041347,approach centre, 9 mL/s
4.975,0.999034,0.000197539,9e-06,4.28664e-06,0.00520417,0.00368193,0.0183036,0.657591,0.114886,0.0045066,0.00285938,-4.06111e-06,0.00403626,approach centre, 9 mL/s
4.98333,0.999608,0.000197503,9e-06,4.36526e-06,0.00524509,0.00371521,0.0183422,0.658725,0.115148,0.00453754,0.00288297,-5.00946e-06,0.00393977,approach centre, 9 mL/s
4.99167,1.00019,0.000197466,9e-06,4.44556e-06,0.00528692,0.0037492,0.0183806,0.659867,0.115417,0.00456869,0.00290682,-5.72786e-06,0.00384384,approach centre, 9 mL/s
5,1.00078,0.000197428,9e-06,4.52565e-06,0.00532094,0.00377683,0.0184188,0.660904,0.115588,0.00460122,0.00293059,-6.22427e-06,0.00375031,approach centre, 9 mL/s
5.00833,1.00138,0.00019739,9e-06,4.60572e-06,0.0053553,0.00380468,0.0184567,0.661943,0.11576,0.00463324,0.00295408,-6.83477e-06,0.00365738,approach centre, 9 mL/s
5.01667,1.00199,0.000197351,9e-06,4.68481e-06,0.0053854,0.00382909,0.0184944,0.662922,0.115877,0.00466541,0.00297716,-7.29523e-06,0.00356613,approach centre, 9 mL/s
5.025,1.0026,0.000197311,9e-06,4.76221e-06,0.00541181,0.00385052,0.0185318,0.66385,0.11595,0.00469725,0.00299959,-7.63217e-06,0.00347627,approach centre, 9 mL/s
5.03333,1.00322,0.000197271,9e-06,4.83923e-06,0.00544292,0.00387576,0.0185689,0.664835,0.116071,0.00472738,0.00302153,-8.0766e-06,0.00338632,approach centre, 9 mL/s
5.04167,1.00385,0.00019723,9e-06,4.91718e-06,0.00547903,0.00390507,0.0186057,0.665879,0.116237,0.00475635,0.00304338,-8.61006e-06,0.00329649,approach centre, 9 mL/s
5.05,1.00448,0.000197188,9e-06,4.99605e-06,0.00551526,0.00393452,0.0186423,0.66692,0.116396,0.00478536,0.00306531,-9.09539e-06,0.00320767,approach centre, 9 mL/s
5.05833,1.00512,0.000197146,9e-06,5.07348e-06,0.00554189,0.00395623,0.0186785,0.667833,0.116444,0.00481569,0.0030869,-9.26589e-06,0.00312148,approach centre, 9 mL/s
5.06667,1.00576,0.000197103,9e-06,5.15034e-06,0.00557145,0.00398035,0.0187144,0.668779,0.116525,0.00484468,0.00310803,-9.54298e-06,0.00303543,approach centre, 9 mL/s
5.075,1.00642,0.000197059,9e-06,5.22906e-06,0.00561036,0.00401201,0.01875,0.669839,0.116697,0.00487192,0.00312921,-9.8792e-06,0.00294884,approach centre, 9 mL/s
5.08333,1.00707,0.000197015,9e-06,5.30593e-06,0.00563481,0.00403196,0.0187853,0.67071,0.116702,0.00490154,0.00315014,-9.74457e-06,0.00286602,approach centre, 9 mL/s
5.09167,1.00773,0.00019697,9e-06,5.38251e-06,0.00566467,0.00405625,0.0188202,0.671644,0.116768,0.00492939,0.00317062,-9.81498e-06,0.00278286,approach centre, 9 mL/s
5.1,1.0084,0.000196925,9e-06,5.46033e-06,0.0057003,0.00408515,0.0188547,0.672646,0.116885,0.00495611,0.00319111,-1.01052e-05,0.00269997,approach centre, 9 mL/s
5.10833,1.00907,0.000196879,9e-06,5.53945e-06,0.00573641,0.00411442,0.0188889,0.673649,0.116997,0.00498301,0.00321178,-1.04307e-05,0.00261819,approach centre, 9 mL/s
5.11667,1.00975,0.000196832,9e-06,5.62113e-06,0.00577764,0.00414783,0.0189228,0.67471,0.117157,0.00500949,0.00323283,-1.09345e-05,0.00253663,approach centre, 9 mL/s
5.125,1.01043,0.000196784,9e-06,5.70438e-06,0.00581581,0.00417881,0.0189562,0.675727,0.117276,0.00503709,0.00325426,-1.13647e-05,0.00245682,approach centre, 9 mL/s
5.13333,1.01111,0.000196736,9e-06,5.7884e-06,0.00585124,0.00420759,0.0189892,0.676702,0.117363,0.00506536,0.0032758,-1.17628e-05,0.00237847,approach centre, 9 mL/s
5.14167,1.0118,0.000196687,9e-06,5.87499e-06,0.00589369,0.00424209,0.0190219,0.67776,0.117519,0.00509272,0.00329765,-1.2403e-05,0.00230003,approach centre, 9 mL/s
5.15,1.01249,0.000196637,9e-06,5.963e-06,0.00593245,0.00427366,0.0190542,0.678764,0.117626,0.00512124,0.00331983,-1.29359e-05,0.00222352,approach centre, 9 mL/s
5.15833,1.01318,0.000196587,9e-06,6.05387e-06,0.00597686,0.00430977,0.019086,0.679834,0.117787,0.00514928,0.0033424,-1.34887e-05,0.00214721,approach centre, 9 mL/s
5.16667,1.01388,0.000196536,9e-06,6.14603e-06,0.00601614,0.00434167,0.0191174,0.680831,0.117886,0.00517879,0.00336531,-1.38926e-05,0.00207313,approach centre, 9 mL/s
5.175,1.01458,0.000196484,9e-06,6.24156e-06,0.0060633,0.00437984,0.0191484,0.681922,0.118061,0.00520749,0.00338866,-1.46695e-05,0.00199897,approach centre, 9 mL/s
5.18333,1.01528,0.000196431,9e-06,6.34163e-06,0.00611547,0.00442204,0.0191789,0.683068,0.118274,0.00523652,0.00341284,-1.56015e-05,0.00192553,approach centre, 9 mL/s
5.19167,1.01598,0.000196377,9e-06,6.44847e-06,0.00617689,0.00447171,0.019209,0.684324,0.118571,0.00526574,0.00343828,-1.68087e-05,0.00185208,approach centre, 9 mL/s
5.2,1.01669,0.000196322,9e-06,6.55975e-06,0.00623172,0.00451614,0.0192386,0.685489,0.118791,0.00529788,0.00346486,-1.78173e-05,0.00178116,approach centre, 9 mL/s
5.20833,1.01739,0.000196267,9e-06,6.67286e-06,0.00627849,0.00455413,0.0192678,0.686545,0.11893,0.0053322,0.00349194,-1.86409e-05,0.00171258,approach centre, 9 mL/s
5.21667,1.0181,0.00019621,9e-06,6.79019e-06,0.0063338,0.00459895,0.0192965,0.687701,0.119149,0.00536574,0.00351953,-1.9841e-05,0.00164399,approach centre, 9 mL/s
5.225,1.01881,0.000196153,9e-06,6.90981e-06,0.00638327,0.0046389,0.0193247,0.688777,0.119299,0.00540112,0.00354764,-2.07714e-05,0.00157793,approach centre, 9 mL/s
5.23333,1.01952,0.000196094,9e-06,7.03179e-06,0.00643333,0.0046793,0.0193524,0.689852,0.119452,0.0054368,0.00357604,-2.17302e-05,0.001513,approach centre, 9 mL/s
5.24167,1.02023,0.000196034,9e-06,7.15521e-06,0.00648062,0.00471749,0.0193796,0.690885,0.119572,0.00547319,0.00360462,-2.25814e-05,0.00144987,approach centre, 9 mL/s
5.25,1.02093,0.000195974,9e-06,7.27853e-06,0.00652276,0.00475147,0.0194063,0.691846,0.119639,0.00551027,0.00363306,-2.34517e-05,0.0013888,approach centre, 9 mL/s
5.25833,1.02164,0.000195912,9e-06,7.40492e-06,0.00657514,0.00479363,0.0194325,0.692928,0.1198,0.00554566,0.00366162,-2.47783e-05,0.00132765,approach centre, 9 mL/s
5.26667,1.02235,0.000195849,9e-06,7.53349e-06,0.00662509,0.00483384,0.0194582,0.693972,0.119927,0.00558194,0.00369052,-2.60141e-05,0.00126845,approach centre, 9 mL/s
5.275,1.02305,0.000195785,9e-06,7.66281e-06,0.00667056,0.00487039,0.0194834,0.694952,0.120008,0.00561907,0.00371947,-2.7304e-05,0.00121124,approach centre, 9 mL/s
5.28333,1.02375,0.00019572,9e-06,7.79478e-06,0.00672204,0.00491162,0.019508,0.695999,0.120141,0.00565534,0.00374856,-2.88368e-05,0.00115468,approach centre, 9 mL/s
5.29167,1.02445,0.000195654,9e-06,7.92897e-06,0.00677239,0.00495186,0.0195321,0.697025,0.120255,0.0056922,0.00377794,-3.02035e-05,0.00109988,approach centre, 9 mL/s
5.3,1.02515,0.000195587,9e-06,8.065e-06,0.0068217,0.00499113,0.0195557,0.69803,0.120355,0.00572951,0.0038075,-3.17169e-05,0.00104671,approach centre, 9 mL/s
5.30833,1.02585,0.000195519,9e-06,8.19911e-06,0.00685929,0.00502107,0.0195787,0.698881,0.120346,0.00576833,0.00383676,-3.26381e-05,0.00099637,approach centre, 9 mL/s
5.31667,1.02654,0.000195449,9e-06,8.33142e-06,0.00689638,0.00505061,0.0196011,0.699718,0.120333,0.00580618,0.00386535,-3.36045e-05,0.0009473,approach centre, 9 mL/s
5.325,1.02722,0.000195379,9e-06,8.46132e-06,0.0069307,0.00507792,0.019623,0.700513,0.120292,0.0058434,0.00389324,-3.44704e-05,0.000900009,approach centre, 9 mL/s
5.33333,1.02791,0.000195307,9e-06,8.58875e-06,0.00696391,0.00510431,0.0196443,0.701285,0.120239,0.00587963,0.00392037,-3.53532e-05,0.000854234,approach centre, 9 mL/s
5.34167,1.02859,0.000195235,9e-06,8.71493e-06,0.00699983,0.00513281,0.0196651,0.702084,0.120208,0.00591443,0.00394689,-3.64289e-05,0.000809567,approach centre, 9 mL/s
5.35,1.02926,0.000195161,9e-06,8.8392e-06,0.00703312,0.00515921,0.0196852,0.702841,0.12015,0.00594883,0.00397288,-3.72267e-05,0.000766701,approach centre, 9 mL/s
5.35833,1.02993,0.000195086,9e-06,8.96371e-06,0.00707209,0.00518998,0.0197048,0.703661,0.120139,0.00598169,0.0039985,-3.83838e-05,0.000724655,approach centre, 9 mL/s
5.36667,1.03059,0.000195011,9e-06,9.08358e-06,0.00709616,0.00520903,0.0197238,0.704288,0.119995,0.00601606,0.00402348,-3.85339e-05,0.000685771,approach centre, 9 mL/s
5.375,1.03125,0.000194934,9e-06,9.1996e-06,0.00712109,0.00522872,0.0197422,0.704916,0.119862,0.00604866,0.0040474,-3.88824e-05,0.000647981,approach centre, 9 mL/s
5.38333,1.03191,0.000194856,9e-06,9.31366e-06,0.0071504,0.00525182,0.01976,0.705591,0.119765,0.00607935,0.00407057,-3.95134e-05,0.000611225,approach centre, 9 mL/s
5.39167,1.03255,0.000194778,9e-06,9.4261e-06,0.00717998,0.00527512,0.0197772,0.70626,0.119666,0.00610918,0.00409323,-4.01228e-05,0.000575955,approach centre, 9 mL/s
5.4,1.03319,0.000194698,9e-06,9.53755e-06,0.00721083,0.00529941,0.0197937,0.706936,0.119578,0.00613815,0.00411548,-4.08339e-05,0.000542017,approach centre, 9 mL/s
5.40833,1.03383,0.000194618,9e-06,9.64534e-06,0.00723332,0.00531715,0.0198097,0.7075,0.119417,0.00616759,0.00413714,-4.09525e-05,0.000510427,approach centre, 9 mL/s
5.41667,1.03445,0.000194537,9e-06,9.75178e-06,0.00726148,0.00533922,0.019825,0.708125,0.119305,0.00619512,0.00415818,-4.15805e-05,0.000479653,approach centre, 9 mL/s
5.425,1.03507,0.000194455,9e-06,9.85672e-06,0.0072886,0.00536045,0.0198398,0.708728,0.119181,0.0062222,0.00417882,-4.20602e-05,0.000450568,approach centre, 9 mL/s
5.43333,1.03568,0.000194371,9e-06,9.96221e-06,0.00732116,0.00538587,0.0198539,0.70939,0.119101,0.00624802,0.00419925,-4.29996e-05,0.000422443,approach centre, 9 mL/s
5.44167,1.03629,0.000194288,9e-06,1.00664e-05,0.00734832,0.00540709,0.0198673,0.709976,0.118975,0.00627444,0.00421952,-4.34621e-05,0.000396405,approach centre, 9 mL/s
5.45,1.03688,0.000194203,9e-06,1.01686e-05,0.00737304,0.00542642,0.0198802,0.710522,0.11883,0.00630059,0.00423937,-4.38322e-05,0.000372006,approach centre, 9 mL/s
5.45833,1.03747,0.000194117,9e-06,1.02695e-05,0.00739939,0.00544697,0.0198924,0.711079,0.118699,0.00632582,0.0042588,-4.44438e-05,0.000348963,approach centre, 9 mL/s
5.46667,1.03805,0.000194031,9e-06,1.03682e-05,0.00742222,0.00546475,0.0199039,0.711583,0.118538,0.00635098,0.00427782,-4.47326e-05,0.000327789,approach centre, 9 mL/s
5.475,1.03863,0.000193944,9e-06,1.04671e-05,0.00745134,0.00548732,0.0199148,0.712156,0.118428,0.00637463,0.00429654,-4.56083e-05,0.000307545,approach centre, 9 mL/s
5.48333,1.03919,0.000193856,9e-06,1.05681e-05,0.00748567,0.00551383,0.0199251,0.712784,0.118358,0.0063976,0.0043154,-4.68516e-05,0.000288491,approach centre, 9 mL/s
5.49167,1.03974,0.000193767,9e-06,1.06707e-05,0.00751893,0.00553951,0.0199347,0.713389,0.118278,0.00642111,0.00433454,-4.79722e-05,0.000271135,approach centre, 9 mL/s
5.5,1.04029,0.000193677,9e-06,1.07745e-05,0.00755171,0.00556477,0.0199437,0.713979,0.118194,0.00644496,0.00435387,-4.91582e-05,0.000255375,approach centre, 9 mL/s
5.50833,1.04083,0.000193586,9e-06,1.08796e-05,0.00758455,0.00559,0.019952,0.71456,0.118111,0.00646901,0.00437337,-5.04115e-05,0.000241198,approach centre, 9 mL/s
5.51667,1.04136,0.000193495,9e-06,1.09848e-05,0.00761422,0.00561275,0.0199596,0.715093,0.118002,0.00649361,0.00439292,-5.13555e-05,0.000228859,approach centre, 9 mL/s
5.525,1.04187,0.000193402,9e-06,1.10897e-05,0.00764289,0.0056347,0.0199666,0.715603,0.117888,0.00651819,0.00441237,-5.22612e-05,0.000218123,approach centre, 9 mL/s
5.53333,1.04238,0.000193309,9e-06,1.11958e-05,0.00767504,0.00565927,0.0199729,0.716147,0.1178,0.00654217,0.00443182,-5.34749e-05,0.000208684,approach centre, 9 mL/s
5.54167,1.04288,0.000193215,9e-06,1.13038e-05,0.00770969,0.00568566,0.0199786,0.716713,0.117732,0.00656601,0.00445147,-5.49091e-05,0.000200688,approach centre, 9 mL/s
5.55,1.04337,0.00019312,9e-06,1.14114e-05,0.00773825,0.00570741,0.0199836,0.717194,0.117617,0.00659091,0.00447121,-5.58507e-05,0.000194749,approach centre, 9 mL/s
5.55833,1.04385,0.000193024,9e-06,1.15151e-05,0.00775699,0.00572174,0.019988,0.717543,0.11743,0.00661663,0.0044905,-5.59672e-05,0.000191003,approach centre, 9 mL/s
5.56667,1.04431,0.000192927,9e-06,1.16182e-05,0.00778393,0.00574218,0.0199916,0.717984,0.117309,0.00664029,0.00450928,-5.69048e-05,0.000188163,approach centre, 9 mL/s
5.575,1.04477,0.000192829,9e-06,1.17216e-05,0.00781215,0.00576355,0.0199946,0.718433,0.117197,0.00666356,0.00452797,-5.7806e-05,0.000186902,approach centre, 9 mL/s
5.58333,1.04521,0.000192731,9e-06,1.18227e-05,0.00783422,0.00578029,0.019997,0.718795,0.11704,0.0066874,0.00454642,-5.81361e-05,0.000187618,approach centre, 9 mL/s
5.59167,1.04565,0.000192631,9e-06,1.19235e-05,0.00786026,0.00579994,0.0199987,0.719197,0.116916,0.00671014,0.00456458,-5.89371e-05,0.000189592,approach centre, 9 mL/s
5.6,1.04607,0.000192531,9e-06,1.202e-05,0.00787591,0.00581181,0.0199997,0.719461,0.116715,0.0067338,0.00458229,-5.8717e-05,0.000193839,approach centre, 9 mL/s
5.60833,1.04601,0.00019243,5e-06,1.21018e-05,0.00786256,0.00580182,0.02,0.719331,0.116452,0.00675958,0.00459839,-5.60874e-05,0.000195796,lift
5.61667,1.04592,0.000192329,4.97619e-06,1.21918e-05,0.00784751,0.00579054,0.0200699,0.718852,0.118288,0.00672959,0.00461603,-5.36304e-05,8.08111e-05,lift
5.625,1.04582,0.000192226,4.95238e-06,1.23017e-05,0.00783015,0.00577752,0.0202792,0.718122,0.121069,0.00667187,0.00463764,-5.09116e-05,-0.000130728,lift
5.63333,1.04569,0.000192123,4.92857e-06,1.24147e-05,0.00780874,0.00576145,0.0206268,0.718033,0.122314,0.00665041,0.0046585,-4.78483e-05,-0.000323644,lift
5.64167,1.04554,0.000192018,4.90476e-06,1.25242e-05,0.00779315,0.00574976,0.0211107,0.719311,0.122896,0.00664819,0.00467464,-4.53229e-05,-0.000523209,lift
5.65,1.04537,0.000191913,4.88095e-06,1.26248e-05,0.00777768,0.00573817,0.0217282,0.722236,0.122944,0.00665754,0.00468411,-4.27022e-05,-0.000728808,lift
5.65833,1.04517,0.000191807,4.85714e-06,1.27152e-05,0.0077662,0.0057296,0.0224758,0.727036,0.122655,0.00667276,0.00468589,-4.04403e-05,-0.000941535,lift
5.66667,1.04495,0.000191701,4.83333e-06,1.27966e-05,0.00776194,0.00572649,0.0233494,0.733802,0.122158,0.00669069,0.00467999,-3.8764e-05,-0.00116056,lift
5.675,1.04471,0.000191593,4.80952e-06,1.28697e-05,0.00776217,0.00572677,0.024344,0.74247,0.121501,0.00671031,0.00466692,-3.73883e-05,-0.00138363,lift
5.68333,1.04444,0.000191486,4.78571e-06,1.29335e-05,0.00776184,0.00572665,0.0254542,0.752903,0.120693,0.00673136,0.00464717,-3.59088e-05,-0.00160762,lift
5.69167,1.04415,0.000191377,4.7619e-06,1.29883e-05,0.00776275,0.0057275,0.0266737,0.764987,0.119791,0.00675274,0.0046214,-3.45792e-05,-0.00183013,lift
5.7,1.04383,0.000191269,4.7381e-06,1.30347e-05,0.0077654,0.00572966,0.0279957,0.778571,0.118826,0.006774,0.00459046,-3.34088e-05,-0.00204844,lift
5.70833,1.0435,0.00019116,4.71429e-06,1.30715e-05,0.0077651,0.00572961,0.0294128,0.793441,0.117783,0.00679554,0.00455505,-3.1987e-05,-0.00225898,lift
5.71667,1.04314,0.000191051,4.69048e-06,1.31028e-05,0.00777429,0.00573668,0.030917,0.80951,0.116784,0.00681542,0.00451637,-3.15343e-05,-0.00246205,lift
5.725,1.04275,0.000190941,4.66667e-06,1.31268e-05,0.0077791,0.00574045,0.0325,0.826486,0.115722,0.00683605,0.00447515,-3.05338e-05,-0.002652,lift
5.73333,1.04234,0.000190832,4.64286e-06,1.31423e-05,0.00778061,0.00574172,0.0341529,0.844201,0.114632,0.00685678,0.00443183,-2.94506e-05,-0.00282778,lift
5.74167,1.04191,0.000190722,4.61905e-06,1.31475e-05,0.00777656,0.00573878,0.0358665,0.86247,0.113503,0.00687753,0.00438672,-2.80013e-05,-0.00298687,lift
5.75,1.04145,0.000190613,4.59524e-06,1.31438e-05,0.00776681,0.0057315,0.0376311,0.881133,0.112348,0.0068986,0.00434054,-2.62677e-05,-0.003128,lift
5.75833,1.04098,0.000190503,4.57143e-06,1.3133e-05,0.00775256,0.00572076,0.039437,0.900044,0.111184,0.00692008,0.004294,-2.43467e-05,-0.00325042,lift
5.76667,1.04047,0.000190394,4.54762e-06,1.31122e-05,0.00772313,0.00569851,0.0412739,0.919008,0.109933,0.00694357,0.00424709,-2.13082e-05,-0.00334977,lift
5.775,1.03995,0.000190285,4.52381e-06,1.30803e-05,0.00768593,0.00567024,0.0431317,0.937938,0.108673,0.00696703,0.00419981,-1.82236e-05,-0.0034287,lift
5.78333,1.0394,0.000190176,4.5e-06,1.30357e-05,0.0076376,0.00563343,0.045,0.9567,0.107372,0.00699071,0.00415217,-1.44472e-05,-0.00348488,lift
5.79167,1.03883,0.000190068,4.47619e-06,1.29756e-05,0.00757151,0.00558291,0.0468683,0.975159,0.10599,0.00701542,0.00410399,-9.54373e-06,-0.00351605,lift
5.8,1.03824,0.000189961,4.45238e-06,1.28996e-05,0.00749666,0.00552533,0.0487261,0.993261,0.104608,0.00703882,0.00405522,-4.73094e-06,-0.0035263,lift
5.80833,1.03762,0.000189854,4.42857e-06,1.28065e-05,0.00740906,0.00545765,0.050563,1.0109,0.103186,0.00706145,0.00400582,8.29728e-07,-0.00351319,lift
5.81667,1.03699,0.000189748,4.40476e-06,1.26918e-05,0.00728945,0.00536465,0.0523689,1.02792,0.101575,0.00708695,0.00395532,8.05052e-06,-0.00346874,lift
5.825,1.03633,0.000189643,4.38095e-06,1.25572e-05,0.00716787,0.00526934,0.0541335,1.04438,0.100048,0.0071082,0.00390373,1.40919e-05,-0.00340985,lift
5.83333,1.03566,0.00018954,4.35714e-06,1.2403e-05,0.00703658,0.00516579,0.0558471,1.06017,0.0984901,0.00712698,0.0038512,2.00159e-05,-0.00332872,lift
5.84167,1.03496,0.000189438,4.33333e-06,1.22277e-05,0.00688451,0.00504501,0.0575,1.07521,0.0968343,0.00714587,0.00379756,2.60045e-05,-0.00322283,lift
5.85,1.03424,0.000189338,4.30952e-06,1.20321e-05,0.00672173,0.00491498,0.059083,1.08947,0.0951754,0.00716217,0.00374276,3.0564e-05,-0.00309967,lift
5.85833,1.03351,0.000189239,4.28571e-06,1.18175e-05,0.00655351,0.00477954,0.0605872,1.10293,0.0935319,0.00717472,0.00368694,3.44294e-05,-0.00296071,lift
5.86667,1.03276,0.000189143,4.2619e-06,1.15845e-05,0.00637156,0.0046326,0.0620043,1.11552,0.0918339,0.00718567,0.00363012,3.72145e-05,-0.00280277,lift
5.875,1.03199,0.000189048,4.2381e-06,1.13338e-05,0.00617948,0.00447682,0.0633263,1.12722,0.0901199,0.0071942,0.0035723,4.03808e-05,-0.00263019,lift
5.88333,1.03121,0.000188956,4.21429e-06,1.1069e-05,0.00599443,0.00432685,0.0645458,1.13804,0.0885389,0.00719517,0.00351378,4.26282e-05,-0.00245534,lift
5.89167,1.03042,0.000188866,4.19048e-06,1.07886e-05,0.00578249,0.00415486,0.065656,1.14785,0.086737,0.00719944,0.00345444,4.63989e-05,-0.00225229,lift
5.9,1.02961,0.000188779,4.16667e-06,1.04968e-05,0.00558344,0.00399322,0.0666506,1.15677,0.0851635,0.00719443,0.00339448,4.86454e-05,-0.00205881,lift
5.90833,1.02878,0.000188694,4.14286e-06,1.01958e-05,0.00538671,0.00383359,0.0675242,1.16474,0.0836012,0.00718394,0.00333422,5.19214e-05,-0.00185635,lift
5.91667,1.02795,0.000188611,4.11905e-06,9.88802e-06,0.00519482,0.00367749,0.0682718,1.17175,0.0821299,0.00716759,0.00327386,5.41056e-05,-0.00165408,lift
5.925,1.0271,0.000188532,4.09524e-06,9.57474e-06,0.00499929,0.00351876,0.0688893,1.17777,0.0806444,0.00714849,0.00321352,5.70091e-05,-0.00144492,lift
5.93333,1.02625,0.000188455,4.07143e-06,9.25981e-06,0.00482643,0.00337804,0.0693732,1.1829,0.0794213,0.00711713,0.00315351,5.90229e-05,-0.00125159,lift
5.94167,1.02539,0.00018838,4.04762e-06,8.94452e-06,0.00465586,0.00323947,0.0697208,1.18704,0.0781944,0.00708146,0.00309407,6.11475e-05,-0.00105295,lift
5.95,1.02452,0.000188308,4.02381e-06,8.63151e-06,0.0045034,0.00311537,0.0699301,1.19028,0.0771915,0.00703534,0.00303541,6.27805e-05,-0.000869172,lift
5.95833,1.02365,0.000188239,4e-06,8.3223e-06,0.00436131,0.00299993,0.07,1.19258,0.0762771,0.00698197,0.00297776,6.47689e-05,-0.000688982,cut through, high
5.96667,1.02276,0.000188172,3.96875e-06,8.02125e-06,0.00422812,0.00289161,0.07,1.1938,0.0778471,0.00684997,0.00292179,6.50172e-05,-0.000791738,cut through, high
5.975,1.02188,0.000188107,3.9375e-06,7.73196e-06,0.00412014,0.0028037,0.07,1.19422,0.0804719,0.00666788,0.00286791,6.67438e-05,-0.00103969,cut through, high
5.98333,1.02099,0.000188045,3.90625e-06,7.45254e-06,0.00401926,0.00272173,0.07,1.19425,0.081732,0.00652822,0.00281547,6.69648e-05,-0.00116999,cut through, high
5.99167,1.0201,0.000187985,3.875e-06,7.18297e-06,0.00393639,0.00265433,0.07,1.19413,0.0830023,0.00640759,0.00276413,6.64287e-05,-0.00131532,cut through, high
6,1.0192,0.000187928,3.84375e-06,6.92386e-06,0.00387405,0.00260372,0.07,1.19397,0.0841174,0.00629486,0.0027139,6.62173e-05,-0.00145409,cut through, high
6.00833,1.0183,0.000187872,3.8125e-06,6.67631e-06,0.0038361,0.0025728,0.07,1.19388,0.085344,0.00618291,0.00266495,6.57376e-05,-0.00160955,cut through, high
6.01667,1.0174,0.000187818,3.78125e-06,6.44007e-06,0.0038055,0.00254788,0.07,1.19377,0.0864807,0.0060765,0.0026174,6.5119e-05,-0.00176529,cut through, high
6.025,1.0165,0.000187767,3.75e-06,6.21491e-06,0.0037813,0.00252821,0.07,1.19367,0.0876245,0.00597392,0.00257127,6.42676e-05,-0.00193059,cut through, high
6.03333,1.0156,0.000187717,3.71875e-06,6.00108e-06,0.0037688,0.00251804,0.07,1.19362,0.0888495,0.00587166,0.0025266,6.30638e-05,-0.00211033,cut through, high
6.04167,1.0147,0.000187668,3.6875e-06,5.79832e-06,0.00376156,0.00251215,0.07,1.19358,0.0900772,0.0057721,0.00248349,6.18193e-05,-0.00229815,cut through, high
6.05,1.0138,0.000187622,3.65625e-06,5.60669e-06,0.00376263,0.00251301,0.07,1.1936,0.0913831,0.00567354,0.00244199,6.0343e-05,-0.00250021,cut through, high
6.05833,1.01291,0.000187576,3.625e-06,5.42577e-06,0.00376643,0.00251609,0.07,1.19363,0.0926807,0.00557833,0.00240214,5.8898e-05,-0.00270934,cut through, high
6.06667,1.01201,0.000187533,3.59375e-06,5.25542e-06,0.00377586,0.00252373,0.07,1.19369,0.094037,0.00548511,0.00236396,5.72926e-05,-0.00293105,cut through, high
6.075,1.01112,0.00018749,3.5625e-06,5.09507e-06,0.0037854,0.00253147,0.07,1.19375,0.0953624,0.00539614,0.00232746,5.5783e-05,-0.00315802,cut through, high
6.08333,1.01023,0.000187449,3.53125e-06,4.94363e-06,0.00378832,0.00253384,0.07,1.19376,0.0965914,0.00531377,0.00229251,5.4533e-05,-0.00338611,cut through, high
6.09167,1.00934,0.000187409,3.5e-06,4.80085e-06,0.00379416,0.00253858,0.07,1.19379,0.0978653,0.00523382,0.00225903,5.31378e-05,-0.00362605,cut through, high
6.1,1.00845,0.00018737,3.46875e-06,4.66596e-06,0.00379615,0.00254019,0.07,1.19379,0.0990573,0.0051588,0.00222698,5.19859e-05,-0.00386735,cut through, high
6.10833,1.00757,0.000187332,3.4375e-06,4.53818e-06,0.00379393,0.00253838,0.07,1.19376,0.100195,0.00508849,0.00219621,5.09595e-05,-0.00411302,cut through, high
6.11667,1.00669,0.000187295,3.40625e-06,4.41609e-06,0.00377909,0.00252633,0.07,1.19364,0.101153,0.00502549,0.00216651,5.03967e-05,-0.00435364,cut through, high
6.125,1.00581,0.00018726,3.375e-06,4.29876e-06,0.00375664,0.00250811,0.07,1.19346,0.102027,0.00496723,0.00213762,4.99504e-05,-0.00459716,cut through, high
6.13333,1.00493,0.000187225,3.34375e-06,4.18506e-06,0.00372299,0.00248079,0.07,1.19321,0.102738,0.00491451,0.00210934,4.97386e-05,-0.00483701,cut through, high
6.14167,1.00406,0.000187191,3.3125e-06,4.07403e-06,0.00367923,0.00244515,0.07,1.19288,0.103315,0.00486643,0.00208141,4.92851e-05,-0.00507591,cut through, high
6.15,1.0032,0.000187158,3.28125e-06,3.96535e-06,0.00363251,0.00240715,0.07,1.19252,0.103846,0.00481991,0.00205372,4.90542e-05,-0.00532006,cut through, high
6.15833,1.00233,0.000187126,3.25e-06,3.85768e-06,0.00356907,0.00235568,0.07,1.19205,0.104113,0.00477977,0.00202603,4.94886e-05,-0.00555286,cut through, high
6.16667,1.00147,0.000187094,3.21875e-06,3.7501e-06,0.00349253,0.00229341,0.07,1.19149,0.104208,0.00474432,0.00199804,5.1244e-05,-0.00578235,cut through, high
6.175,1.00062,0.000187064,3.1875e-06,3.64317e-06,0.00342137,0.00223557,0.07,1.19096,0.104367,0.00470614,0.00196977,5.22302e-05,-0.00602518,cut through, high
6.18333,0.999765,0.000187035,3.15625e-06,3.53592e-06,0.00333488,0.00216506,0.07,1.19032,0.104224,0.00467365,0.00194109,5.26773e-05,-0.00625215,cut through, high
6.19167,0.998917,0.000187006,3.125e-06,3.42772e-06,0.00323553,0.00208412,0.07,1.18959,0.1039,0.00464563,0.00191176,5.47068e-05,-0.0064752,cut through, high
6.2,0.998073,0.000186978,3.09375e-06,3.31816e-06,0.00312463,0.00199366,0.07,1.18878,0.103359,0.00462177,0.00188163,5.79835e-05,-0.00668999,cut through, high
6.20833,0.997232,0.000186952,3.0625e-06,3.20775e-06,0.00301535,0.0019042,0.07,1.18798,0.102803,0.00459668,0.00185072,5.85037e-05,-0.00691186,cut through, high
6.21667,0.996396,0.000186926,3.03125e-06,3.09637e-06,0.00289747,0.00180737,0.07,1.18712,0.102011,0.00457548,0.00181901,6.27389e-05,-0.00712206,cut through, high
6.225,0.995564,0.000186901,3e-06,2.98348e-06,0.00276158,0.00169544,0.07,1.18613,0.100863,0.00456366,0.00178636,6.39496e-05,-0.00731273,cut through, high
6.23333,0.994737,0.000186877,2.96875e-06,2.86999e-06,0.00263202,0.00158812,0.07,1.18519,0.0997727,0.00454979,0.00175281,6.81481e-05,-0.00751612,cut through, high
6.24167,0.993914,0.000186854,2.9375e-06,2.75696e-06,0.00251465,0.00149035,0.07,1.18433,0.0987458,0.0045307,0.00171863,6.76942e-05,-0.00772946,cut through, high
6.25,0.993095,0.000186832,2.90625e-06,2.64479e-06,0.00239864,0.00139336,0.07,1.18348,0.0976005,0.00451286,0.00168397,7.11088e-05,-0.00793835,cut through, high
6.25833,0.992282,0.000186811,2.875e-06,2.53352e-06,0.00227614,0.00129003,0.07,1.18259,0.0962042,0.00450282,0.00164886,7.03281e-05,-0.00813252,cut through, high
6.26667,0.991473,0.000186791,2.84375e-06,2.42373e-06,0.00215961,0.00119159,0.07,1.18175,0.094843,0.00449245,0.00161338,7.24669e-05,-0.00833623,cut through, high
6.275,0.990669,0.000186771,2.8125e-06,2.31615e-06,0.00205646,0.00110317,0.07,1.181,0.093574,0.00447709,0.00157774,7.07867e-05,-0.00855107,cut through, high
6.28333,0.989871,0.000186753,2.78125e-06,2.21126e-06,0.00196384,0.00102419,0.07,1.18033,0.0923951,0.00445655,0.00154209,6.97185e-05,-0.00877771,cut through, high
6.29167,0.989077,0.000186735,2.75e-06,2.10954e-06,0.00188361,0.000954665,0.07,1.17974,0.0913231,0.00443001,0.00150663,6.97906e-05,-0.00901608,cut through, high
6.3,0.988289,0.000186719,2.71875e-06,2.01129e-06,0.00181518,0.000894872,0.07,1.17925,0.0903867,0.00439615,0.00147148,6.63463e-05,-0.00926884,cut through, high
6.30833,0.987508,0.000186703,2.6875e-06,1.91675e-06,0.00175754,0.00084492,0.07,1.17883,0.0896016,0.00435366,0.00143677,6.42369e-05,-0.0095374,cut through, high
6.31667,0.986738,0.000186687,2.65625e-06,1.82631e-06,0.00172034,0.000812713,0.07,1.17856,0.0892292,0.0042912,0.00140264,6.21119e-05,-0.00984352,cut through, high
6.325,0.985979,0.000186673,2.625e-06,1.74027e-06,0.00170191,0.000796684,0.07,1.17844,0.0892842,0.00420546,0.00136927,6.05336e-05,-0.0101862,cut through, high
6.33333,0.98523,0.000186659,2.59375e-06,1.65883e-06,0.00169947,0.000794527,0.07,1.17844,0.0895739,0.00410588,0.00133683,5.91847e-05,-0.0105473,cut through, high
6.34167,0.984491,0.000186646,2.5625e-06,1.58242e-06,0.00172423,0.000815988,0.07,1.17857,0.0902602,0.00399043,0.00130558,5.84518e-05,-0.0109407,cut through, high
6.35,0.983762,0.000186633,2.53125e-06,1.51142e-06,0.0017711,0.000856489,0.07,1.1789,0.0915436,0.00385294,0.00127572,5.81183e-05,-0.0113822,cut through, high
6.35833,0.983043,0.000186621,2.5e-06,1.44609e-06,0.00183585,0.000912651,0.07,1.17936,0.0930632,0.00370938,0.00124754,5.79783e-05,-0.0118367,cut through, high
6.36667,0.982333,0.00018661,2.46875e-06,1.3869e-06,0.00192265,0.000988501,0.07,1.17998,0.0950094,0.00356089,0.00122135,5.67143e-05,-0.012322,cut through, high
6.375,0.981633,0.000186599,2.4375e-06,1.33411e-06,0.00202092,0.00107255,0.07,1.18067,0.0969561,0.00342194,0.00119745,5.39644e-05,-0.0127971,cut through, high
6.38333,0.980942,0.000186588,2.40625e-06,1.2887e-06,0.00214828,0.0011816,0.07,1.18158,0.0994591,0.00328274,0.00117634,5.28016e-05,-0.0133119,cut through, high
6.39167,0.980261,0.000186577,2.375e-06,1.25078e-06,0.00227825,0.0012915,0.07,1.1825,0.101681,0.00316298,0.00115836,4.72435e-05,-0.0137903,cut through, high
6.4,0.979587,0.000186567,2.34375e-06,1.22083e-06,0.00241808,0.00140936,0.07,1.18349,0.104056,0.00305739,0.00114384,4.44642e-05,-0.0142749,cut through, high
6.40833,0.978923,0.000186557,2.3125e-06,1.19909e-06,0.0025609,0.00152858,0.07,1.1845,0.10628,0.00296915,0.00113303,3.90804e-05,-0.0147369,cut through, high
6.41667,0.978266,0.000186547,2.28125e-06,1.18632e-06,0.00271655,0.00165797,0.07,1.1856,0.108652,0.0028939,0.00112636,3.32606e-05,-0.0152029,cut through, high
6.425,0.977617,0.000186538,2.25e-06,1.18248e-06,0.00286834,0.0017832,0.07,1.18667,0.110766,0.00283709,0.00112394,2.95967e-05,-0.0156382,cut through, high
6.43333,0.976976,0.000186528,2.21875e-06,1.19045e-06,0.00300541,0.00189581,0.07,1.18764,0.112581,0.00280339,0.00112719,2.29506e-05,-0.0160443,cut through, high
6.44167,0.976341,0.000186517,2.1875e-06,1.21203e-06,0.00313253,0.00199987,0.07,1.18853,0.114201,0.00279115,0.00113686,2.06467e-05,-0.0164302,cut through, high
6.45,0.975713,0.000186507,2.15625e-06,1.24378e-06,0.00323581,0.00208414,0.07,1.18926,0.115392,0.00279845,0.00115126,1.57362e-05,-0.0167782,cut through, high
6.45833,0.975092,0.000186496,2.125e-06,1.28304e-06,0.00332174,0.00215419,0.07,1.18985,0.116345,0.00281888,0.00116895,1.36171e-05,-0.0171056,cut through, high
6.46667,0.974476,0.000186485,2.09375e-06,1.32766e-06,0.00339406,0.00221317,0.07,1.19036,0.117078,0.00284818,0.00118882,1.22765e-05,-0.0174124,cut through, high
6.475,0.973865,0.000186474,2.0625e-06,1.37286e-06,0.00343227,0.00224426,0.07,1.19062,0.117277,0.00288618,0.00120874,1.11432e-05,-0.017676,cut through, high
6.48333,0.973259,0.000186462,2.03125e-06,1.41477e-06,0.00344119,0.00225151,0.07,1.19067,0.117102,0.00292754,0.00122704,1.08993e-05,-0.0179113,cut through, high
6.49167,0.972657,0.00018645,2e-06,1.44956e-06,0.00341859,0.00223316,0.07,1.1905,0.11647,0.00296938,0.00124215,1.15815e-05,-0.018111,cut through, high
6.5,0.972059,0.000186438,1.96875e-06,1.47391e-06,0.00336462,0.00218915,0.07,1.19011,0.115396,0.00300916,0.0012528,1.24733e-05,-0.0182769,cut through, high
6.50833,0.971464,0.000186425,1.9375e-06,1.48415e-06,0.00327178,0.00211357,0.07,1.18945,0.113739,0.00304624,0.00125757,1.45973e-05,-0.0183984,cut through, high
6.51667,0.970873,0.000186413,1.90625e-06,1.48192e-06,0.00316139,0.00202346,0.07,1.18866,0.111844,0.00307729,0.00125713,1.90965e-05,-0.0185016,cut through, high
6.525,0.970285,0.000186401,1.875e-06,1.47101e-06,0.00302063,0.00190836,0.07,1.18766,0.109382,0.00311116,0.00125314,2.18396e-05,-0.0185586,cut through, high
6.53333,0.9697,0.000186389,1.84375e-06,1.45051e-06,0.00284571,0.00176471,0.07,1.18641,0.106314,0.00315045,0.00124517,2.89489e-05,-0.0185676,cut through, high
6.54167,0.969117,0.000186377,1.8125e-06,1.42024e-06,0.0026401,0.00159464,0.07,1.18496,0.102604,0.00319739,0.00123303,3.39842e-05,-0.0185237,cut through, high
6.55,0.968537,0.000186365,1.78125e-06,1.38094e-06,0.00241354,0.00140568,0.07,1.18335,0.0983286,0.00325383,0.00121685,3.90833e-05,-0.0184308,cut through, high
6.55833,0.96796,0.000186354,1.75e-06,1.33407e-06,0.00217715,0.00120635,0.07,1.18167,0.0935562,0.00332278,0.00119706,4.24764e-05,-0.018291,cut through, high
6.56667,0.967385,0.000186344,1.71875e-06,1.28096e-06,0.00192359,0.000989424,0.07,1.17988,0.0879125,0.00342139,0.0011741,4.37786e-05,-0.0180688,cut through, high
6.575,0.966813,0.000186333,1.6875e-06,1.22254e-06,0.0016267,0.000729616,0.07,1.17827,0.082663,0.00352484,0.00114797,3.61709e-05,-0.0178788,cut through, high
6.58333,0.966244,0.000186324,1.65625e-06,1.16146e-06,0.00133999,0.000472894,0.07,1.17802,0.0830892,0.00343565,0.00111903,5.35789e-06,-0.0182008,cut through, high
6.59167,0.965677,0.000186315,1.625e-06,1.10048e-06,0.00110818,0.000262145,0.07,1.17784,0.0817741,0.00334424,0.00108938,-8.36664e-05,-0.018317,cut through, high
6.6,0.965113,0.000186306,1.59375e-06,1.04107e-06,0.000860071,4.90304e-05,0.07,1.17755,0.0810783,0.00325272,0.00105972,-0.000705809,-0.0185029,cut through, high
6.60833,0.964551,0.000186298,1.5625e-06,9.84811e-07,0.000654296,0,0.07,nan,nan,nan,nan,nan,nan,cut through, high
6.61667,0.963992,0.00018629,1.53125e-06,9.31591e-07,0.000489422,0,0.07,nan,nan,nan,nan,nan,nan,cut through, high
6.625,0.963436,0.000186283,1.5e-06,8.81248e-07,0.0004182,0,0.07,nan,nan,nan,nan,nan,nan,cut through, high
6.63333,0.962882,0.000186276,1.46875e-06,8.33625e-07,0.00038864,0,0.07,nan,nan,nan,nan,nan,nan,cut through, high
6.64167,0.962331,0.000186269,1.4375e-06,7.88575e-07,0.000421301,0,0.07,nan,nan,nan,nan,nan,nan,cut through, high
6.65,0.961783,0.000186263,1.40625e-06,7.4596e-07,0.000488247,0,0.07,nan,nan,nan,nan,nan,nan,cut through, high
6.65833,0.961237,0.000186257,1.375e-06,7.05648e-07,0.00062578,0,0.07,nan,nan,nan,nan,nan,nan,cut through, high
6.66667,0.960694,0.000186251,1.34375e-06,6.67514e-07,0.00079339,0,0.07,nan,nan,nan,nan,nan,nan,cut through, high
6.675,0.960153,0.000186246,1.3125e-06,6.31442e-07,0.000966621,0.000136257,0.07,1.17768,0.0672127,0.00253315,0.000825573,-0.000286086,-0.0184664,cut through, high
6.68333,0.959615,0.000186241,1.28125e-06,5.97318e-07,0.00111684,0.000269552,0.07,1.17782,0.0743846,0.00246371,0.000802763,5.00984e-05,-0.0194114,cut through, high
6.69167,0.959078,0.000186236,1.25e-06,5.65039e-07,0.00123712,0.000380515,0.07,1.17789,0.0703557,0.00239632,0.000780828,-5.35763e-06,-0.0191135,cut through, high
6.7,0.958545,0.000186232,1.21875e-06,5.34504e-07,0.00135924,0.000489894,0.07,1.17799,0.0703738,0.00233068,0.000759404,4.8743e-05,-0.0192514,cut through, high
6.70833,0.958013,0.000186228,1.1875e-06,5.05619e-07,0.00150084,0.000617994,0.07,1.1781,0.0689125,0.00226681,0.000738592,4.89042e-05,-0.0192155,cut through, high
6.71667,0.957483,0.000186224,1.15625e-06,4.78295e-07,0.0016318,0.000734025,0.07,1.17822,0.067975,0.00220471,0.000718338,5.80993e-05,-0.0192272,cut through, high
6.725,0.956956,0.00018622,1.125e-06,4.52448e-07,0.00176119,0.000847977,0.07,1.17867,0.0684102,0.0021133,0.000698518,5.78425e-05,-0.0193565,cut through, high
6.73333,0.95643,0.000186216,1.09375e-06,4.27997e-07,0.00187541,0.000947502,0.07,1.17947,0.0699759,0.00199915,0.000679127,5.98434e-05,-0.0195734,cut through, high
6.74167,0.955906,0.000186213,1.0625e-06,4.04868e-07,0.00199169,0.00104813,0.07,1.18028,0.0710894,0.00189591,0.000660277,5.67088e-05,-0.019725,cut through, high
6.75,0.955384,0.00018621,1.03125e-06,3.82989e-07,0.00209582,0.00113724,0.07,1.181,0.071918,0.00180672,0.000641979,5.70145e-05,-0.0198372,cut through, high
6.75833,0.946657,0.000186207,0,3.62292e-07,0.00160125,0.000707398,0.07,1.17813,0.0609251,0.00191874,0.000625313,4.93368e-05,-0.0188834,stop
6.76667,0.937931,0.000186204,0,3.42713e-07,0.00108661,0.000243067,0.0700206,1.17767,0.0646475,0.0018615,0.000608251,-9.53135e-05,-0.0194098,stop
6.775,0.929204,0.000186201,0,3.24193e-07,0.00051785,0,0.0700822,nan,nan,nan,nan,nan,nan,stop
6.78333,0.920477,0.000186199,0,3.06673e-07,-3.11331e-05,0,0.0701847,nan,nan,nan,nan,nan,nan,stop
6.79167,0.911751,0.000186196,0,2.90101e-07,-0.000578058,0,0.0703278,nan,nan,nan,nan,nan,nan,stop
6.8,0.903024,0.000186194,0,2.74423e-07,-0.00116735,0,0.0705111,nan,nan,nan,nan,nan,nan,stop
6.80833,0.894297,0.000186192,0,2.59593e-07,-0.00179052,0,0.0707342,nan,nan,nan,nan,nan,nan,stop
6.81667,0.885571,0.00018619,0,2.45565e-07,-0.00244562,0,0.0709963,nan,nan,nan,nan,nan,nan,stop
6.825,0.876844,0.000186188,0,2.32294e-07,-0.00317923,0,0.0712968,nan,nan,nan,nan,nan,nan,stop
6.83333,0.868117,0.000186186,0,2.19741e-07,-0.0039617,0,0.0716349,nan,nan,nan,nan,nan,nan,stop
6.84167,0.859391,0.000186184,0,2.07866e-07,-0.0047863,0,0.0720096,nan,nan,nan,nan,nan,nan,stop
6.85,0.850664,0.000186183,0,1.96633e-07,-0.00562522,0,0.0724199,nan,nan,nan,nan,nan,nan,stop
6.85833,0.841938,0.000186181,0,1.86007e-07,-0.0065363,0,0.0728647,nan,nan,nan,nan,nan,nan,stop
6.86667,0.833211,0.00018618,0,1.75955e-07,-0.00747717,0,0.0733428,nan,nan,nan,nan,nan,nan,stop
6.875,0.824484,0.000186178,0,1.66446e-07,-0.00841939,0,0.0738528,nan,nan,nan,nan,nan,nan,stop
6.88333,0.815758,0.000186177,0,1.57451e-07,-0.00938897,0,0.0743934,nan,nan,nan,nan,nan,nan,stop
6.89167,0.807031,0.000186176,0,1.48943e-07,-0.0103845,0,0.074963,nan,nan,nan,nan,nan,nan,stop
6.9,0.798304,0.000186175,0,1.40894e-07,-0.0113363,0,0.0755602,nan,nan,nan,nan,nan,nan,stop
6.90833,0.789578,0.000186173,0,1.3328e-07,-0.0123029,0,0.0761832,nan,nan,nan,nan,nan,nan,stop
6.91667,0.780851,0.000186172,0,1.26077e-07,-0.0132635,0,0.0768304,nan,nan,nan,nan,nan,nan,stop
6.925,0.772124,0.000186171,0,1.19264e-07,-0.0141755,0,0.0775,nan,nan,nan,nan,nan,nan,stop
6.93333,0.763398,0.00018617,0,1.12819e-07,-0.0150902,0,0.0781901,nan,nan,nan,nan,nan,nan,stop
6.94167,0.754671,0.00018617,0,1.06722e-07,-0.0159337,0,0.078899,nan,nan,nan,nan,nan,nan,stop
6.95,0.745944,0.000186169,0,1.00955e-07,-0.0167447,0,0.0796245,nan,nan,nan,nan,nan,nan,stop
6.95833,0.737218,0.000186168,0,9.54991e-08,-0.0175293,0,0.0803647,nan,nan,nan,nan,nan,nan,stop
6.96667,0.728491,0.000186167,0,9.03383e-08,-0.0182514,0,0.0811177,nan,nan,nan,nan,nan,nan,stop
6.975,0.719764,0.000186166,0,8.54563e-08,-0.0189347,0,0.0818813,nan,nan,nan,nan,nan,nan,stop
6.98333,0.711038,0.000186166,0,8.08382e-08,-0.0195757,0,0.0826535,nan,nan,nan,nan,nan,nan,stop
6.99167,0.702311,0.000186165,0,7.64697e-08,-0.0201615,0,0.0834321,nan,nan,nan,nan,nan,nan,stop
7,0.693585,0.000186165,0,7.23372e-08,-0.0207158,0,0.084215,nan,nan,nan,nan,nan,nan,stop
7.00833,0.684858,0.000186164,0,6.84281e-08,-0.0212528,0,0.085,nan,nan,nan,nan,nan,nan,stop
7.01667,0.676131,0.000186163,0,6.47302e-08,-0.0217119,0,0.085785,nan,nan,nan,nan,nan,nan,stop
7.025,0.667405,0.000186163,0,6.12321e-08,-0.0221946,0,0.0865679,nan,nan,nan,nan,nan,nan,stop
7.03333,0.658678,0.000186162,0,5.79231e-08,-0.0226452,0,0.0873465,nan,nan,nan,nan,nan,nan,stop
7.04167,0.649951,0.000186162,0,5.47929e-08,-0.0230584,0,0.0881187,nan,nan,nan,nan,nan,nan,stop
7.05,0.641225,0.000186162,0,5.18319e-08,-0.0234828,0,0.0888823,nan,nan,nan,nan,nan,nan,stop
7.05833,0.632498,0.000186161,0,4.90309e-08,-0.0239386,0,0.0896353,nan,nan,nan,nan,nan,nan,stop
7.06667,0.623771,0.000186161,0,4.63812e-08,-0.0243886,0,0.0903755,nan,nan,nan,nan,nan,nan,stop
7.075,0.615045,0.00018616,0,4.38747e-08,-0.0248187,0,0.091101,nan,nan,nan,nan,nan,nan,stop
7.08333,0.606318,0.00018616,0,4.15037e-08,-0.0253007,0,0.0918099,nan,nan,nan,nan,nan,nan,stop
7.09167,0.597591,0.00018616,0,3.92608e-08,-0.0258165,0,0.0925,nan,nan,nan,nan,nan,nan,stop
7.1,0.588865,0.000186159,0,3.71392e-08,-0.0263367,0,0.0931696,nan,nan,nan,nan,nan,nan,stop
7.10833,0.580138,0.000186159,0,3.51321e-08,-0.0268669,0,0.0938168,nan,nan,nan,nan,nan,nan,stop
7.11667,0.571412,0.000186159,0,3.32336e-08,-0.0274464,0,0.0944398,nan,nan,nan,nan,nan,nan,stop
7.125,0.562685,0.000186159,0,3.14376e-08,-0.0280755,0,0.095037,nan,nan,nan,nan,nan,nan,stop
7.13333,0.553958,0.000186158,0,2.97387e-08,-0.0287193,0,0.0956066,nan,nan,nan,nan,nan,nan,stop
7.14167,0.545232,0.000186158,0,2.81316e-08,-0.0294008,0,0.0961472,nan,nan,nan,nan,nan,nan,stop
7.15,0.536505,0.000186158,0,2.66114e-08,-0.0300852,0,0.0966572,nan,nan,nan,nan,nan,nan,stop
7.15833,0.527778,0.000186158,0,2.51733e-08,-0.0308303,0,0.0971353,nan,nan,nan,nan,nan,nan,stop
7.16667,0.519052,0.000186157,0,2.38129e-08,-0.0315658,0,0.0975801,nan,nan,nan,nan,nan,nan,stop
7.175,0.510325,0.000186157,0,2.2526e-08,-0.0323465,0,0.0979904,nan,nan,nan,nan,nan,nan,stop
7.18333,0.501598,0.000186157,0,2.13087e-08,-0.0331379,0,0.0983651,nan,nan,nan,nan,nan,nan,stop
7.19167,0.492872,0.000186157,0,2.01572e-08,-0.0339268,0,0.0987032,nan,nan,nan,nan,nan,nan,stop
7.2,0.484145,0.000186157,0,1.90679e-08,-0.0347435,0,0.0990037,nan,nan,nan,nan,nan,nan,stop
7.20833,0.475418,0.000186157,0,1.80374e-08,-0.035525,0,0.0992658,nan,nan,nan,nan,nan,nan,stop
7.21667,0.466692,0.000186156,0,1.70627e-08,-0.0363193,0,0.0994889,nan,nan,nan,nan,nan,nan,stop
7.225,0.457965,0.000186156,0,1.61406e-08,-0.0371069,0,0.0996722,nan,nan,nan,nan,nan,nan,stop
7.23333,0.449238,0.000186156,0,1.52684e-08,-0.0378651,0,0.0998153,nan,nan,nan,nan,nan,nan,stop
7.24167,0.440512,0.000186156,0,1.44433e-08,-0.0386369,0,0.0999178,nan,nan,nan,nan,nan,nan,stop
7.25,0.431785,0.000186156,0,1.36627e-08,-0.0393684,0,0.0999794,nan,nan,nan,nan,nan,nan,stop
7.25833,0.423059,0.000186156,0,1.29244e-08,-0.0400684,0,0.1,nan,nan,nan,nan,nan,nan,settle
7.26667,0.414332,0.000186156,0,1.2226e-08,-0.0407445,0,0.1,nan,nan,nan,nan,nan,nan,settle
7.275,0.405605,0.000186156,0,1.15653e-08,-0.0414193,0,0.1,nan,nan,nan,nan,nan,nan,settle
7.28333,0.396879,0.000186156,0,1.09403e-08,-0.0420544,0,0.1,nan,nan,nan,nan,nan,nan,settle
7.29167,0.388152,0.000186156,0,1.0349e-08,-0.042649,0,0.1,nan,nan,nan,nan,nan,nan,settle
7.3,0.379425,0.000186155,0,9.78978e-09,-0.0432282,0,0.1,nan,nan,nan,nan,nan,nan,settle
7.30833,0.370699,0.000186155,0,9.26073e-09,-0.0437955,0,0.1,nan,nan,nan,nan,nan,nan,settle
7.31667,0.361972,0.000186155,0,8.76028e-09,-0.044313,0,0.1,nan,nan,nan,nan,nan,nan,settle
7.325,0.353245,0.000186155,0,8.28687e-09,-0.044829,0,0.1,nan,nan,nan,nan,nan,nan,settle
7.33333,0.344519,0.000186155,0,7.83904e-09,-0.0453,0,0.1,nan,nan,nan,nan,nan,nan,settle
7.34167,0.335792,0.000186155,0,7.41542e-09,-0.0457848,0,0.1,nan,nan,nan,nan,nan,nan,settle
7.35,0.327065,0.000186155,0,7.01468e-09,-0.0462283,0,0.1,nan,nan,nan,nan,nan,nan,settle
7.35833,0.318339,0.000186155,0,6.63561e-09,-0.0466757,0,0.1,nan,nan,nan,nan,nan,nan,settle
7.36667,0.309612,0.000186155,0,6.27701e-09,-0.0471256,0,0.1,nan,nan,nan,nan,nan,nan,settle
7.375,0.300885,0.000186155,0,5.9378e-09,-0.0475569,0,0.1,nan,nan,nan,nan,nan,nan,settle
7.38333,0.292159,0.000186155,0,5.61692e-09,-0.0480147,0,0.1,nan,nan,nan,nan,nan,nan,settle
7.39167,0.283432,0.000186155,0,5.31338e-09,-0.0484818,0,0.1,nan,nan,nan,nan,nan,nan,settle
7.4,0.274706,0.000186155,0,5.02624e-09,-0.0489361,0,0.1,nan,nan,nan,nan,nan,nan,settle
7.40833,0.265979,0.000186155,0,4.75462e-09,-0.049389,0,0.1,nan,nan,nan,nan,nan,nan,settle
7.41667,0.257252,0.000186155,0,4.49768e-09,-0.0498614,0,0.1,nan,nan,nan,nan,nan,nan,settle
7.425,0.248526,0.000186155,0,4.25462e-09,-0.0503503,0,0.1,nan,nan,nan,nan,nan,nan,settle
7.43333,0.239799,0.000186155,0,4.0247e-09,-0.0508444,0,0.1,nan,nan,nan,nan,nan,nan,settle
7.44167,0.231072,0.000186155,0,3.8072e-09,-0.0513584,0,0.1,nan,nan,nan,nan,nan,nan,settle
7.45,0.222346,0.000186155,0,3.60146e-09,-0.0518923,0,0.1,nan,nan,nan,nan,nan,nan,settle
7.45833,0.213619,0.000186155,0,3.40683e-09,-0.0524268,0,0.1,nan,nan,nan,nan,nan,nan,settle
7.46667,0.204892,0.000186154,0,3.22273e-09,-0.0529821,0,0.1,nan,nan,nan,nan,nan,nan,settle
7.475,0.196166,0.000186154,0,3.04857e-09,-0.0535296,0,0.1,nan,nan,nan,nan,nan,nan,settle
7.48333,0.187439,0.000186154,0,2.88382e-09,-0.0540896,0,0.1,nan,nan,nan,nan,nan,nan,settle
7.49167,0.178712,0.000186154,0,2.72798e-09,-0.0546616,0,0.100165,nan,nan,nan,nan,nan,nan,settle
7.5,0.169986,0.000186154,0,2.58056e-09,-0.0552181,0,0.100366,nan,nan,nan,nan,nan,nan,settle
7.50833,0.161259,0.000186154,0,2.4411e-09,-0.055816,0,0.100558,nan,nan,nan,nan,nan,nan,settle
7.51667,0.152532,0.000186154,0,2.30918e-09,-0.0563956,0,0.100833,nan,nan,nan,nan,nan,nan,settle
7.525,0.143806,0.000186154,0,2.18439e-09,-0.0569658,0,0.101447,nan,nan,nan,nan,nan,nan,settle
7.53333,0.135079,0.000186154,0,2.06635e-09,-0.0575319,0,0.10206,nan,nan,nan,nan,nan,nan,settle
7.54167,0.126353,0.000186154,0,1.95468e-09,-0.0581041,0,0.102655,nan,nan,nan,nan,nan,nan,settle
7.55,0.117626,0.000186154,0,1.84905e-09,-0.05865,0,0.10141,nan,nan,nan,nan,nan,nan,settle
7.55833,0.108899,0.000186154,0,1.74913e-09,-0.0591965,0,0.101556,nan,nan,nan,nan,nan,nan,settle
7.56667,0.100173,0.000186154,0,1.6546e-09,-0.0597339,0,0.101694,nan,nan,nan,nan,nan,nan,settle
7.575,0.091446,0.000186154,0,1.56519e-09,-0.0602341,0,0.102289,nan,nan,nan,nan,nan,nan,settle
7.58333,0.0827193,0.000186154,0,1.4806e-09,-0.0607282,0,0.102902,nan,nan,nan,nan,nan,nan,settle
7.59167,0.0739927,0.000186154,0,1.40059e-09,-0.0612201,0,0.103516,nan,nan,nan,nan,nan,nan,settle
7.6,0.065266,0.000186154,0,1.3249e-09,-0.061683,0,0.10412,nan,nan,nan,nan,nan,nan,settle
7.60833,0.0565394,0.000186154,0,1.2533e-09,-0.0621456,0,0.104715,nan,nan,nan,nan,nan,nan,settle
7.61667,0.0478127,0.000186154,0,1.18557e-09,-0.0625673,0,0.10531,nan,nan,nan,nan,nan,nan,settle
7.625,0.0390861,0.000186154,0,1.12151e-09,-0.0629696,0,0.105896,nan,nan,nan,nan,nan,nan,settle
7.63333,0.0303594,0.000186154,0,1.0609e-09,-0.0634252,0,0.106473,nan,nan,nan,nan,nan,nan,settle
7.64167,0.0216328,0.000186154,0,1.00357e-09,-0.0637981,0,0.10705,nan,nan,nan,nan,nan,nan,settle
7.65,0.0129062,0.000186154,0,9.49334e-10,-0.0640366,0,0.107608,nan,nan,nan,nan,nan,nan,settle
7.65833,0.0041795,0.000186154,0,8.98032e-10,-0.0642367,0,0.108167,nan,nan,nan,nan,nan,nan,settle
7.66667,0,0.000186154,0,8.49501e-10,-0.0641644,0,0.108432,nan,nan,nan,nan,nan,nan,settle
7.675,0,0.000186154,0,8.03594e-10,-0.0641886,0,0.108432,nan,nan,nan,nan,nan,nan,settle
7.68333,0,0.000186154,0,7.60167e-10,-0.0642132,0,0.108432,nan,nan,nan,nan,nan,nan,settle
7.69167,0,0.000186154,0,7.19087e-10,-0.0642385,0,0.108432,nan,nan,nan,nan,nan,nan,settle
7.7,0,0.000186154,0,6.80228e-10,-0.0642323,0,0.108432,nan,nan,nan,nan,nan,nan,settle
7.70833,0,0.000186154,0,6.43468e-10,-0.0642015,0,0.108432,nan,nan,nan,nan,nan,nan,settle
7.71667,0,0.000186154,0,6.08694e-10,-0.0641723,0,0.108432,nan,nan,nan,nan,nan,nan,settle
7.725,0,0.000186154,0,5.758e-10,-0.064146,0,0.108432,nan,nan,nan,nan,nan,nan,settle
7.73333,0,0.000186154,0,5.44684e-10,-0.0641233,0,0.108432,nan,nan,nan,nan,nan,nan,settle
7.74167,0,0.000186154,0,5.15249e-10,-0.0641046,0,0.108432,nan,nan,nan,nan,nan,nan,settle
7.75,0,0.000186154,0,4.87404e-10,-0.0640901,0,0.108432,nan,nan,nan,nan,nan,nan,settle
7.75833,0,0.000186154,0,4.61065e-10,-0.0640806,0,0.108432,nan,nan,nan,nan,nan,nan,settle
7.76667,0,0.000186154,0,4.36149e-10,-0.0640754,0,0.108432,nan,nan,nan,nan,nan,nan,settle
7.775,0,0.000186154,0,4.12579e-10,-0.0640751,0,0.108432,nan,nan,nan,nan,nan,nan,settle
7.78333,0,0.000186154,0,3.90283e-10,-0.0640795,0,0.108432,nan,nan,nan,nan,nan,nan,settle
7.79167,0,0.000186154,0,3.69192e-10,-0.0640884,0,0.108432,nan,nan,nan,nan,nan,nan,settle
7.8,0,0.000186154,0,3.4924e-10,-0.0641009,0,0.108432,nan,nan,nan,nan,nan,nan,settle
7.80833,0,0.000186154,0,3.30367e-10,-0.0641174,0,0.108432,nan,nan,nan,nan,nan,nan,settle
7.81667,0,0.000186154,0,3.12514e-10,-0.0641371,0,0.108432,nan,nan,nan,nan,nan,nan,settle
7.825,0,0.000186154,0,2.95626e-10,-0.064159,0,0.108432,nan,nan,nan,nan,nan,nan,settle
7.83333,0,0.000186154,0,2.7965e-10,-0.0641831,0,0.108432,nan,nan,nan,nan,nan,nan,settle
7.84167,0,0.000186154,0,2.64537e-10,-0.0642079,0,0.108432,nan,nan,nan,nan,nan,nan,settle
7.85,0,0.000186154,0,2.50242e-10,-0.0642334,0,0.108432,nan,nan,nan,nan,nan,nan,settle
7.85833,0,0.000186154,0,2.36719e-10,-0.0642432,0,0.108432,nan,nan,nan,nan,nan,nan,settle
7.86667,0,0.000186154,0,2.23926e-10,-0.0642246,0,0.108432,nan,nan,nan,nan,nan,nan,settle
7.875,0,0.000186154,0,2.11825e-10,-0.064207,0,0.108432,nan,nan,nan,nan,nan,nan,settle
7.88333,0,0.000186154,0,2.00378e-10,-0.0641908,0,0.108432,nan,nan,nan,nan,nan,nan,settle
7.89167,0,0.000186154,0,1.89549e-10,-0.0641768,0,0.108432,nan,nan,nan,nan,nan,nan,settle
7.9,0,0.000186154,0,1.79306e-10,-0.0641653,0,0.108432,nan,nan,nan,nan,nan,nan,settle
7.90833,0,0.000186154,0,1.69616e-10,-0.0641562,0,0.108432,nan,nan,nan,nan,nan,nan,settle
7.91667,0,0.000186154,0,1.6045e-10,-0.0641497,0,0.108432,nan,nan,nan,nan,nan,nan,settle
7.925,0,0.000186154,0,1.51779e-10,-0.0641461,0,0.108432,nan,nan,nan,nan,nan,nan,settle
7.93333,0,0.000186154,0,1.43577e-10,-0.0641454,0,0.108432,nan,nan,nan,nan,nan,nan,settle
7.94167,0,0.000186154,0,1.35818e-10,-0.0641474,0,0.108432,nan,nan,nan,nan,nan,nan,settle
7.95,0,0.000186154,0,1.28478e-10,-0.064152,0,0.108432,nan,nan,nan,nan,nan,nan,settle
7.95833,0,0.000186154,0,1.21535e-10,-0.0641592,0,0.108432,nan,nan,nan,nan,nan,nan,settle
7.96667,0,0.000186154,0,1.14968e-10,-0.0641686,0,0.108432,nan,nan,nan,nan,nan,nan,settle
7.975,0,0.000186154,0,1.08755e-10,-0.06418,0,0.108432,nan,nan,nan,nan,nan,nan,settle
7.98333,0,0.000186154,0,1.02877e-10,-0.0641929,0,0.108432,nan,nan,nan,nan,nan,nan,settle
7.99167,0,0.000186154,0,9.73179e-11,-0.064207,0,0.108432,nan,nan,nan,nan,nan,nan,settle
8,0,0.000186154,0,9.20588e-11,-0.0642217,0,0.108432,nan,nan,nan,nan,nan,nan,settle
8.00833,0,0.000186154,0,8.70839e-11,-0.0642368,0,0.108432,nan,nan,nan,nan,nan,nan,settle
8.01667,0,0.000186154,0,8.23778e-11,-0.0642476,0,0.108432,nan,nan,nan,nan,nan,nan,settle
8.025,0,0.000186154,0,7.79261e-11,-0.0642283,0,0.108432,nan,nan,nan,nan,nan,nan,settle
8.03333,0,0.000186154,0,7.37149e-11,-0.0642103,0,0.108432,nan,nan,nan,nan,nan,nan,settle
8.04167,0,0.000186154,0,6.97313e-11,-0.0641938,0,0.108432,nan,nan,nan,nan,nan,nan,settle
8.05,0,0.000186154,0,6.5963e-11,-0.0641792,0,0.108432,nan,nan,nan,nan,nan,nan,settle
8.05833,0,0.000186154,0,6.23983e-11,-0.064167,0,0.108432,nan,nan,nan,nan,nan,nan,settle
8.06667,0,0.000186154,0,5.90263e-11,-0.0641572,0,0.108432,nan,nan,nan,nan,nan,nan,settle
8.075,0,0.000186154,0,5.58365e-11,-0.0641503,0,0.108432,nan,nan,nan,nan,nan,nan,settle
8.08333,0,0.000186154,0,5.2819e-11,-0.0641461,0,0.108432,nan,nan,nan,nan,nan,nan,settle
8.09167,0,0.000186154,0,4.99647e-11,-0.0641447,0,0.108432,nan,nan,nan,nan,nan,nan,settle
8.1,0,0.000186154,0,4.72646e-11,-0.0641462,0,0.108432,nan,nan,nan,nan,nan,nan,settle
8.10833,0,0.000186154,0,4.47104e-11,-0.0641503,0,0.108432,nan,nan,nan,nan,nan,nan,settle
8.11667,0,0.000186154,0,4.22942e-11,-0.064157,0,0.108432,nan,nan,nan,nan,nan,nan,settle
8.125,0,0.000186154,0,4.00086e-11,-0.0641659,0,0.108432,nan,nan,nan,nan,nan,nan,settle
8.13333,0,0.000186154,0,3.78465e-11,-0.0641771,0,0.108432,nan,nan,nan,nan,nan,nan,settle
8.14167,0,0.000186154,0,3.58013e-11,-0.0641897,0,0.108432,nan,nan,nan,nan,nan,nan,settle
8.15,0,0.000186154,0,3.38665e-11,-0.0642037,0,0.108432,nan,nan,nan,nan,nan,nan,settle
8.15833,0,0.000186154,0,3.20364e-11,-0.0642184,0,0.108432,nan,nan,nan,nan,nan,nan,settle
8.16667,0,0.000186154,0,3.03051e-11,-0.0642337,0,0.108432,nan,nan,nan,nan,nan,nan,settle
8.175,0,0.000186154,0,2.86674e-11,-0.0642486,0,0.108432,nan,nan,nan,nan,nan,nan,settle
8.18333,0,0.000186154,0,2.71182e-11,-0.0642393,0,0.108432,nan,nan,nan,nan,nan,nan,settle
8.19167,0,0.000186154,0,2.56527e-11,-0.0642285,0,0.108432,nan,nan,nan,nan,nan,nan,settle
8.2,0,0.000186154,0,2.42664e-11,-0.0642183,0,0.108432,nan,nan,nan,nan,nan,nan,settle
8.20833,0,0.000186154,0,2.29551e-11,-0.0642093,0,0.108432,nan,nan,nan,nan,nan,nan,settle
8.21667,0,0.000186154,0,2.17146e-11,-0.0642018,0,0.108432,nan,nan,nan,nan,nan,nan,settle
8.225,0,0.000186154,0,2.05411e-11,-0.0641957,0,0.108432,nan,nan,nan,nan,nan,nan,settle
8.23333,0,0.000186154,0,1.9431e-11,-0.0641912,0,0.108432,nan,nan,nan,nan,nan,nan,settle
8.24167,0,0.000186154,0,1.8381e-11,-0.0641883,0,0.108432,nan,nan,nan,nan,nan,nan,settle
8.25,0,0.000186154,0,1.73877e-11,-0.0641872,0,0.108432,nan,nan,nan,nan,nan,nan,settle
