ISO-10303-21;
HEADER;
/* Generated by software containing ST-Developer
 * from STEP Tools, Inc. (www.steptools.com) 
 */
/* OPTION: using custom schema-name function */

FILE_DESCRIPTION(
/* description */ (''),
/* implementation_level */ '2;1');

FILE_NAME(
/* name */ '\X2\676F5B50\X0\.stp',
/* time_stamp */ '2026-09-27T18:26:53+08:00',
/* author */ (''),
/* organization */ (''),
/* preprocessor_version */ 'ST-DEVELOPER v16.7',
/* originating_system */ 'SIEMENS PLM Software NX 12.0',
/* authorisation */ '');

FILE_SCHEMA (('AUTOMOTIVE_DESIGN { 1 0 10303 214 3 1 1 1 }'));
ENDSEC;

DATA;
#10=PROPERTY_DEFINITION_REPRESENTATION(#14,#12);
#11=PROPERTY_DEFINITION_REPRESENTATION(#15,#13);
#12=REPRESENTATION('',(#16),#2734);
#13=REPRESENTATION('',(#17),#2734);
#14=PROPERTY_DEFINITION('pmi validation property','',#21);
#15=PROPERTY_DEFINITION('pmi validation property','',#21);
#16=VALUE_REPRESENTATION_ITEM('number of annotations',COUNT_MEASURE(0.));
#17=VALUE_REPRESENTATION_ITEM('number of views',COUNT_MEASURE(0.));
#18=SHAPE_REPRESENTATION_RELATIONSHIP('None',
'relationship between aCB48F4A804fc-None and aCB48F4A804fc-None',#30,#19);
#19=ADVANCED_BREP_SHAPE_REPRESENTATION('aCB48F4A804fc-None',(#40),#2734);
#20=SHAPE_DEFINITION_REPRESENTATION(#21,#30);
#21=PRODUCT_DEFINITION_SHAPE('','',#22);
#22=PRODUCT_DEFINITION(' ','',#24,#23);
#23=PRODUCT_DEFINITION_CONTEXT('part definition',#29,'design');
#24=PRODUCT_DEFINITION_FORMATION_WITH_SPECIFIED_SOURCE(' ',' ',#26,
 .NOT_KNOWN.);
#25=PRODUCT_RELATED_PRODUCT_CATEGORY('part','',(#26));
#26=PRODUCT('aCB48F4A804fc','aCB48F4A804fc',' ',(#27));
#27=PRODUCT_CONTEXT(' ',#29,'mechanical');
#28=APPLICATION_PROTOCOL_DEFINITION('international standard',
'automotive_design',2010,#29);
#29=APPLICATION_CONTEXT(
'core data for automotive mechanical design processes');
#30=SHAPE_REPRESENTATION('aCB48F4A804fc-None',(#1078),#2734);
#31=PRESENTATION_LAYER_ASSIGNMENT('1','Layer 1',(#40));
#32=STYLED_ITEM('',(#33),#40);
#33=PRESENTATION_STYLE_ASSIGNMENT((#34));
#34=SURFACE_STYLE_USAGE(.BOTH.,#35);
#35=SURFACE_SIDE_STYLE('',(#36));
#36=SURFACE_STYLE_FILL_AREA(#37);
#37=FILL_AREA_STYLE('',(#38));
#38=FILL_AREA_STYLE_COLOUR('',#39);
#39=COLOUR_RGB('Cornflower',0.,0.6,1.);
#40=MANIFOLD_SOLID_BREP('',#41);
#41=CLOSED_SHELL('',(#118,#119,#120,#121,#122,#123,#124,#125,#126,#127,
#128,#129,#130,#131,#132,#133,#134,#135,#136,#137,#138,#139,#140,#141,#142,
#143,#144,#145,#146,#147,#148,#149,#150,#151,#152,#153,#154,#155,#156,#157,
#158,#159,#160,#161,#162,#163,#164,#165,#166,#167,#168,#169,#170,#171,#172,
#173,#174,#175,#176,#177,#178,#179,#180,#181,#182,#183,#184,#185,#186,#187,
#188,#189,#190));
#42=PLANE('',#1099);
#43=PLANE('',#1101);
#44=PLANE('',#1103);
#45=PLANE('',#1111);
#46=PLANE('',#1113);
#47=PLANE('',#1115);
#48=PLANE('',#1123);
#49=PLANE('',#1125);
#50=PLANE('',#1126);
#51=PLANE('',#1133);
#52=PLANE('',#1135);
#53=PLANE('',#1137);
#54=CONICAL_SURFACE('',#1097,8.9417560767855,9.);
#55=CONICAL_SURFACE('',#1109,6.96637939559523,9.);
#56=ELLIPSE('',#1094,321.664474641906,42.5);
#57=ELLIPSE('',#1095,321.664474641906,42.5);
#58=ELLIPSE('',#1098,322.818887685733,50.5);
#59=ELLIPSE('',#1100,322.818887685733,50.5);
#60=ELLIPSE('',#1106,315.143917008956,40.5);
#61=ELLIPSE('',#1107,315.143917008956,40.5);
#62=ELLIPSE('',#1110,316.426434464233,49.5);
#63=ELLIPSE('',#1112,316.426434464233,49.5);
#64=FACE_BOUND('',#291,.T.);
#65=FACE_BOUND('',#292,.T.);
#66=FACE_BOUND('',#293,.T.);
#67=FACE_BOUND('',#294,.T.);
#68=FACE_BOUND('',#299,.T.);
#69=FACE_BOUND('',#300,.T.);
#70=FACE_BOUND('',#301,.T.);
#71=FACE_BOUND('',#302,.T.);
#72=FACE_BOUND('',#307,.T.);
#73=FACE_BOUND('',#308,.T.);
#74=TOROIDAL_SURFACE('',#1083,41.5,0.999999999999999);
#75=TOROIDAL_SURFACE('',#1088,7.77090651067297,1.);
#76=TOROIDAL_SURFACE('',#1104,37.5,5.);
#77=TOROIDAL_SURFACE('',#1116,37.5,3.);
#78=TOROIDAL_SURFACE('',#1148,3.75,1.25);
#79=TOROIDAL_SURFACE('',#1154,3.75,1.25);
#80=TOROIDAL_SURFACE('',#1157,3.75,1.25);
#81=TOROIDAL_SURFACE('',#1162,3.75,1.25);
#82=TOROIDAL_SURFACE('',#1170,3.75,1.25);
#83=TOROIDAL_SURFACE('',#1172,3.75,1.25);
#84=TOROIDAL_SURFACE('',#1179,3.75,1.25);
#85=TOROIDAL_SURFACE('',#1181,3.75,1.25);
#86=TOROIDAL_SURFACE('',#1188,44.5,2.);
#87=TOROIDAL_SURFACE('',#1190,44.5,2.);
#88=TOROIDAL_SURFACE('',#1195,44.5,2.);
#89=TOROIDAL_SURFACE('',#1199,44.5,2.);
#90=(
BOUNDED_SURFACE()
B_SPLINE_SURFACE(5,3,((#1509,#1510,#1511,#1512),(#1513,#1514,#1515,#1516),
(#1517,#1518,#1519,#1520),(#1521,#1522,#1523,#1524),(#1525,#1526,#1527,
#1528),(#1529,#1530,#1531,#1532)),.UNSPECIFIED.,.F.,.F.,.F.)
B_SPLINE_SURFACE_WITH_KNOTS((6,6),(4,4),(0.,1.),(0.,1.),.UNSPECIFIED.)
GEOMETRIC_REPRESENTATION_ITEM()
RATIONAL_B_SPLINE_SURFACE(((1.,1.,1.,1.),(0.600000000000005,0.600516897112592,
0.600993670535304,0.601428936980013),(0.400000000000007,0.400775345668901,
0.401490505802973,0.402143405470019),(0.400000000000007,0.400775345668901,
0.401490505802973,0.402143405470019),(0.600000000000005,0.600516897112592,
0.600993670535304,0.601428936980013),(1.,1.,1.,1.)))
REPRESENTATION_ITEM('')
SURFACE()
);
#91=(
BOUNDED_SURFACE()
B_SPLINE_SURFACE(5,3,((#1561,#1562,#1563,#1564,#1565,#1566),(#1567,#1568,
#1569,#1570,#1571,#1572),(#1573,#1574,#1575,#1576,#1577,#1578),(#1579,#1580,
#1581,#1582,#1583,#1584),(#1585,#1586,#1587,#1588,#1589,#1590),(#1591,#1592,
#1593,#1594,#1595,#1596)),.UNSPECIFIED.,.F.,.F.,.F.)
B_SPLINE_SURFACE_WITH_KNOTS((6,6),(4,2,4),(0.,1.),(0.,0.5,1.),
 .UNSPECIFIED.)
GEOMETRIC_REPRESENTATION_ITEM()
RATIONAL_B_SPLINE_SURFACE(((1.,1.,1.,1.,1.,1.),(0.601428936980022,0.601201751877598,
0.600744956576897,0.599589899563712,0.598894400431298,0.598215175652415),
(0.402143405470033,0.401802627816371,0.40111743486532,0.399384849345593,
0.398341600647023,0.397322763478623),(0.402143405470033,0.401802627816371,
0.40111743486532,0.399384849345593,0.398341600647023,0.397322763478623),
(0.601428936980022,0.601201751877598,0.600744956576897,0.599589899563712,
0.598894400431298,0.598215175652415),(1.,1.,1.,1.,1.,1.)))
REPRESENTATION_ITEM('')
SURFACE()
);
#92=(
BOUNDED_SURFACE()
B_SPLINE_SURFACE(5,3,((#1613,#1614,#1615,#1616),(#1617,#1618,#1619,#1620),
(#1621,#1622,#1623,#1624),(#1625,#1626,#1627,#1628),(#1629,#1630,#1631,
#1632),(#1633,#1634,#1635,#1636)),.UNSPECIFIED.,.F.,.F.,.F.)
B_SPLINE_SURFACE_WITH_KNOTS((6,6),(4,4),(0.,1.),(0.,1.),.UNSPECIFIED.)
GEOMETRIC_REPRESENTATION_ITEM()
RATIONAL_B_SPLINE_SURFACE(((1.,1.,1.,1.),(0.600000000000342,0.599451556465868,
0.598855962138274,0.598215175652262),(0.400000000000513,0.399177334698813,
0.398283943207395,0.397322763478394),(0.400000000000513,0.399177334698813,
0.398283943207395,0.397322763478394),(0.600000000000342,0.599451556465868,
0.598855962138274,0.598215175652262),(1.,1.,1.,1.)))
REPRESENTATION_ITEM('')
SURFACE()
);
#93=(
BOUNDED_SURFACE()
B_SPLINE_SURFACE(5,3,((#1664,#1665,#1666,#1667),(#1668,#1669,#1670,#1671),
(#1672,#1673,#1674,#1675),(#1676,#1677,#1678,#1679),(#1680,#1681,#1682,
#1683),(#1684,#1685,#1686,#1687)),.UNSPECIFIED.,.F.,.F.,.F.)
B_SPLINE_SURFACE_WITH_KNOTS((6,6),(4,4),(0.,1.),(0.,1.),.UNSPECIFIED.)
GEOMETRIC_REPRESENTATION_ITEM()
RATIONAL_B_SPLINE_SURFACE(((1.,1.,1.,1.),(0.600000000000003,0.599451561591838,
0.598855967843259,0.598215175651856),(0.400000000000005,0.399177342387766,
0.398283951764886,0.397322763477784),(0.400000000000005,0.399177342387766,
0.398283951764886,0.397322763477784),(0.600000000000003,0.599451561591838,
0.598855967843259,0.598215175651856),(1.,1.,1.,1.)))
REPRESENTATION_ITEM('')
SURFACE()
);
#94=(
BOUNDED_SURFACE()
B_SPLINE_SURFACE(5,3,((#1716,#1717,#1718,#1719,#1720,#1721),(#1722,#1723,
#1724,#1725,#1726,#1727),(#1728,#1729,#1730,#1731,#1732,#1733),(#1734,#1735,
#1736,#1737,#1738,#1739),(#1740,#1741,#1742,#1743,#1744,#1745),(#1746,#1747,
#1748,#1749,#1750,#1751)),.UNSPECIFIED.,.F.,.F.,.F.)
B_SPLINE_SURFACE_WITH_KNOTS((6,6),(4,2,4),(0.,1.),(0.,0.5,1.),
 .UNSPECIFIED.)
GEOMETRIC_REPRESENTATION_ITEM()
RATIONAL_B_SPLINE_SURFACE(((1.,1.,1.,1.,1.,1.),(0.598215175651851,0.598893252409994,
0.599588188440175,0.600743567940996,0.60120134332335,0.601428936979495),
(0.397322763477777,0.398339878615092,0.399382282660237,0.40111535191152,
0.401802014985101,0.402143405469242),(0.397322763477777,0.398339878615092,
0.399382282660237,0.40111535191152,0.401802014985101,0.402143405469242),
(0.598215175651851,0.598893252409994,0.599588188440175,0.600743567940996,
0.60120134332335,0.601428936979495),(1.,1.,1.,1.,1.,1.)))
REPRESENTATION_ITEM('')
SURFACE()
);
#95=(
BOUNDED_SURFACE()
B_SPLINE_SURFACE(5,3,((#1768,#1769,#1770,#1771),(#1772,#1773,#1774,#1775),
(#1776,#1777,#1778,#1779),(#1780,#1781,#1782,#1783),(#1784,#1785,#1786,
#1787),(#1788,#1789,#1790,#1791)),.UNSPECIFIED.,.F.,.F.,.F.)
B_SPLINE_SURFACE_WITH_KNOTS((6,6),(4,4),(0.,1.),(0.,1.),.UNSPECIFIED.)
GEOMETRIC_REPRESENTATION_ITEM()
RATIONAL_B_SPLINE_SURFACE(((1.,1.,1.,1.),(0.60142893698021,0.600993676126224,
0.600516903429808,0.600000000000149),(0.402143405470314,0.40149051418933,
0.400775355144696,0.400000000000223),(0.402143405470314,0.40149051418933,
0.400775355144696,0.400000000000223),(0.60142893698021,0.600993676126224,
0.600516903429808,0.600000000000149),(1.,1.,1.,1.)))
REPRESENTATION_ITEM('')
SURFACE()
);
#96=(
BOUNDED_SURFACE()
B_SPLINE_SURFACE(3,2,((#2101,#2102,#2103),(#2104,#2105,#2106),(#2107,#2108,
#2109),(#2110,#2111,#2112)),.UNSPECIFIED.,.F.,.F.,.F.)
B_SPLINE_SURFACE_WITH_KNOTS((4,4),(3,3),(0.,1.),(0.,1.),.UNSPECIFIED.)
GEOMETRIC_REPRESENTATION_ITEM()
RATIONAL_B_SPLINE_SURFACE(((1.,0.945444352621625,1.),(1.,0.941584999121931,
1.),(1.,0.93744380810078,1.),(1.,0.933002484712977,1.)))
REPRESENTATION_ITEM('')
SURFACE()
);
#97=(
BOUNDED_SURFACE()
B_SPLINE_SURFACE(3,2,((#2114,#2115,#2116),(#2117,#2118,#2119),(#2120,#2121,
#2122),(#2123,#2124,#2125),(#2126,#2127,#2128),(#2129,#2130,#2131),(#2132,
#2133,#2134),(#2135,#2136,#2137),(#2138,#2139,#2140),(#2141,#2142,#2143),
(#2144,#2145,#2146),(#2147,#2148,#2149),(#2150,#2151,#2152),(#2153,#2154,
#2155),(#2156,#2157,#2158),(#2159,#2160,#2161),(#2162,#2163,#2164),(#2165,
#2166,#2167),(#2168,#2169,#2170),(#2171,#2172,#2173),(#2174,#2175,#2176),
(#2177,#2178,#2179)),.UNSPECIFIED.,.F.,.F.,.F.)
B_SPLINE_SURFACE_WITH_KNOTS((4,2,2,2,2,2,2,2,2,2,4),(3,3),(0.,0.25,0.375,
0.4375,0.46875,0.5,0.53125,0.5625,0.625,0.75,1.),(0.,1.),.UNSPECIFIED.)
GEOMETRIC_REPRESENTATION_ITEM()
RATIONAL_B_SPLINE_SURFACE(((1.,0.933002484712977,1.),(1.,0.94019188019874,
1.),(1.,0.948872399896994,1.),(1.,0.965470065552713,1.),(1.,0.971648374420167,
1.),(1.,0.981787366963782,1.),(1.,0.98531523226959,1.),(1.,0.990565837303172,
1.),(1.,0.992340024002774,1.),(1.,0.995420193082429,1.),(1.,0.996805435827913,
1.),(1.,0.997015919443633,1.),(1.,0.995757546262811,1.),(1.,0.992756995244902,
1.),(1.,0.991014563484427,1.),(1.,0.985723709727838,1.),(1.,0.98214277746837,
1.),(1.,0.971870562854694,1.),(1.,0.965678103653063,1.),(1.,0.948964660942166,
1.),(1.,0.940229849955088,1.),(1.,0.933002484712978,1.)))
REPRESENTATION_ITEM('')
SURFACE()
);
#98=(
BOUNDED_SURFACE()
B_SPLINE_SURFACE(3,2,((#2180,#2181,#2182),(#2183,#2184,#2185),(#2186,#2187,
#2188),(#2189,#2190,#2191)),.UNSPECIFIED.,.F.,.F.,.F.)
B_SPLINE_SURFACE_WITH_KNOTS((4,4),(3,3),(0.,1.),(0.,1.),.UNSPECIFIED.)
GEOMETRIC_REPRESENTATION_ITEM()
RATIONAL_B_SPLINE_SURFACE(((1.,0.945444352621638,1.),(1.,0.941584999121938,
1.),(1.,0.937443808100788,1.),(1.,0.933002484712977,1.)))
REPRESENTATION_ITEM('')
SURFACE()
);
#99=(
BOUNDED_SURFACE()
B_SPLINE_SURFACE(3,2,((#2216,#2217,#2218),(#2219,#2220,#2221),(#2222,#2223,
#2224),(#2225,#2226,#2227)),.UNSPECIFIED.,.F.,.F.,.F.)
B_SPLINE_SURFACE_WITH_KNOTS((4,4),(3,3),(0.,1.),(0.,1.),.UNSPECIFIED.)
GEOMETRIC_REPRESENTATION_ITEM()
RATIONAL_B_SPLINE_SURFACE(((1.,0.944316543642666,1.),(1.,0.939862274994692,
1.),(1.,0.935040513659443,1.),(1.,0.929824775215445,1.)))
REPRESENTATION_ITEM('')
SURFACE()
);
#100=(
BOUNDED_SURFACE()
B_SPLINE_SURFACE(3,2,((#2232,#2233,#2234),(#2235,#2236,#2237),(#2238,#2239,
#2240),(#2241,#2242,#2243),(#2244,#2245,#2246),(#2247,#2248,#2249)),
 .UNSPECIFIED.,.F.,.F.,.F.)
B_SPLINE_SURFACE_WITH_KNOTS((4,2,4),(3,3),(0.,0.5,1.),(0.,1.),
 .UNSPECIFIED.)
GEOMETRIC_REPRESENTATION_ITEM()
RATIONAL_B_SPLINE_SURFACE(((1.,0.929824775215445,1.),(1.,0.935241309523147,
1.),(1.,0.941474712321385,1.),(1.,0.956262898426134,1.),(1.,0.964830978515194,
1.),(1.,0.974925981605832,1.)))
REPRESENTATION_ITEM('')
SURFACE()
);
#101=(
BOUNDED_SURFACE()
B_SPLINE_SURFACE(3,2,((#2254,#2255,#2256),(#2257,#2258,#2259),(#2260,#2261,
#2262),(#2263,#2264,#2265),(#2266,#2267,#2268),(#2269,#2270,#2271),(#2272,
#2273,#2274),(#2275,#2276,#2277),(#2278,#2279,#2280),(#2281,#2282,#2283),
(#2284,#2285,#2286),(#2287,#2288,#2289)),.UNSPECIFIED.,.F.,.F.,.F.)
B_SPLINE_SURFACE_WITH_KNOTS((4,2,2,2,2,4),(3,3),(0.,0.25,0.375,0.5,0.75,
1.),(0.,1.),.UNSPECIFIED.)
GEOMETRIC_REPRESENTATION_ITEM()
RATIONAL_B_SPLINE_SURFACE(((1.,0.970164541601871,1.),(1.,0.975254981456046,
1.),(1.,0.980132560613595,1.),(1.,0.985989125131159,1.),(1.,0.987687044011069,
1.),(1.,0.990208318705401,1.),(1.,0.990946662719731,1.),(1.,0.990927314200192,
1.),(1.,0.987903540580737,1.),(1.,0.980065257497682,1.),(1.,0.975270627603196,
1.),(1.,0.970166218731599,1.)))
REPRESENTATION_ITEM('')
SURFACE()
);
#102=(
BOUNDED_SURFACE()
B_SPLINE_SURFACE(3,2,((#2291,#2292,#2293),(#2294,#2295,#2296),(#2297,#2298,
#2299),(#2300,#2301,#2302),(#2303,#2304,#2305),(#2306,#2307,#2308)),
 .UNSPECIFIED.,.F.,.F.,.F.)
B_SPLINE_SURFACE_WITH_KNOTS((4,2,4),(3,3),(0.,0.5,1.),(0.,1.),
 .UNSPECIFIED.)
GEOMETRIC_REPRESENTATION_ITEM()
RATIONAL_B_SPLINE_SURFACE(((1.,0.929824775215444,1.),(1.,0.935241309523146,
1.),(1.,0.941474712321384,1.),(1.,0.956262898426133,1.),(1.,0.964830978515192,
1.),(1.,0.97492598160583,1.)))
REPRESENTATION_ITEM('')
SURFACE()
);
#103=(
BOUNDED_SURFACE()
B_SPLINE_SURFACE(3,2,((#2309,#2310,#2311),(#2312,#2313,#2314),(#2315,#2316,
#2317),(#2318,#2319,#2320)),.UNSPECIFIED.,.F.,.F.,.F.)
B_SPLINE_SURFACE_WITH_KNOTS((4,4),(3,3),(0.,1.),(0.,1.),.UNSPECIFIED.)
GEOMETRIC_REPRESENTATION_ITEM()
RATIONAL_B_SPLINE_SURFACE(((1.,0.944316543642803,1.),(1.,0.939862274994789,
1.),(1.,0.935040513659496,1.),(1.,0.929824775215445,1.)))
REPRESENTATION_ITEM('')
SURFACE()
);
#104=(
BOUNDED_SURFACE()
B_SPLINE_SURFACE(3,2,((#2575,#2576,#2577),(#2578,#2579,#2580),(#2581,#2582,
#2583),(#2584,#2585,#2586),(#2587,#2588,#2589),(#2590,#2591,#2592)),
 .UNSPECIFIED.,.F.,.F.,.F.)
B_SPLINE_SURFACE_WITH_KNOTS((4,2,4),(3,3),(0.,0.5,1.),(0.,1.),
 .UNSPECIFIED.)
GEOMETRIC_REPRESENTATION_ITEM()
RATIONAL_B_SPLINE_SURFACE(((1.,0.786115467403004,1.),(1.,0.786414961726657,
1.),(1.,0.774787603558734,1.),(1.,0.742392482852938,1.),(1.,0.721927300797407,
1.),(1.,0.707106781186568,1.)))
REPRESENTATION_ITEM('')
SURFACE()
);
#105=(
BOUNDED_SURFACE()
B_SPLINE_SURFACE(3,2,((#2594,#2595,#2596),(#2597,#2598,#2599),(#2600,#2601,
#2602),(#2603,#2604,#2605),(#2606,#2607,#2608),(#2609,#2610,#2611)),
 .UNSPECIFIED.,.F.,.F.,.F.)
B_SPLINE_SURFACE_WITH_KNOTS((4,2,4),(3,3),(0.,0.5,1.),(0.,1.),
 .UNSPECIFIED.)
GEOMETRIC_REPRESENTATION_ITEM()
RATIONAL_B_SPLINE_SURFACE(((1.,0.707106781186545,1.),(1.,0.722046622741124,
1.),(1.,0.742461888612114,1.),(1.,0.774797584508872,1.),(1.,0.786500794272845,
1.),(1.,0.786115467403004,1.)))
REPRESENTATION_ITEM('')
SURFACE()
);
#106=(
BOUNDED_SURFACE()
B_SPLINE_SURFACE(3,2,((#2617,#2618,#2619),(#2620,#2621,#2622),(#2623,#2624,
#2625),(#2626,#2627,#2628),(#2629,#2630,#2631),(#2632,#2633,#2634)),
 .UNSPECIFIED.,.F.,.F.,.F.)
B_SPLINE_SURFACE_WITH_KNOTS((4,2,4),(3,3),(0.,0.5,1.),(0.,1.),
 .UNSPECIFIED.)
GEOMETRIC_REPRESENTATION_ITEM()
RATIONAL_B_SPLINE_SURFACE(((1.,0.707106781186547,1.),(1.,0.722046622739797,
1.),(1.,0.742461888613452,1.),(1.,0.774797584506881,1.),(1.,0.786500794273576,
1.),(1.,0.786115467402555,1.)))
REPRESENTATION_ITEM('')
SURFACE()
);
#107=(
BOUNDED_SURFACE()
B_SPLINE_SURFACE(3,2,((#2635,#2636,#2637),(#2638,#2639,#2640),(#2641,#2642,
#2643),(#2644,#2645,#2646),(#2647,#2648,#2649),(#2650,#2651,#2652)),
 .UNSPECIFIED.,.F.,.F.,.F.)
B_SPLINE_SURFACE_WITH_KNOTS((4,2,4),(3,3),(0.,0.5,1.),(0.,1.),
 .UNSPECIFIED.)
GEOMETRIC_REPRESENTATION_ITEM()
RATIONAL_B_SPLINE_SURFACE(((1.,0.78611546740255,1.),(1.,0.78641496172522,
1.),(1.,0.774787603559638,1.),(1.,0.742392482851374,1.),(1.,0.72192730079828,
1.),(1.,0.707106781186548,1.)))
REPRESENTATION_ITEM('')
SURFACE()
);
#108=(
BOUNDED_SURFACE()
B_SPLINE_SURFACE(3,2,((#2655,#2656,#2657),(#2658,#2659,#2660),(#2661,#2662,
#2663),(#2664,#2665,#2666),(#2667,#2668,#2669),(#2670,#2671,#2672)),
 .UNSPECIFIED.,.F.,.F.,.F.)
B_SPLINE_SURFACE_WITH_KNOTS((4,2,4),(3,3),(0.,0.5,1.),(0.,1.),
 .UNSPECIFIED.)
GEOMETRIC_REPRESENTATION_ITEM()
RATIONAL_B_SPLINE_SURFACE(((1.,0.707106781186547,1.),(1.,0.722046622739653,
1.),(1.,0.742461888613643,1.),(1.,0.774797584506692,1.),(1.,0.786500794273719,
1.),(1.,0.786115467402555,1.)))
REPRESENTATION_ITEM('')
SURFACE()
);
#109=(
BOUNDED_SURFACE()
B_SPLINE_SURFACE(3,2,((#2676,#2677,#2678),(#2679,#2680,#2681),(#2682,#2683,
#2684),(#2685,#2686,#2687),(#2688,#2689,#2690),(#2691,#2692,#2693)),
 .UNSPECIFIED.,.F.,.F.,.F.)
B_SPLINE_SURFACE_WITH_KNOTS((4,2,4),(3,3),(0.,0.5,1.),(0.,1.),
 .UNSPECIFIED.)
GEOMETRIC_REPRESENTATION_ITEM()
RATIONAL_B_SPLINE_SURFACE(((1.,0.78611546740255,1.),(1.,0.78641496172554,
1.),(1.,0.774787603559211,1.),(1.,0.742392482851802,1.),(1.,0.721927300797957,
1.),(1.,0.707106781186548,1.)))
REPRESENTATION_ITEM('')
SURFACE()
);
#110=(
BOUNDED_SURFACE()
B_SPLINE_SURFACE(3,2,((#2695,#2696,#2697),(#2698,#2699,#2700),(#2701,#2702,
#2703),(#2704,#2705,#2706),(#2707,#2708,#2709),(#2710,#2711,#2712)),
 .UNSPECIFIED.,.F.,.F.,.F.)
B_SPLINE_SURFACE_WITH_KNOTS((4,2,4),(3,3),(0.,0.5,1.),(0.,1.),
 .UNSPECIFIED.)
GEOMETRIC_REPRESENTATION_ITEM()
RATIONAL_B_SPLINE_SURFACE(((1.,0.786115467403004,1.),(1.,0.786414961726083,
1.),(1.,0.774787603559502,1.),(1.,0.742392482852192,1.),(1.,0.72192730079802,
1.),(1.,0.707106781186568,1.)))
REPRESENTATION_ITEM('')
SURFACE()
);
#111=(
BOUNDED_SURFACE()
B_SPLINE_SURFACE(3,2,((#2715,#2716,#2717),(#2718,#2719,#2720),(#2721,#2722,
#2723),(#2724,#2725,#2726),(#2727,#2728,#2729),(#2730,#2731,#2732)),
 .UNSPECIFIED.,.F.,.F.,.F.)
B_SPLINE_SURFACE_WITH_KNOTS((4,2,4),(3,3),(0.,0.5,1.),(0.,1.),
 .UNSPECIFIED.)
GEOMETRIC_REPRESENTATION_ITEM()
RATIONAL_B_SPLINE_SURFACE(((1.,0.707106781186545,1.),(1.,0.722046622741123,
1.),(1.,0.742461888612114,1.),(1.,0.774797584508872,1.),(1.,0.786500794272845,
1.),(1.,0.786115467403004,1.)))
REPRESENTATION_ITEM('')
SURFACE()
);
#112=(
BOUNDED_CURVE()
B_SPLINE_CURVE(5,(#1498,#1499,#1500,#1501,#1502,#1503),.UNSPECIFIED.,.F.,
 .F.)
B_SPLINE_CURVE_WITH_KNOTS((6,6),(0.,1.),.UNSPECIFIED.)
CURVE()
GEOMETRIC_REPRESENTATION_ITEM()
RATIONAL_B_SPLINE_CURVE((1.,0.601428936980013,0.402143405470019,0.402143405470019,
0.601428936980013,1.))
REPRESENTATION_ITEM('')
);
#113=(
BOUNDED_CURVE()
B_SPLINE_CURVE(5,(#1544,#1545,#1546,#1547,#1548,#1549),.UNSPECIFIED.,.F.,
 .F.)
B_SPLINE_CURVE_WITH_KNOTS((6,6),(0.,1.),.UNSPECIFIED.)
CURVE()
GEOMETRIC_REPRESENTATION_ITEM()
RATIONAL_B_SPLINE_CURVE((1.,0.598215175652415,0.397322763478623,0.397322763478623,
0.598215175652415,1.))
REPRESENTATION_ITEM('')
);
#114=(
BOUNDED_CURVE()
B_SPLINE_CURVE(5,(#1602,#1603,#1604,#1605,#1606,#1607),.UNSPECIFIED.,.F.,
 .F.)
B_SPLINE_CURVE_WITH_KNOTS((6,6),(0.,1.),.UNSPECIFIED.)
CURVE()
GEOMETRIC_REPRESENTATION_ITEM()
RATIONAL_B_SPLINE_CURVE((1.,0.599999999980279,0.399999999970418,0.399999999970418,
0.599999999980279,1.))
REPRESENTATION_ITEM('')
);
#115=(
BOUNDED_CURVE()
B_SPLINE_CURVE(5,(#1653,#1654,#1655,#1656,#1657,#1658),.UNSPECIFIED.,.F.,
 .F.)
B_SPLINE_CURVE_WITH_KNOTS((6,6),(0.,1.),.UNSPECIFIED.)
CURVE()
GEOMETRIC_REPRESENTATION_ITEM()
RATIONAL_B_SPLINE_CURVE((1.,0.598215175651856,0.397322763477784,0.397322763477784,
0.598215175651856,1.))
REPRESENTATION_ITEM('')
);
#116=(
BOUNDED_CURVE()
B_SPLINE_CURVE(5,(#1699,#1700,#1701,#1702,#1703,#1704),.UNSPECIFIED.,.F.,
 .F.)
B_SPLINE_CURVE_WITH_KNOTS((6,6),(0.,1.),.UNSPECIFIED.)
CURVE()
GEOMETRIC_REPRESENTATION_ITEM()
RATIONAL_B_SPLINE_CURVE((1.,0.601428936979495,0.402143405469242,0.402143405469242,
0.601428936979495,1.))
REPRESENTATION_ITEM('')
);
#117=(
BOUNDED_CURVE()
B_SPLINE_CURVE(5,(#1757,#1758,#1759,#1760,#1761,#1762),.UNSPECIFIED.,.F.,
 .F.)
B_SPLINE_CURVE_WITH_KNOTS((6,6),(0.,1.),.UNSPECIFIED.)
CURVE()
GEOMETRIC_REPRESENTATION_ITEM()
RATIONAL_B_SPLINE_CURVE((1.,0.600000000000149,0.400000000000223,0.400000000000223,
0.600000000000149,1.))
REPRESENTATION_ITEM('')
);
#118=ADVANCED_FACE('',(#212),#191,.T.);
#119=ADVANCED_FACE('',(#213),#90,.T.);
#120=ADVANCED_FACE('',(#214),#91,.T.);
#121=ADVANCED_FACE('',(#215),#92,.T.);
#122=ADVANCED_FACE('',(#216),#74,.T.);
#123=ADVANCED_FACE('',(#217),#93,.T.);
#124=ADVANCED_FACE('',(#218),#94,.T.);
#125=ADVANCED_FACE('',(#219),#95,.T.);
#126=ADVANCED_FACE('',(#220),#192,.T.);
#127=ADVANCED_FACE('',(#221),#75,.T.);
#128=ADVANCED_FACE('',(#64,#65,#66,#67),#193,.T.);
#129=ADVANCED_FACE('',(#222),#54,.T.);
#130=ADVANCED_FACE('',(#223),#42,.T.);
#131=ADVANCED_FACE('',(#224),#43,.T.);
#132=ADVANCED_FACE('',(#225),#44,.F.);
#133=ADVANCED_FACE('',(#68,#69),#76,.T.);
#134=ADVANCED_FACE('',(#70,#71),#194,.F.);
#135=ADVANCED_FACE('',(#226),#55,.F.);
#136=ADVANCED_FACE('',(#227),#45,.F.);
#137=ADVANCED_FACE('',(#228),#46,.F.);
#138=ADVANCED_FACE('',(#229),#47,.T.);
#139=ADVANCED_FACE('',(#72,#73),#77,.F.);
#140=ADVANCED_FACE('',(#230),#96,.T.);
#141=ADVANCED_FACE('',(#231),#97,.T.);
#142=ADVANCED_FACE('',(#232),#98,.T.);
#143=ADVANCED_FACE('',(#233),#195,.F.);
#144=ADVANCED_FACE('',(#234),#99,.T.);
#145=ADVANCED_FACE('',(#235),#100,.T.);
#146=ADVANCED_FACE('',(#236),#101,.T.);
#147=ADVANCED_FACE('',(#237),#102,.T.);
#148=ADVANCED_FACE('',(#238),#103,.T.);
#149=ADVANCED_FACE('',(#239),#48,.T.);
#150=ADVANCED_FACE('',(#240),#49,.F.);
#151=ADVANCED_FACE('',(#241),#50,.F.);
#152=ADVANCED_FACE('',(#242),#196,.T.);
#153=ADVANCED_FACE('',(#243),#197,.T.);
#154=ADVANCED_FACE('',(#244),#51,.T.);
#155=ADVANCED_FACE('',(#245),#52,.F.);
#156=ADVANCED_FACE('',(#246),#53,.T.);
#157=ADVANCED_FACE('',(#247),#198,.F.);
#158=ADVANCED_FACE('',(#248),#199,.F.);
#159=ADVANCED_FACE('',(#249),#200,.T.);
#160=ADVANCED_FACE('',(#250),#78,.T.);
#161=ADVANCED_FACE('',(#251),#201,.T.);
#162=ADVANCED_FACE('',(#252),#202,.T.);
#163=ADVANCED_FACE('',(#253),#79,.T.);
#164=ADVANCED_FACE('',(#254),#80,.T.);
#165=ADVANCED_FACE('',(#255),#203,.T.);
#166=ADVANCED_FACE('',(#256),#204,.T.);
#167=ADVANCED_FACE('',(#257),#81,.T.);
#168=ADVANCED_FACE('',(#258),#205,.T.);
#169=ADVANCED_FACE('',(#259),#206,.T.);
#170=ADVANCED_FACE('',(#260),#207,.T.);
#171=ADVANCED_FACE('',(#261),#82,.T.);
#172=ADVANCED_FACE('',(#262),#83,.T.);
#173=ADVANCED_FACE('',(#263),#208,.T.);
#174=ADVANCED_FACE('',(#264),#209,.T.);
#175=ADVANCED_FACE('',(#265),#84,.T.);
#176=ADVANCED_FACE('',(#266),#85,.T.);
#177=ADVANCED_FACE('',(#267),#210,.T.);
#178=ADVANCED_FACE('',(#268),#211,.T.);
#179=ADVANCED_FACE('',(#269),#104,.T.);
#180=ADVANCED_FACE('',(#270),#105,.T.);
#181=ADVANCED_FACE('',(#271),#86,.F.);
#182=ADVANCED_FACE('',(#272),#87,.F.);
#183=ADVANCED_FACE('',(#273),#106,.T.);
#184=ADVANCED_FACE('',(#274),#107,.T.);
#185=ADVANCED_FACE('',(#275),#108,.T.);
#186=ADVANCED_FACE('',(#276),#88,.F.);
#187=ADVANCED_FACE('',(#277),#109,.T.);
#188=ADVANCED_FACE('',(#278),#110,.T.);
#189=ADVANCED_FACE('',(#279),#89,.F.);
#190=ADVANCED_FACE('',(#280),#111,.T.);
#191=CYLINDRICAL_SURFACE('',#1080,0.999999999999992);
#192=CYLINDRICAL_SURFACE('',#1085,1.);
#193=CYLINDRICAL_SURFACE('',#1096,42.5);
#194=CYLINDRICAL_SURFACE('',#1108,40.5);
#195=CYLINDRICAL_SURFACE('',#1119,1.);
#196=CYLINDRICAL_SURFACE('',#1129,5.);
#197=CYLINDRICAL_SURFACE('',#1132,5.);
#198=CYLINDRICAL_SURFACE('',#1140,2.5);
#199=CYLINDRICAL_SURFACE('',#1143,2.5);
#200=CYLINDRICAL_SURFACE('',#1145,1.25);
#201=CYLINDRICAL_SURFACE('',#1150,1.25);
#202=CYLINDRICAL_SURFACE('',#1152,1.25);
#203=CYLINDRICAL_SURFACE('',#1159,1.25);
#204=CYLINDRICAL_SURFACE('',#1160,1.25);
#205=CYLINDRICAL_SURFACE('',#1163,1.25);
#206=CYLINDRICAL_SURFACE('',#1165,1.25);
#207=CYLINDRICAL_SURFACE('',#1167,1.25);
#208=CYLINDRICAL_SURFACE('',#1174,1.25);
#209=CYLINDRICAL_SURFACE('',#1176,1.25);
#210=CYLINDRICAL_SURFACE('',#1182,1.25);
#211=CYLINDRICAL_SURFACE('',#1183,1.25);
#212=FACE_OUTER_BOUND('',#281,.T.);
#213=FACE_OUTER_BOUND('',#282,.T.);
#214=FACE_OUTER_BOUND('',#283,.T.);
#215=FACE_OUTER_BOUND('',#284,.T.);
#216=FACE_OUTER_BOUND('',#285,.T.);
#217=FACE_OUTER_BOUND('',#286,.T.);
#218=FACE_OUTER_BOUND('',#287,.T.);
#219=FACE_OUTER_BOUND('',#288,.T.);
#220=FACE_OUTER_BOUND('',#289,.T.);
#221=FACE_OUTER_BOUND('',#290,.T.);
#222=FACE_OUTER_BOUND('',#295,.T.);
#223=FACE_OUTER_BOUND('',#296,.T.);
#224=FACE_OUTER_BOUND('',#297,.T.);
#225=FACE_OUTER_BOUND('',#298,.T.);
#226=FACE_OUTER_BOUND('',#303,.T.);
#227=FACE_OUTER_BOUND('',#304,.T.);
#228=FACE_OUTER_BOUND('',#305,.T.);
#229=FACE_OUTER_BOUND('',#306,.T.);
#230=FACE_OUTER_BOUND('',#309,.T.);
#231=FACE_OUTER_BOUND('',#310,.T.);
#232=FACE_OUTER_BOUND('',#311,.T.);
#233=FACE_OUTER_BOUND('',#312,.T.);
#234=FACE_OUTER_BOUND('',#313,.T.);
#235=FACE_OUTER_BOUND('',#314,.T.);
#236=FACE_OUTER_BOUND('',#315,.T.);
#237=FACE_OUTER_BOUND('',#316,.T.);
#238=FACE_OUTER_BOUND('',#317,.T.);
#239=FACE_OUTER_BOUND('',#318,.T.);
#240=FACE_OUTER_BOUND('',#319,.T.);
#241=FACE_OUTER_BOUND('',#320,.T.);
#242=FACE_OUTER_BOUND('',#321,.T.);
#243=FACE_OUTER_BOUND('',#322,.T.);
#244=FACE_OUTER_BOUND('',#323,.T.);
#245=FACE_OUTER_BOUND('',#324,.T.);
#246=FACE_OUTER_BOUND('',#325,.T.);
#247=FACE_OUTER_BOUND('',#326,.T.);
#248=FACE_OUTER_BOUND('',#327,.T.);
#249=FACE_OUTER_BOUND('',#328,.T.);
#250=FACE_OUTER_BOUND('',#329,.T.);
#251=FACE_OUTER_BOUND('',#330,.T.);
#252=FACE_OUTER_BOUND('',#331,.T.);
#253=FACE_OUTER_BOUND('',#332,.T.);
#254=FACE_OUTER_BOUND('',#333,.T.);
#255=FACE_OUTER_BOUND('',#334,.T.);
#256=FACE_OUTER_BOUND('',#335,.T.);
#257=FACE_OUTER_BOUND('',#336,.T.);
#258=FACE_OUTER_BOUND('',#337,.T.);
#259=FACE_OUTER_BOUND('',#338,.T.);
#260=FACE_OUTER_BOUND('',#339,.T.);
#261=FACE_OUTER_BOUND('',#340,.T.);
#262=FACE_OUTER_BOUND('',#341,.T.);
#263=FACE_OUTER_BOUND('',#342,.T.);
#264=FACE_OUTER_BOUND('',#343,.T.);
#265=FACE_OUTER_BOUND('',#344,.T.);
#266=FACE_OUTER_BOUND('',#345,.T.);
#267=FACE_OUTER_BOUND('',#346,.T.);
#268=FACE_OUTER_BOUND('',#347,.T.);
#269=FACE_OUTER_BOUND('',#348,.T.);
#270=FACE_OUTER_BOUND('',#349,.T.);
#271=FACE_OUTER_BOUND('',#350,.T.);
#272=FACE_OUTER_BOUND('',#351,.T.);
#273=FACE_OUTER_BOUND('',#352,.T.);
#274=FACE_OUTER_BOUND('',#353,.T.);
#275=FACE_OUTER_BOUND('',#354,.T.);
#276=FACE_OUTER_BOUND('',#355,.T.);
#277=FACE_OUTER_BOUND('',#356,.T.);
#278=FACE_OUTER_BOUND('',#357,.T.);
#279=FACE_OUTER_BOUND('',#358,.T.);
#280=FACE_OUTER_BOUND('',#359,.T.);
#281=EDGE_LOOP('',(#471,#472,#473,#474));
#282=EDGE_LOOP('',(#475,#476,#477,#478));
#283=EDGE_LOOP('',(#479,#480,#481,#482));
#284=EDGE_LOOP('',(#483,#484,#485,#486));
#285=EDGE_LOOP('',(#487,#488,#489,#490));
#286=EDGE_LOOP('',(#491,#492,#493,#494));
#287=EDGE_LOOP('',(#495,#496,#497,#498));
#288=EDGE_LOOP('',(#499,#500,#501,#502));
#289=EDGE_LOOP('',(#503,#504,#505,#506));
#290=EDGE_LOOP('',(#507,#508,#509,#510));
#291=EDGE_LOOP('',(#511,#512,#513,#514,#515,#516));
#292=EDGE_LOOP('',(#517,#518,#519,#520,#521,#522));
#293=EDGE_LOOP('',(#523));
#294=EDGE_LOOP('',(#524,#525,#526,#527));
#295=EDGE_LOOP('',(#528,#529,#530,#531));
#296=EDGE_LOOP('',(#532,#533,#534));
#297=EDGE_LOOP('',(#535,#536,#537));
#298=EDGE_LOOP('',(#538));
#299=EDGE_LOOP('',(#539));
#300=EDGE_LOOP('',(#540));
#301=EDGE_LOOP('',(#541));
#302=EDGE_LOOP('',(#542,#543,#544,#545,#546,#547,#548,#549));
#303=EDGE_LOOP('',(#550,#551,#552,#553,#554,#555,#556,#557));
#304=EDGE_LOOP('',(#558,#559,#560,#561));
#305=EDGE_LOOP('',(#562,#563,#564,#565));
#306=EDGE_LOOP('',(#566));
#307=EDGE_LOOP('',(#567));
#308=EDGE_LOOP('',(#568));
#309=EDGE_LOOP('',(#569,#570,#571,#572,#573,#574));
#310=EDGE_LOOP('',(#575,#576,#577,#578));
#311=EDGE_LOOP('',(#579,#580,#581,#582,#583,#584));
#312=EDGE_LOOP('',(#585,#586));
#313=EDGE_LOOP('',(#587,#588,#589,#590));
#314=EDGE_LOOP('',(#591,#592,#593,#594));
#315=EDGE_LOOP('',(#595,#596,#597,#598,#599,#600));
#316=EDGE_LOOP('',(#601,#602,#603,#604));
#317=EDGE_LOOP('',(#605,#606,#607,#608));
#318=EDGE_LOOP('',(#609,#610,#611,#612));
#319=EDGE_LOOP('',(#613,#614,#615,#616));
#320=EDGE_LOOP('',(#617,#618,#619,#620));
#321=EDGE_LOOP('',(#621,#622,#623,#624));
#322=EDGE_LOOP('',(#625,#626,#627,#628));
#323=EDGE_LOOP('',(#629,#630,#631,#632));
#324=EDGE_LOOP('',(#633,#634,#635,#636));
#325=EDGE_LOOP('',(#637,#638,#639,#640));
#326=EDGE_LOOP('',(#641,#642,#643,#644));
#327=EDGE_LOOP('',(#645,#646,#647,#648));
#328=EDGE_LOOP('',(#649,#650,#651,#652));
#329=EDGE_LOOP('',(#653,#654,#655,#656));
#330=EDGE_LOOP('',(#657,#658,#659,#660));
#331=EDGE_LOOP('',(#661,#662,#663,#664));
#332=EDGE_LOOP('',(#665,#666,#667,#668));
#333=EDGE_LOOP('',(#669,#670,#671,#672));
#334=EDGE_LOOP('',(#673,#674,#675,#676));
#335=EDGE_LOOP('',(#677,#678,#679,#680));
#336=EDGE_LOOP('',(#681,#682,#683,#684));
#337=EDGE_LOOP('',(#685,#686,#687,#688));
#338=EDGE_LOOP('',(#689,#690,#691,#692));
#339=EDGE_LOOP('',(#693,#694,#695,#696));
#340=EDGE_LOOP('',(#697,#698,#699,#700));
#341=EDGE_LOOP('',(#701,#702,#703,#704));
#342=EDGE_LOOP('',(#705,#706,#707,#708));
#343=EDGE_LOOP('',(#709,#710,#711,#712));
#344=EDGE_LOOP('',(#713,#714,#715,#716));
#345=EDGE_LOOP('',(#717,#718,#719,#720));
#346=EDGE_LOOP('',(#721,#722,#723,#724));
#347=EDGE_LOOP('',(#725,#726,#727,#728));
#348=EDGE_LOOP('',(#729,#730,#731,#732));
#349=EDGE_LOOP('',(#733,#734,#735,#736));
#350=EDGE_LOOP('',(#737,#738,#739,#740));
#351=EDGE_LOOP('',(#741,#742,#743,#744));
#352=EDGE_LOOP('',(#745,#746,#747,#748));
#353=EDGE_LOOP('',(#749,#750,#751,#752));
#354=EDGE_LOOP('',(#753,#754,#755,#756));
#355=EDGE_LOOP('',(#757,#758,#759,#760));
#356=EDGE_LOOP('',(#761,#762,#763,#764));
#357=EDGE_LOOP('',(#765,#766,#767,#768));
#358=EDGE_LOOP('',(#769,#770,#771,#772));
#359=EDGE_LOOP('',(#773,#774,#775,#776));
#360=B_SPLINE_CURVE_WITH_KNOTS('',3,(#1484,#1485,#1486,#1487,#1488,#1489),
 .UNSPECIFIED.,.F.,.F.,(4,2,4),(0.,0.5,1.),.UNSPECIFIED.);
#361=B_SPLINE_CURVE_WITH_KNOTS('',3,(#1493,#1494,#1495,#1496),
 .UNSPECIFIED.,.F.,.F.,(4,4),(0.,1.),.UNSPECIFIED.);
#362=B_SPLINE_CURVE_WITH_KNOTS('',3,(#1505,#1506,#1507,#1508),
 .UNSPECIFIED.,.F.,.F.,(4,4),(0.,1.),.UNSPECIFIED.);
#363=B_SPLINE_CURVE_WITH_KNOTS('',3,(#1533,#1534,#1535,#1536,#1537,#1538,
#1539,#1540,#1541,#1542),.UNSPECIFIED.,.F.,.F.,(4,2,2,2,4),(0.,0.250000000000002,
0.375000000000001,0.5,1.),.UNSPECIFIED.);
#364=B_SPLINE_CURVE_WITH_KNOTS('',3,(#1551,#1552,#1553,#1554,#1555,#1556,
#1557,#1558,#1559,#1560),.UNSPECIFIED.,.F.,.F.,(4,2,2,2,4),(0.,0.250000000000003,
0.375000000000003,0.500000000000003,1.),.UNSPECIFIED.);
#365=B_SPLINE_CURVE_WITH_KNOTS('',3,(#1597,#1598,#1599,#1600),
 .UNSPECIFIED.,.F.,.F.,(4,4),(0.,1.),.UNSPECIFIED.);
#366=B_SPLINE_CURVE_WITH_KNOTS('',3,(#1609,#1610,#1611,#1612),
 .UNSPECIFIED.,.F.,.F.,(4,4),(0.,1.),.UNSPECIFIED.);
#367=B_SPLINE_CURVE_WITH_KNOTS('',3,(#1639,#1640,#1641,#1642,#1643,#1644),
 .UNSPECIFIED.,.F.,.F.,(4,2,4),(0.,0.5,1.),.UNSPECIFIED.);
#368=B_SPLINE_CURVE_WITH_KNOTS('',3,(#1648,#1649,#1650,#1651),
 .UNSPECIFIED.,.F.,.F.,(4,4),(0.,1.),.UNSPECIFIED.);
#369=B_SPLINE_CURVE_WITH_KNOTS('',3,(#1660,#1661,#1662,#1663),
 .UNSPECIFIED.,.F.,.F.,(4,4),(0.,1.),.UNSPECIFIED.);
#370=B_SPLINE_CURVE_WITH_KNOTS('',3,(#1688,#1689,#1690,#1691,#1692,#1693,
#1694,#1695,#1696,#1697),.UNSPECIFIED.,.F.,.F.,(4,2,2,2,4),(0.,0.250000000000001,
0.375000000000002,0.500000000000003,1.),.UNSPECIFIED.);
#371=B_SPLINE_CURVE_WITH_KNOTS('',3,(#1706,#1707,#1708,#1709,#1710,#1711,
#1712,#1713,#1714,#1715),.UNSPECIFIED.,.F.,.F.,(4,2,2,2,4),(0.,0.249999999999993,
0.374999999999993,0.499999999999993,1.),.UNSPECIFIED.);
#372=B_SPLINE_CURVE_WITH_KNOTS('',3,(#1752,#1753,#1754,#1755),
 .UNSPECIFIED.,.F.,.F.,(4,4),(0.,1.),.UNSPECIFIED.);
#373=B_SPLINE_CURVE_WITH_KNOTS('',3,(#1764,#1765,#1766,#1767),
 .UNSPECIFIED.,.F.,.F.,(4,4),(0.,1.),.UNSPECIFIED.);
#374=B_SPLINE_CURVE_WITH_KNOTS('',3,(#1804,#1805,#1806,#1807,#1808,#1809,
#1810,#1811,#1812,#1813,#1814,#1815,#1816,#1817,#1818,#1819),
 .UNSPECIFIED.,.F.,.F.,(4,3,3,3,3,4),(0.,0.214697912499244,0.431421471156334,
0.651409500844691,0.870607374070772,1.),.UNSPECIFIED.);
#375=B_SPLINE_CURVE_WITH_KNOTS('',3,(#1821,#1822,#1823,#1824,#1825,#1826,
#1827,#1828,#1829,#1830,#1831,#1832,#1833,#1834,#1835,#1836),
 .UNSPECIFIED.,.F.,.F.,(4,3,3,3,3,4),(0.,0.213228673932596,0.424370967576201,
0.63560516569526,0.849244558375025,1.),.UNSPECIFIED.);
#376=B_SPLINE_CURVE_WITH_KNOTS('',3,(#1840,#1841,#1842,#1843,#1844,#1845,
#1846,#1847,#1848,#1849,#1850,#1851,#1852,#1853,#1854,#1855),
 .UNSPECIFIED.,.F.,.F.,(4,3,3,3,3,4),(0.,0.214697912499575,0.431421471156743,
0.651409500845164,0.870607374071241,1.),.UNSPECIFIED.);
#377=B_SPLINE_CURVE_WITH_KNOTS('',3,(#1857,#1858,#1859,#1860,#1861,#1862,
#1863,#1864,#1865,#1866,#1867,#1868,#1869,#1870,#1871,#1872),
 .UNSPECIFIED.,.F.,.F.,(4,3,3,3,3,4),(0.,0.213228673932515,0.42437096757604,
0.635605165695052,0.849244558374838,1.),.UNSPECIFIED.);
#378=B_SPLINE_CURVE_WITH_KNOTS('',3,(#1873,#1874,#1875,#1876,#1877,#1878,
#1879,#1880,#1881,#1882,#1883,#1884,#1885,#1886,#1887,#1888),
 .UNSPECIFIED.,.F.,.F.,(4,3,3,3,3,4),(0.,0.214697912499375,0.431421471156602,
0.651409500845076,0.870607374071208,1.),.UNSPECIFIED.);
#379=B_SPLINE_CURVE_WITH_KNOTS('',3,(#1891,#1892,#1893,#1894,#1895,#1896,
#1897,#1898,#1899,#1900,#1901,#1902,#1903,#1904,#1905,#1906),
 .UNSPECIFIED.,.F.,.F.,(4,3,3,3,3,4),(0.,0.213228673932515,0.424370967576041,
0.635605165695051,0.849244558374838,1.),.UNSPECIFIED.);
#380=B_SPLINE_CURVE_WITH_KNOTS('',3,(#1910,#1911,#1912,#1913,#1914,#1915,
#1916,#1917,#1918,#1919,#1920,#1921,#1922,#1923,#1924,#1925),
 .UNSPECIFIED.,.F.,.F.,(4,3,3,3,3,4),(0.,0.214697912499244,0.431421471156335,
0.65140950084469,0.870607374070773,1.),.UNSPECIFIED.);
#381=B_SPLINE_CURVE_WITH_KNOTS('',3,(#1927,#1928,#1929,#1930,#1931,#1932,
#1933,#1934,#1935,#1936,#1937,#1938,#1939,#1940,#1941,#1942),
 .UNSPECIFIED.,.F.,.F.,(4,3,3,3,3,4),(0.,0.213228673932596,0.424370967576204,
0.635605165695261,0.849244558375028,1.),.UNSPECIFIED.);
#382=B_SPLINE_CURVE_WITH_KNOTS('',3,(#1951,#1952,#1953,#1954,#1955,#1956,
#1957,#1958,#1959,#1960,#1961,#1962,#1963,#1964,#1965,#1966,#1967,#1968,
#1969,#1970,#1971,#1972),.UNSPECIFIED.,.F.,.F.,(4,2,2,2,2,2,2,2,2,2,4),
(0.,0.25,0.375,0.4375,0.46875,0.5,0.53125,0.562500000000001,0.625000000000001,
0.750000000000001,1.),.UNSPECIFIED.);
#383=B_SPLINE_CURVE_WITH_KNOTS('',3,(#1978,#1979,#1980,#1981,#1982,#1983,
#1984,#1985,#1986,#1987,#1988,#1989,#1990,#1991,#1992,#1993,#1994,#1995,
#1996,#1997,#1998,#1999,#2000,#2001,#2002,#2003,#2004,#2005,#2006,#2007),
 .UNSPECIFIED.,.F.,.F.,(4,2,2,2,2,2,2,2,2,2,2,2,2,2,4),(0.,0.250000000000003,
0.375000000000005,0.437500000000006,0.468750000000006,0.484375000000006,
0.492187500000006,0.496093750000006,0.500000000000006,0.515625000000006,
0.531250000000006,0.562500000000006,0.625000000000005,0.750000000000003,
1.),.UNSPECIFIED.);
#384=B_SPLINE_CURVE_WITH_KNOTS('',3,(#2023,#2024,#2025,#2026,#2027,#2028),
 .UNSPECIFIED.,.F.,.F.,(4,2,4),(0.,0.5,1.),.UNSPECIFIED.);
#385=B_SPLINE_CURVE_WITH_KNOTS('',3,(#2030,#2031,#2032,#2033,#2034,#2035,
#2036,#2037,#2038,#2039),.UNSPECIFIED.,.F.,.F.,(4,2,2,2,4),(0.,0.25,0.5,
0.75,1.),.UNSPECIFIED.);
#386=B_SPLINE_CURVE_WITH_KNOTS('',3,(#2041,#2042,#2043,#2044,#2045,#2046),
 .UNSPECIFIED.,.F.,.F.,(4,2,4),(0.,0.5,1.),.UNSPECIFIED.);
#387=B_SPLINE_CURVE_WITH_KNOTS('',3,(#2052,#2053,#2054,#2055),
 .UNSPECIFIED.,.F.,.F.,(4,4),(0.,1.),.UNSPECIFIED.);
#388=B_SPLINE_CURVE_WITH_KNOTS('',3,(#2057,#2058,#2059,#2060,#2061,#2062,
#2063),.UNSPECIFIED.,.F.,.F.,(4,3,4),(0.,0.707197452909179,1.),
 .UNSPECIFIED.);
#389=B_SPLINE_CURVE_WITH_KNOTS('',3,(#2065,#2066,#2067,#2068,#2069,#2070,
#2071,#2072,#2073,#2074,#2075,#2076,#2077),.UNSPECIFIED.,.F.,.F.,(4,3,3,
3,4),(0.,0.241145653115411,0.499664882895733,0.84111743359576,1.),
 .UNSPECIFIED.);
#390=B_SPLINE_CURVE_WITH_KNOTS('',3,(#2079,#2080,#2081,#2082,#2083,#2084,
#2085),.UNSPECIFIED.,.F.,.F.,(4,3,4),(0.,0.707057119277309,1.),
 .UNSPECIFIED.);
#391=B_SPLINE_CURVE_WITH_KNOTS('',3,(#2087,#2088,#2089,#2090),
 .UNSPECIFIED.,.F.,.F.,(4,4),(0.,1.),.UNSPECIFIED.);
#392=B_SPLINE_CURVE_WITH_KNOTS('',3,(#2192,#2193,#2194,#2195,#2196,#2197,
#2198,#2199,#2200,#2201,#2202,#2203,#2204,#2205,#2206,#2207,#2208,#2209,
#2210,#2211,#2212,#2213),.UNSPECIFIED.,.F.,.F.,(4,2,2,2,2,2,2,2,2,2,4),
(0.,0.250000000000005,0.375000000000009,0.437500000000011,0.468750000000011,
0.50000000000001,0.53125000000001,0.562500000000009,0.625000000000008,0.750000000000004,
1.),.UNSPECIFIED.);
#393=B_SPLINE_CURVE_WITH_KNOTS('',3,(#2228,#2229,#2230,#2231),
 .UNSPECIFIED.,.F.,.F.,(4,4),(0.,1.),.UNSPECIFIED.);
#394=B_SPLINE_CURVE_WITH_KNOTS('',3,(#2250,#2251,#2252,#2253),
 .UNSPECIFIED.,.F.,.F.,(4,4),(0.,1.),.UNSPECIFIED.);
#395=B_SPLINE_CURVE_WITH_KNOTS('',3,(#2390,#2391,#2392,#2393,#2394,#2395,
#2396,#2397,#2398,#2399,#2400,#2401,#2402,#2403,#2404,#2405),
 .UNSPECIFIED.,.F.,.F.,(4,3,3,3,3,4),(0.,0.120230540267742,0.329511420522921,
0.549758132767616,0.774944646143919,1.),.UNSPECIFIED.);
#396=B_SPLINE_CURVE_WITH_KNOTS('',3,(#2412,#2413,#2414,#2415,#2416,#2417,
#2418,#2419,#2420,#2421,#2422,#2423,#2424,#2425,#2426,#2427),
 .UNSPECIFIED.,.F.,.F.,(4,3,3,3,3,4),(0.,0.158028807049127,0.381234064563134,
0.59571761590765,0.800538451556532,1.),.UNSPECIFIED.);
#397=B_SPLINE_CURVE_WITH_KNOTS('',3,(#2442,#2443,#2444,#2445,#2446,#2447,
#2448,#2449,#2450,#2451,#2452,#2453,#2454,#2455,#2456,#2457),
 .UNSPECIFIED.,.F.,.F.,(4,3,3,3,3,4),(0.,0.158028807049127,0.381234064563139,
0.595717615907652,0.800538451556531,1.),.UNSPECIFIED.);
#398=B_SPLINE_CURVE_WITH_KNOTS('',3,(#2463,#2464,#2465,#2466,#2467,#2468,
#2469,#2470,#2471,#2472,#2473,#2474,#2475,#2476,#2477,#2478),
 .UNSPECIFIED.,.F.,.F.,(4,3,3,3,3,4),(0.,0.120230540267929,0.329511420523429,
0.549758132768464,0.774944646145115,1.),.UNSPECIFIED.);
#399=B_SPLINE_CURVE_WITH_KNOTS('',3,(#2480,#2481,#2482,#2483,#2484,#2485,
#2486,#2487,#2488,#2489,#2490,#2491,#2492,#2493,#2494,#2495),
 .UNSPECIFIED.,.F.,.F.,(4,3,3,3,3,4),(0.,0.158028807048855,0.381234064562758,
0.595717615907306,0.800538451556327,1.),.UNSPECIFIED.);
#400=B_SPLINE_CURVE_WITH_KNOTS('',3,(#2501,#2502,#2503,#2504,#2505,#2506,
#2507,#2508,#2509,#2510,#2511,#2512,#2513,#2514,#2515,#2516),
 .UNSPECIFIED.,.F.,.F.,(4,3,3,3,3,4),(0.,0.12023054026827,0.329511420523561,
0.549758132768212,0.774944646144365,1.),.UNSPECIFIED.);
#401=B_SPLINE_CURVE_WITH_KNOTS('',3,(#2539,#2540,#2541,#2542,#2543,#2544,
#2545,#2546,#2547,#2548,#2549,#2550,#2551,#2552,#2553,#2554),
 .UNSPECIFIED.,.F.,.F.,(4,3,3,3,3,4),(0.,0.120230540268269,0.329511420523561,
0.549758132768212,0.774944646144364,1.),.UNSPECIFIED.);
#402=B_SPLINE_CURVE_WITH_KNOTS('',3,(#2556,#2557,#2558,#2559,#2560,#2561,
#2562,#2563,#2564,#2565,#2566,#2567,#2568,#2569,#2570,#2571),
 .UNSPECIFIED.,.F.,.F.,(4,3,3,3,3,4),(0.,0.158028807048854,0.381234064562758,
0.595717615907302,0.800538451556325,1.),.UNSPECIFIED.);
#403=LINE('',#1482,#437);
#404=LINE('',#1491,#438);
#405=LINE('',#1792,#439);
#406=LINE('',#1796,#440);
#407=LINE('',#1974,#441);
#408=LINE('',#1976,#442);
#409=LINE('',#2048,#443);
#410=LINE('',#2050,#444);
#411=LINE('',#2321,#445);
#412=LINE('',#2326,#446);
#413=LINE('',#2328,#447);
#414=LINE('',#2330,#448);
#415=LINE('',#2335,#449);
#416=LINE('',#2337,#450);
#417=LINE('',#2339,#451);
#418=LINE('',#2342,#452);
#419=LINE('',#2344,#453);
#420=LINE('',#2346,#454);
#421=LINE('',#2354,#455);
#422=LINE('',#2357,#456);
#423=LINE('',#2359,#457);
#424=LINE('',#2361,#458);
#425=LINE('',#2363,#459);
#426=LINE('',#2368,#460);
#427=LINE('',#2370,#461);
#428=LINE('',#2372,#462);
#429=LINE('',#2377,#463);
#430=LINE('',#2379,#464);
#431=LINE('',#2387,#465);
#432=LINE('',#2432,#466);
#433=LINE('',#2459,#467);
#434=LINE('',#2497,#468);
#435=LINE('',#2525,#469);
#436=LINE('',#2537,#470);
#437=VECTOR('',#1204,1.);
#438=VECTOR('',#1205,1.);
#439=VECTOR('',#1214,1.);
#440=VECTOR('',#1217,1.);
#441=VECTOR('',#1242,1.);
#442=VECTOR('',#1243,1.);
#443=VECTOR('',#1268,1.);
#444=VECTOR('',#1269,1.);
#445=VECTOR('',#1296,1.);
#446=VECTOR('',#1299,1.);
#447=VECTOR('',#1300,1.);
#448=VECTOR('',#1303,1.);
#449=VECTOR('',#1306,1.);
#450=VECTOR('',#1307,1.);
#451=VECTOR('',#1310,1.);
#452=VECTOR('',#1311,1.);
#453=VECTOR('',#1312,1.);
#454=VECTOR('',#1313,1.);
#455=VECTOR('',#1328,1.);
#456=VECTOR('',#1329,1.);
#457=VECTOR('',#1330,1.);
#458=VECTOR('',#1331,1.);
#459=VECTOR('',#1334,1.);
#460=VECTOR('',#1337,1.);
#461=VECTOR('',#1338,1.);
#462=VECTOR('',#1341,1.);
#463=VECTOR('',#1344,1.);
#464=VECTOR('',#1345,1.);
#465=VECTOR('',#1360,1.);
#466=VECTOR('',#1377,1.);
#467=VECTOR('',#1394,1.);
#468=VECTOR('',#1403,1.);
#469=VECTOR('',#1422,1.);
#470=VECTOR('',#1441,1.);
#471=ORIENTED_EDGE('',*,*,#863,.F.);
#472=ORIENTED_EDGE('',*,*,#864,.F.);
#473=ORIENTED_EDGE('',*,*,#865,.T.);
#474=ORIENTED_EDGE('',*,*,#866,.F.);
#475=ORIENTED_EDGE('',*,*,#865,.F.);
#476=ORIENTED_EDGE('',*,*,#867,.F.);
#477=ORIENTED_EDGE('',*,*,#868,.T.);
#478=ORIENTED_EDGE('',*,*,#869,.F.);
#479=ORIENTED_EDGE('',*,*,#868,.F.);
#480=ORIENTED_EDGE('',*,*,#870,.F.);
#481=ORIENTED_EDGE('',*,*,#871,.T.);
#482=ORIENTED_EDGE('',*,*,#872,.F.);
#483=ORIENTED_EDGE('',*,*,#871,.F.);
#484=ORIENTED_EDGE('',*,*,#873,.F.);
#485=ORIENTED_EDGE('',*,*,#874,.T.);
#486=ORIENTED_EDGE('',*,*,#875,.F.);
#487=ORIENTED_EDGE('',*,*,#874,.F.);
#488=ORIENTED_EDGE('',*,*,#876,.F.);
#489=ORIENTED_EDGE('',*,*,#877,.T.);
#490=ORIENTED_EDGE('',*,*,#878,.F.);
#491=ORIENTED_EDGE('',*,*,#877,.F.);
#492=ORIENTED_EDGE('',*,*,#879,.F.);
#493=ORIENTED_EDGE('',*,*,#880,.T.);
#494=ORIENTED_EDGE('',*,*,#881,.F.);
#495=ORIENTED_EDGE('',*,*,#880,.F.);
#496=ORIENTED_EDGE('',*,*,#882,.F.);
#497=ORIENTED_EDGE('',*,*,#883,.T.);
#498=ORIENTED_EDGE('',*,*,#884,.F.);
#499=ORIENTED_EDGE('',*,*,#883,.F.);
#500=ORIENTED_EDGE('',*,*,#885,.F.);
#501=ORIENTED_EDGE('',*,*,#886,.T.);
#502=ORIENTED_EDGE('',*,*,#887,.F.);
#503=ORIENTED_EDGE('',*,*,#886,.F.);
#504=ORIENTED_EDGE('',*,*,#888,.F.);
#505=ORIENTED_EDGE('',*,*,#889,.T.);
#506=ORIENTED_EDGE('',*,*,#890,.F.);
#507=ORIENTED_EDGE('',*,*,#891,.F.);
#508=ORIENTED_EDGE('',*,*,#863,.T.);
#509=ORIENTED_EDGE('',*,*,#892,.F.);
#510=ORIENTED_EDGE('',*,*,#889,.F.);
#511=ORIENTED_EDGE('',*,*,#893,.T.);
#512=ORIENTED_EDGE('',*,*,#894,.T.);
#513=ORIENTED_EDGE('',*,*,#895,.T.);
#514=ORIENTED_EDGE('',*,*,#896,.T.);
#515=ORIENTED_EDGE('',*,*,#897,.T.);
#516=ORIENTED_EDGE('',*,*,#898,.T.);
#517=ORIENTED_EDGE('',*,*,#899,.T.);
#518=ORIENTED_EDGE('',*,*,#900,.T.);
#519=ORIENTED_EDGE('',*,*,#901,.T.);
#520=ORIENTED_EDGE('',*,*,#902,.T.);
#521=ORIENTED_EDGE('',*,*,#903,.T.);
#522=ORIENTED_EDGE('',*,*,#904,.T.);
#523=ORIENTED_EDGE('',*,*,#905,.T.);
#524=ORIENTED_EDGE('',*,*,#906,.T.);
#525=ORIENTED_EDGE('',*,*,#878,.T.);
#526=ORIENTED_EDGE('',*,*,#907,.T.);
#527=ORIENTED_EDGE('',*,*,#908,.T.);
#528=ORIENTED_EDGE('',*,*,#909,.F.);
#529=ORIENTED_EDGE('',*,*,#892,.T.);
#530=ORIENTED_EDGE('',*,*,#910,.F.);
#531=ORIENTED_EDGE('',*,*,#911,.T.);
#532=ORIENTED_EDGE('',*,*,#910,.T.);
#533=ORIENTED_EDGE('',*,*,#866,.T.);
#534=ORIENTED_EDGE('',*,*,#912,.T.);
#535=ORIENTED_EDGE('',*,*,#913,.T.);
#536=ORIENTED_EDGE('',*,*,#890,.T.);
#537=ORIENTED_EDGE('',*,*,#909,.T.);
#538=ORIENTED_EDGE('',*,*,#914,.T.);
#539=ORIENTED_EDGE('',*,*,#914,.F.);
#540=ORIENTED_EDGE('',*,*,#905,.F.);
#541=ORIENTED_EDGE('',*,*,#915,.F.);
#542=ORIENTED_EDGE('',*,*,#916,.T.);
#543=ORIENTED_EDGE('',*,*,#879,.T.);
#544=ORIENTED_EDGE('',*,*,#876,.T.);
#545=ORIENTED_EDGE('',*,*,#873,.T.);
#546=ORIENTED_EDGE('',*,*,#917,.T.);
#547=ORIENTED_EDGE('',*,*,#918,.T.);
#548=ORIENTED_EDGE('',*,*,#919,.T.);
#549=ORIENTED_EDGE('',*,*,#920,.T.);
#550=ORIENTED_EDGE('',*,*,#921,.T.);
#551=ORIENTED_EDGE('',*,*,#891,.T.);
#552=ORIENTED_EDGE('',*,*,#922,.T.);
#553=ORIENTED_EDGE('',*,*,#923,.T.);
#554=ORIENTED_EDGE('',*,*,#924,.T.);
#555=ORIENTED_EDGE('',*,*,#925,.T.);
#556=ORIENTED_EDGE('',*,*,#926,.T.);
#557=ORIENTED_EDGE('',*,*,#927,.T.);
#558=ORIENTED_EDGE('',*,*,#928,.T.);
#559=ORIENTED_EDGE('',*,*,#867,.T.);
#560=ORIENTED_EDGE('',*,*,#864,.T.);
#561=ORIENTED_EDGE('',*,*,#921,.F.);
#562=ORIENTED_EDGE('',*,*,#922,.F.);
#563=ORIENTED_EDGE('',*,*,#888,.T.);
#564=ORIENTED_EDGE('',*,*,#885,.T.);
#565=ORIENTED_EDGE('',*,*,#929,.T.);
#566=ORIENTED_EDGE('',*,*,#930,.F.);
#567=ORIENTED_EDGE('',*,*,#930,.T.);
#568=ORIENTED_EDGE('',*,*,#915,.T.);
#569=ORIENTED_EDGE('',*,*,#884,.T.);
#570=ORIENTED_EDGE('',*,*,#887,.T.);
#571=ORIENTED_EDGE('',*,*,#913,.F.);
#572=ORIENTED_EDGE('',*,*,#931,.F.);
#573=ORIENTED_EDGE('',*,*,#907,.F.);
#574=ORIENTED_EDGE('',*,*,#881,.T.);
#575=ORIENTED_EDGE('',*,*,#931,.T.);
#576=ORIENTED_EDGE('',*,*,#911,.F.);
#577=ORIENTED_EDGE('',*,*,#932,.F.);
#578=ORIENTED_EDGE('',*,*,#908,.F.);
#579=ORIENTED_EDGE('',*,*,#872,.T.);
#580=ORIENTED_EDGE('',*,*,#875,.T.);
#581=ORIENTED_EDGE('',*,*,#906,.F.);
#582=ORIENTED_EDGE('',*,*,#932,.T.);
#583=ORIENTED_EDGE('',*,*,#912,.F.);
#584=ORIENTED_EDGE('',*,*,#869,.T.);
#585=ORIENTED_EDGE('',*,*,#925,.F.);
#586=ORIENTED_EDGE('',*,*,#933,.T.);
#587=ORIENTED_EDGE('',*,*,#917,.F.);
#588=ORIENTED_EDGE('',*,*,#870,.T.);
#589=ORIENTED_EDGE('',*,*,#928,.F.);
#590=ORIENTED_EDGE('',*,*,#934,.F.);
#591=ORIENTED_EDGE('',*,*,#927,.F.);
#592=ORIENTED_EDGE('',*,*,#935,.F.);
#593=ORIENTED_EDGE('',*,*,#918,.F.);
#594=ORIENTED_EDGE('',*,*,#934,.T.);
#595=ORIENTED_EDGE('',*,*,#933,.F.);
#596=ORIENTED_EDGE('',*,*,#924,.F.);
#597=ORIENTED_EDGE('',*,*,#936,.F.);
#598=ORIENTED_EDGE('',*,*,#919,.F.);
#599=ORIENTED_EDGE('',*,*,#935,.T.);
#600=ORIENTED_EDGE('',*,*,#926,.F.);
#601=ORIENTED_EDGE('',*,*,#936,.T.);
#602=ORIENTED_EDGE('',*,*,#923,.F.);
#603=ORIENTED_EDGE('',*,*,#937,.F.);
#604=ORIENTED_EDGE('',*,*,#920,.F.);
#605=ORIENTED_EDGE('',*,*,#929,.F.);
#606=ORIENTED_EDGE('',*,*,#882,.T.);
#607=ORIENTED_EDGE('',*,*,#916,.F.);
#608=ORIENTED_EDGE('',*,*,#937,.T.);
#609=ORIENTED_EDGE('',*,*,#938,.T.);
#610=ORIENTED_EDGE('',*,*,#939,.T.);
#611=ORIENTED_EDGE('',*,*,#940,.T.);
#612=ORIENTED_EDGE('',*,*,#941,.T.);
#613=ORIENTED_EDGE('',*,*,#942,.T.);
#614=ORIENTED_EDGE('',*,*,#943,.T.);
#615=ORIENTED_EDGE('',*,*,#944,.T.);
#616=ORIENTED_EDGE('',*,*,#945,.T.);
#617=ORIENTED_EDGE('',*,*,#946,.T.);
#618=ORIENTED_EDGE('',*,*,#947,.T.);
#619=ORIENTED_EDGE('',*,*,#948,.T.);
#620=ORIENTED_EDGE('',*,*,#949,.T.);
#621=ORIENTED_EDGE('',*,*,#948,.F.);
#622=ORIENTED_EDGE('',*,*,#950,.T.);
#623=ORIENTED_EDGE('',*,*,#945,.F.);
#624=ORIENTED_EDGE('',*,*,#951,.T.);
#625=ORIENTED_EDGE('',*,*,#941,.F.);
#626=ORIENTED_EDGE('',*,*,#952,.T.);
#627=ORIENTED_EDGE('',*,*,#946,.F.);
#628=ORIENTED_EDGE('',*,*,#953,.T.);
#629=ORIENTED_EDGE('',*,*,#954,.F.);
#630=ORIENTED_EDGE('',*,*,#955,.T.);
#631=ORIENTED_EDGE('',*,*,#956,.F.);
#632=ORIENTED_EDGE('',*,*,#957,.T.);
#633=ORIENTED_EDGE('',*,*,#958,.T.);
#634=ORIENTED_EDGE('',*,*,#959,.T.);
#635=ORIENTED_EDGE('',*,*,#960,.T.);
#636=ORIENTED_EDGE('',*,*,#961,.F.);
#637=ORIENTED_EDGE('',*,*,#962,.T.);
#638=ORIENTED_EDGE('',*,*,#963,.T.);
#639=ORIENTED_EDGE('',*,*,#964,.T.);
#640=ORIENTED_EDGE('',*,*,#965,.F.);
#641=ORIENTED_EDGE('',*,*,#965,.T.);
#642=ORIENTED_EDGE('',*,*,#966,.T.);
#643=ORIENTED_EDGE('',*,*,#954,.T.);
#644=ORIENTED_EDGE('',*,*,#967,.T.);
#645=ORIENTED_EDGE('',*,*,#956,.T.);
#646=ORIENTED_EDGE('',*,*,#968,.T.);
#647=ORIENTED_EDGE('',*,*,#961,.T.);
#648=ORIENTED_EDGE('',*,*,#969,.T.);
#649=ORIENTED_EDGE('',*,*,#970,.F.);
#650=ORIENTED_EDGE('',*,*,#971,.T.);
#651=ORIENTED_EDGE('',*,*,#942,.F.);
#652=ORIENTED_EDGE('',*,*,#972,.F.);
#653=ORIENTED_EDGE('',*,*,#972,.T.);
#654=ORIENTED_EDGE('',*,*,#950,.F.);
#655=ORIENTED_EDGE('',*,*,#973,.F.);
#656=ORIENTED_EDGE('',*,*,#974,.F.);
#657=ORIENTED_EDGE('',*,*,#964,.F.);
#658=ORIENTED_EDGE('',*,*,#975,.T.);
#659=ORIENTED_EDGE('',*,*,#970,.T.);
#660=ORIENTED_EDGE('',*,*,#976,.F.);
#661=ORIENTED_EDGE('',*,*,#973,.T.);
#662=ORIENTED_EDGE('',*,*,#947,.F.);
#663=ORIENTED_EDGE('',*,*,#977,.F.);
#664=ORIENTED_EDGE('',*,*,#978,.F.);
#665=ORIENTED_EDGE('',*,*,#976,.T.);
#666=ORIENTED_EDGE('',*,*,#974,.T.);
#667=ORIENTED_EDGE('',*,*,#979,.F.);
#668=ORIENTED_EDGE('',*,*,#966,.F.);
#669=ORIENTED_EDGE('',*,*,#977,.T.);
#670=ORIENTED_EDGE('',*,*,#952,.F.);
#671=ORIENTED_EDGE('',*,*,#980,.F.);
#672=ORIENTED_EDGE('',*,*,#981,.F.);
#673=ORIENTED_EDGE('',*,*,#979,.T.);
#674=ORIENTED_EDGE('',*,*,#978,.T.);
#675=ORIENTED_EDGE('',*,*,#982,.F.);
#676=ORIENTED_EDGE('',*,*,#955,.F.);
#677=ORIENTED_EDGE('',*,*,#940,.F.);
#678=ORIENTED_EDGE('',*,*,#983,.T.);
#679=ORIENTED_EDGE('',*,*,#984,.F.);
#680=ORIENTED_EDGE('',*,*,#980,.T.);
#681=ORIENTED_EDGE('',*,*,#982,.T.);
#682=ORIENTED_EDGE('',*,*,#981,.T.);
#683=ORIENTED_EDGE('',*,*,#985,.F.);
#684=ORIENTED_EDGE('',*,*,#968,.F.);
#685=ORIENTED_EDGE('',*,*,#984,.T.);
#686=ORIENTED_EDGE('',*,*,#986,.T.);
#687=ORIENTED_EDGE('',*,*,#958,.F.);
#688=ORIENTED_EDGE('',*,*,#985,.T.);
#689=ORIENTED_EDGE('',*,*,#944,.F.);
#690=ORIENTED_EDGE('',*,*,#987,.T.);
#691=ORIENTED_EDGE('',*,*,#988,.F.);
#692=ORIENTED_EDGE('',*,*,#989,.F.);
#693=ORIENTED_EDGE('',*,*,#988,.T.);
#694=ORIENTED_EDGE('',*,*,#990,.T.);
#695=ORIENTED_EDGE('',*,*,#962,.F.);
#696=ORIENTED_EDGE('',*,*,#991,.F.);
#697=ORIENTED_EDGE('',*,*,#951,.F.);
#698=ORIENTED_EDGE('',*,*,#989,.T.);
#699=ORIENTED_EDGE('',*,*,#992,.F.);
#700=ORIENTED_EDGE('',*,*,#993,.F.);
#701=ORIENTED_EDGE('',*,*,#991,.T.);
#702=ORIENTED_EDGE('',*,*,#967,.F.);
#703=ORIENTED_EDGE('',*,*,#994,.F.);
#704=ORIENTED_EDGE('',*,*,#992,.T.);
#705=ORIENTED_EDGE('',*,*,#949,.F.);
#706=ORIENTED_EDGE('',*,*,#993,.T.);
#707=ORIENTED_EDGE('',*,*,#995,.F.);
#708=ORIENTED_EDGE('',*,*,#996,.F.);
#709=ORIENTED_EDGE('',*,*,#994,.T.);
#710=ORIENTED_EDGE('',*,*,#957,.F.);
#711=ORIENTED_EDGE('',*,*,#997,.F.);
#712=ORIENTED_EDGE('',*,*,#995,.T.);
#713=ORIENTED_EDGE('',*,*,#953,.F.);
#714=ORIENTED_EDGE('',*,*,#996,.T.);
#715=ORIENTED_EDGE('',*,*,#998,.F.);
#716=ORIENTED_EDGE('',*,*,#999,.F.);
#717=ORIENTED_EDGE('',*,*,#997,.T.);
#718=ORIENTED_EDGE('',*,*,#969,.F.);
#719=ORIENTED_EDGE('',*,*,#1000,.F.);
#720=ORIENTED_EDGE('',*,*,#998,.T.);
#721=ORIENTED_EDGE('',*,*,#1001,.F.);
#722=ORIENTED_EDGE('',*,*,#1002,.T.);
#723=ORIENTED_EDGE('',*,*,#938,.F.);
#724=ORIENTED_EDGE('',*,*,#999,.T.);
#725=ORIENTED_EDGE('',*,*,#960,.F.);
#726=ORIENTED_EDGE('',*,*,#1003,.T.);
#727=ORIENTED_EDGE('',*,*,#1001,.T.);
#728=ORIENTED_EDGE('',*,*,#1000,.T.);
#729=ORIENTED_EDGE('',*,*,#1004,.F.);
#730=ORIENTED_EDGE('',*,*,#971,.F.);
#731=ORIENTED_EDGE('',*,*,#1005,.F.);
#732=ORIENTED_EDGE('',*,*,#897,.F.);
#733=ORIENTED_EDGE('',*,*,#1005,.T.);
#734=ORIENTED_EDGE('',*,*,#975,.F.);
#735=ORIENTED_EDGE('',*,*,#1006,.F.);
#736=ORIENTED_EDGE('',*,*,#898,.F.);
#737=ORIENTED_EDGE('',*,*,#1004,.T.);
#738=ORIENTED_EDGE('',*,*,#896,.F.);
#739=ORIENTED_EDGE('',*,*,#1007,.F.);
#740=ORIENTED_EDGE('',*,*,#943,.F.);
#741=ORIENTED_EDGE('',*,*,#1006,.T.);
#742=ORIENTED_EDGE('',*,*,#963,.F.);
#743=ORIENTED_EDGE('',*,*,#1008,.F.);
#744=ORIENTED_EDGE('',*,*,#893,.F.);
#745=ORIENTED_EDGE('',*,*,#1007,.T.);
#746=ORIENTED_EDGE('',*,*,#895,.F.);
#747=ORIENTED_EDGE('',*,*,#1009,.F.);
#748=ORIENTED_EDGE('',*,*,#987,.F.);
#749=ORIENTED_EDGE('',*,*,#1008,.T.);
#750=ORIENTED_EDGE('',*,*,#990,.F.);
#751=ORIENTED_EDGE('',*,*,#1009,.T.);
#752=ORIENTED_EDGE('',*,*,#894,.F.);
#753=ORIENTED_EDGE('',*,*,#1010,.F.);
#754=ORIENTED_EDGE('',*,*,#1003,.F.);
#755=ORIENTED_EDGE('',*,*,#1011,.F.);
#756=ORIENTED_EDGE('',*,*,#903,.F.);
#757=ORIENTED_EDGE('',*,*,#1011,.T.);
#758=ORIENTED_EDGE('',*,*,#959,.F.);
#759=ORIENTED_EDGE('',*,*,#1012,.F.);
#760=ORIENTED_EDGE('',*,*,#904,.F.);
#761=ORIENTED_EDGE('',*,*,#1010,.T.);
#762=ORIENTED_EDGE('',*,*,#902,.F.);
#763=ORIENTED_EDGE('',*,*,#1013,.F.);
#764=ORIENTED_EDGE('',*,*,#1002,.F.);
#765=ORIENTED_EDGE('',*,*,#1012,.T.);
#766=ORIENTED_EDGE('',*,*,#986,.F.);
#767=ORIENTED_EDGE('',*,*,#1014,.F.);
#768=ORIENTED_EDGE('',*,*,#899,.F.);
#769=ORIENTED_EDGE('',*,*,#1013,.T.);
#770=ORIENTED_EDGE('',*,*,#901,.F.);
#771=ORIENTED_EDGE('',*,*,#1015,.F.);
#772=ORIENTED_EDGE('',*,*,#939,.F.);
#773=ORIENTED_EDGE('',*,*,#1014,.T.);
#774=ORIENTED_EDGE('',*,*,#983,.F.);
#775=ORIENTED_EDGE('',*,*,#1015,.T.);
#776=ORIENTED_EDGE('',*,*,#900,.F.);
#777=VERTEX_POINT('',#1480);
#778=VERTEX_POINT('',#1481);
#779=VERTEX_POINT('',#1483);
#780=VERTEX_POINT('',#1490);
#781=VERTEX_POINT('',#1497);
#782=VERTEX_POINT('',#1504);
#783=VERTEX_POINT('',#1543);
#784=VERTEX_POINT('',#1550);
#785=VERTEX_POINT('',#1601);
#786=VERTEX_POINT('',#1608);
#787=VERTEX_POINT('',#1638);
#788=VERTEX_POINT('',#1645);
#789=VERTEX_POINT('',#1652);
#790=VERTEX_POINT('',#1659);
#791=VERTEX_POINT('',#1698);
#792=VERTEX_POINT('',#1705);
#793=VERTEX_POINT('',#1756);
#794=VERTEX_POINT('',#1763);
#795=VERTEX_POINT('',#1793);
#796=VERTEX_POINT('',#1795);
#797=VERTEX_POINT('',#1802);
#798=VERTEX_POINT('',#1803);
#799=VERTEX_POINT('',#1820);
#800=VERTEX_POINT('',#1837);
#801=VERTEX_POINT('',#1839);
#802=VERTEX_POINT('',#1856);
#803=VERTEX_POINT('',#1889);
#804=VERTEX_POINT('',#1890);
#805=VERTEX_POINT('',#1907);
#806=VERTEX_POINT('',#1909);
#807=VERTEX_POINT('',#1926);
#808=VERTEX_POINT('',#1943);
#809=VERTEX_POINT('',#1946);
#810=VERTEX_POINT('',#1948);
#811=VERTEX_POINT('',#1950);
#812=VERTEX_POINT('',#1975);
#813=VERTEX_POINT('',#1977);
#814=VERTEX_POINT('',#2014);
#815=VERTEX_POINT('',#2018);
#816=VERTEX_POINT('',#2020);
#817=VERTEX_POINT('',#2022);
#818=VERTEX_POINT('',#2029);
#819=VERTEX_POINT('',#2040);
#820=VERTEX_POINT('',#2049);
#821=VERTEX_POINT('',#2051);
#822=VERTEX_POINT('',#2056);
#823=VERTEX_POINT('',#2064);
#824=VERTEX_POINT('',#2078);
#825=VERTEX_POINT('',#2086);
#826=VERTEX_POINT('',#2097);
#827=VERTEX_POINT('',#2322);
#828=VERTEX_POINT('',#2323);
#829=VERTEX_POINT('',#2325);
#830=VERTEX_POINT('',#2327);
#831=VERTEX_POINT('',#2331);
#832=VERTEX_POINT('',#2332);
#833=VERTEX_POINT('',#2334);
#834=VERTEX_POINT('',#2336);
#835=VERTEX_POINT('',#2340);
#836=VERTEX_POINT('',#2341);
#837=VERTEX_POINT('',#2343);
#838=VERTEX_POINT('',#2345);
#839=VERTEX_POINT('',#2355);
#840=VERTEX_POINT('',#2356);
#841=VERTEX_POINT('',#2358);
#842=VERTEX_POINT('',#2360);
#843=VERTEX_POINT('',#2364);
#844=VERTEX_POINT('',#2365);
#845=VERTEX_POINT('',#2367);
#846=VERTEX_POINT('',#2369);
#847=VERTEX_POINT('',#2373);
#848=VERTEX_POINT('',#2374);
#849=VERTEX_POINT('',#2376);
#850=VERTEX_POINT('',#2378);
#851=VERTEX_POINT('',#2388);
#852=VERTEX_POINT('',#2389);
#853=VERTEX_POINT('',#2409);
#854=VERTEX_POINT('',#2431);
#855=VERTEX_POINT('',#2437);
#856=VERTEX_POINT('',#2458);
#857=VERTEX_POINT('',#2496);
#858=VERTEX_POINT('',#2498);
#859=VERTEX_POINT('',#2520);
#860=VERTEX_POINT('',#2526);
#861=VERTEX_POINT('',#2532);
#862=VERTEX_POINT('',#2538);
#863=EDGE_CURVE('',#777,#778,#1016,.T.);
#864=EDGE_CURVE('',#779,#777,#403,.T.);
#865=EDGE_CURVE('',#779,#780,#360,.T.);
#866=EDGE_CURVE('',#778,#780,#404,.T.);
#867=EDGE_CURVE('',#781,#779,#361,.T.);
#868=EDGE_CURVE('',#781,#782,#112,.T.);
#869=EDGE_CURVE('',#780,#782,#362,.T.);
#870=EDGE_CURVE('',#783,#781,#363,.T.);
#871=EDGE_CURVE('',#783,#784,#113,.T.);
#872=EDGE_CURVE('',#782,#784,#364,.T.);
#873=EDGE_CURVE('',#785,#783,#365,.T.);
#874=EDGE_CURVE('',#785,#786,#114,.T.);
#875=EDGE_CURVE('',#784,#786,#366,.T.);
#876=EDGE_CURVE('',#787,#785,#1017,.T.);
#877=EDGE_CURVE('',#787,#788,#367,.T.);
#878=EDGE_CURVE('',#786,#788,#1018,.T.);
#879=EDGE_CURVE('',#789,#787,#368,.T.);
#880=EDGE_CURVE('',#789,#790,#115,.T.);
#881=EDGE_CURVE('',#788,#790,#369,.T.);
#882=EDGE_CURVE('',#791,#789,#370,.T.);
#883=EDGE_CURVE('',#791,#792,#116,.T.);
#884=EDGE_CURVE('',#790,#792,#371,.T.);
#885=EDGE_CURVE('',#793,#791,#372,.T.);
#886=EDGE_CURVE('',#793,#794,#117,.T.);
#887=EDGE_CURVE('',#792,#794,#373,.T.);
#888=EDGE_CURVE('',#795,#793,#405,.T.);
#889=EDGE_CURVE('',#795,#796,#1019,.T.);
#890=EDGE_CURVE('',#794,#796,#406,.T.);
#891=EDGE_CURVE('',#777,#795,#1020,.T.);
#892=EDGE_CURVE('',#796,#778,#1021,.T.);
#893=EDGE_CURVE('',#797,#798,#1022,.T.);
#894=EDGE_CURVE('',#798,#799,#374,.T.);
#895=EDGE_CURVE('',#799,#800,#375,.T.);
#896=EDGE_CURVE('',#800,#801,#1023,.T.);
#897=EDGE_CURVE('',#801,#802,#376,.T.);
#898=EDGE_CURVE('',#802,#797,#377,.T.);
#899=EDGE_CURVE('',#803,#804,#378,.T.);
#900=EDGE_CURVE('',#804,#805,#379,.T.);
#901=EDGE_CURVE('',#805,#806,#1024,.T.);
#902=EDGE_CURVE('',#806,#807,#380,.T.);
#903=EDGE_CURVE('',#807,#808,#381,.T.);
#904=EDGE_CURVE('',#808,#803,#1025,.T.);
#905=EDGE_CURVE('',#809,#809,#1026,.T.);
#906=EDGE_CURVE('',#810,#786,#56,.T.);
#907=EDGE_CURVE('',#788,#811,#57,.T.);
#908=EDGE_CURVE('',#811,#810,#382,.T.);
#909=EDGE_CURVE('',#796,#812,#407,.T.);
#910=EDGE_CURVE('',#813,#778,#408,.T.);
#911=EDGE_CURVE('',#813,#812,#383,.T.);
#912=EDGE_CURVE('',#780,#813,#58,.T.);
#913=EDGE_CURVE('',#812,#794,#59,.T.);
#914=EDGE_CURVE('',#814,#814,#1027,.T.);
#915=EDGE_CURVE('',#815,#815,#1028,.T.);
#916=EDGE_CURVE('',#816,#789,#60,.T.);
#917=EDGE_CURVE('',#783,#817,#61,.T.);
#918=EDGE_CURVE('',#817,#818,#384,.T.);
#919=EDGE_CURVE('',#818,#819,#385,.T.);
#920=EDGE_CURVE('',#819,#816,#386,.T.);
#921=EDGE_CURVE('',#820,#777,#409,.T.);
#922=EDGE_CURVE('',#795,#821,#410,.T.);
#923=EDGE_CURVE('',#821,#822,#387,.T.);
#924=EDGE_CURVE('',#822,#823,#388,.T.);
#925=EDGE_CURVE('',#823,#824,#389,.T.);
#926=EDGE_CURVE('',#824,#825,#390,.T.);
#927=EDGE_CURVE('',#825,#820,#391,.T.);
#928=EDGE_CURVE('',#820,#781,#62,.T.);
#929=EDGE_CURVE('',#791,#821,#63,.T.);
#930=EDGE_CURVE('',#826,#826,#1029,.T.);
#931=EDGE_CURVE('',#811,#812,#1030,.T.);
#932=EDGE_CURVE('',#810,#813,#1031,.T.);
#933=EDGE_CURVE('',#823,#824,#392,.T.);
#934=EDGE_CURVE('',#817,#820,#1032,.T.);
#935=EDGE_CURVE('',#818,#825,#393,.T.);
#936=EDGE_CURVE('',#819,#822,#394,.T.);
#937=EDGE_CURVE('',#816,#821,#1033,.T.);
#938=EDGE_CURVE('',#827,#828,#411,.T.);
#939=EDGE_CURVE('',#828,#829,#1034,.T.);
#940=EDGE_CURVE('',#829,#830,#412,.T.);
#941=EDGE_CURVE('',#830,#827,#413,.T.);
#942=EDGE_CURVE('',#831,#832,#414,.T.);
#943=EDGE_CURVE('',#832,#833,#1035,.T.);
#944=EDGE_CURVE('',#833,#834,#415,.T.);
#945=EDGE_CURVE('',#834,#831,#416,.T.);
#946=EDGE_CURVE('',#835,#836,#417,.T.);
#947=EDGE_CURVE('',#836,#837,#418,.T.);
#948=EDGE_CURVE('',#837,#838,#419,.T.);
#949=EDGE_CURVE('',#838,#835,#420,.T.);
#950=EDGE_CURVE('',#837,#831,#1036,.T.);
#951=EDGE_CURVE('',#834,#838,#1037,.T.);
#952=EDGE_CURVE('',#830,#836,#1038,.T.);
#953=EDGE_CURVE('',#835,#827,#1039,.T.);
#954=EDGE_CURVE('',#839,#840,#421,.T.);
#955=EDGE_CURVE('',#839,#841,#422,.T.);
#956=EDGE_CURVE('',#842,#841,#423,.T.);
#957=EDGE_CURVE('',#842,#840,#424,.T.);
#958=EDGE_CURVE('',#843,#844,#425,.T.);
#959=EDGE_CURVE('',#844,#845,#1040,.T.);
#960=EDGE_CURVE('',#845,#846,#426,.T.);
#961=EDGE_CURVE('',#843,#846,#427,.T.);
#962=EDGE_CURVE('',#847,#848,#428,.T.);
#963=EDGE_CURVE('',#848,#849,#1041,.T.);
#964=EDGE_CURVE('',#849,#850,#429,.T.);
#965=EDGE_CURVE('',#847,#850,#430,.T.);
#966=EDGE_CURVE('',#850,#839,#1042,.T.);
#967=EDGE_CURVE('',#840,#847,#1043,.T.);
#968=EDGE_CURVE('',#841,#843,#1044,.T.);
#969=EDGE_CURVE('',#846,#842,#1045,.T.);
#970=EDGE_CURVE('',#851,#852,#431,.T.);
#971=EDGE_CURVE('',#851,#832,#395,.T.);
#972=EDGE_CURVE('',#852,#831,#1046,.T.);
#973=EDGE_CURVE('',#853,#837,#1047,.T.);
#974=EDGE_CURVE('',#852,#853,#1048,.T.);
#975=EDGE_CURVE('',#849,#851,#396,.T.);
#976=EDGE_CURVE('',#850,#852,#1049,.T.);
#977=EDGE_CURVE('',#854,#836,#1050,.T.);
#978=EDGE_CURVE('',#853,#854,#432,.T.);
#979=EDGE_CURVE('',#839,#853,#1051,.T.);
#980=EDGE_CURVE('',#855,#830,#1052,.T.);
#981=EDGE_CURVE('',#854,#855,#1053,.T.);
#982=EDGE_CURVE('',#841,#854,#1054,.T.);
#983=EDGE_CURVE('',#829,#856,#397,.T.);
#984=EDGE_CURVE('',#855,#856,#433,.T.);
#985=EDGE_CURVE('',#843,#855,#1055,.T.);
#986=EDGE_CURVE('',#856,#844,#398,.T.);
#987=EDGE_CURVE('',#833,#857,#399,.T.);
#988=EDGE_CURVE('',#858,#857,#434,.T.);
#989=EDGE_CURVE('',#834,#858,#1056,.T.);
#990=EDGE_CURVE('',#857,#848,#400,.T.);
#991=EDGE_CURVE('',#858,#847,#1057,.T.);
#992=EDGE_CURVE('',#859,#858,#1058,.T.);
#993=EDGE_CURVE('',#838,#859,#1059,.T.);
#994=EDGE_CURVE('',#859,#840,#1060,.T.);
#995=EDGE_CURVE('',#860,#859,#435,.T.);
#996=EDGE_CURVE('',#835,#860,#1061,.T.);
#997=EDGE_CURVE('',#860,#842,#1062,.T.);
#998=EDGE_CURVE('',#861,#860,#1063,.T.);
#999=EDGE_CURVE('',#827,#861,#1064,.T.);
#1000=EDGE_CURVE('',#861,#846,#1065,.T.);
#1001=EDGE_CURVE('',#862,#861,#436,.T.);
#1002=EDGE_CURVE('',#862,#828,#401,.T.);
#1003=EDGE_CURVE('',#845,#862,#402,.T.);
#1004=EDGE_CURVE('',#832,#801,#1066,.T.);
#1005=EDGE_CURVE('',#802,#851,#1067,.T.);
#1006=EDGE_CURVE('',#797,#849,#1068,.T.);
#1007=EDGE_CURVE('',#833,#800,#1069,.T.);
#1008=EDGE_CURVE('',#798,#848,#1070,.T.);
#1009=EDGE_CURVE('',#857,#799,#1071,.T.);
#1010=EDGE_CURVE('',#862,#807,#1072,.T.);
#1011=EDGE_CURVE('',#808,#845,#1073,.T.);
#1012=EDGE_CURVE('',#803,#844,#1074,.T.);
#1013=EDGE_CURVE('',#828,#806,#1075,.T.);
#1014=EDGE_CURVE('',#804,#856,#1076,.T.);
#1015=EDGE_CURVE('',#829,#805,#1077,.T.);
#1016=CIRCLE('',#1079,0.999999999999995);
#1017=CIRCLE('',#1081,40.5);
#1018=CIRCLE('',#1082,42.5);
#1019=CIRCLE('',#1084,0.999999999999997);
#1020=CIRCLE('',#1086,6.78321817007783);
#1021=CIRCLE('',#1087,8.7585948512681);
#1022=CIRCLE('',#1089,42.5);
#1023=CIRCLE('',#1090,42.5);
#1024=CIRCLE('',#1091,42.5);
#1025=CIRCLE('',#1092,42.5);
#1026=CIRCLE('',#1093,42.5);
#1027=CIRCLE('',#1102,37.5);
#1028=CIRCLE('',#1105,40.5);
#1029=CIRCLE('',#1114,37.5);
#1030=CIRCLE('',#1117,8.);
#1031=CIRCLE('',#1118,8.);
#1032=CIRCLE('',#1120,9.);
#1033=CIRCLE('',#1121,9.);
#1034=CIRCLE('',#1122,44.5);
#1035=CIRCLE('',#1124,44.5);
#1036=CIRCLE('',#1127,5.);
#1037=CIRCLE('',#1128,5.);
#1038=CIRCLE('',#1130,5.);
#1039=CIRCLE('',#1131,5.);
#1040=CIRCLE('',#1134,44.5);
#1041=CIRCLE('',#1136,44.5);
#1042=CIRCLE('',#1138,2.5);
#1043=CIRCLE('',#1139,2.5);
#1044=CIRCLE('',#1141,2.5);
#1045=CIRCLE('',#1142,2.5);
#1046=CIRCLE('',#1144,1.25);
#1047=CIRCLE('',#1146,1.25);
#1048=CIRCLE('',#1147,3.75);
#1049=CIRCLE('',#1149,1.25);
#1050=CIRCLE('',#1151,1.25);
#1051=CIRCLE('',#1153,1.25);
#1052=CIRCLE('',#1155,1.25);
#1053=CIRCLE('',#1156,3.75);
#1054=CIRCLE('',#1158,1.25);
#1055=CIRCLE('',#1161,1.25);
#1056=CIRCLE('',#1164,1.25);
#1057=CIRCLE('',#1166,1.25);
#1058=CIRCLE('',#1168,3.75);
#1059=CIRCLE('',#1169,1.25);
#1060=CIRCLE('',#1171,1.25);
#1061=CIRCLE('',#1173,1.25);
#1062=CIRCLE('',#1175,1.25);
#1063=CIRCLE('',#1177,3.75);
#1064=CIRCLE('',#1178,1.25);
#1065=CIRCLE('',#1180,1.25);
#1066=CIRCLE('',#1184,2.);
#1067=CIRCLE('',#1185,2.);
#1068=CIRCLE('',#1186,2.);
#1069=CIRCLE('',#1187,2.);
#1070=CIRCLE('',#1189,2.);
#1071=CIRCLE('',#1191,2.);
#1072=CIRCLE('',#1192,2.);
#1073=CIRCLE('',#1193,2.);
#1074=CIRCLE('',#1194,2.);
#1075=CIRCLE('',#1196,2.);
#1076=CIRCLE('',#1197,2.);
#1077=CIRCLE('',#1198,2.);
#1078=AXIS2_PLACEMENT_3D('',#1478,#1200,#1201);
#1079=AXIS2_PLACEMENT_3D('',#1479,#1202,#1203);
#1080=AXIS2_PLACEMENT_3D('',#1492,#1206,#1207);
#1081=AXIS2_PLACEMENT_3D('',#1637,#1208,#1209);
#1082=AXIS2_PLACEMENT_3D('',#1646,#1210,#1211);
#1083=AXIS2_PLACEMENT_3D('',#1647,#1212,#1213);
#1084=AXIS2_PLACEMENT_3D('',#1794,#1215,#1216);
#1085=AXIS2_PLACEMENT_3D('',#1797,#1218,#1219);
#1086=AXIS2_PLACEMENT_3D('',#1798,#1220,#1221);
#1087=AXIS2_PLACEMENT_3D('',#1799,#1222,#1223);
#1088=AXIS2_PLACEMENT_3D('',#1800,#1224,#1225);
#1089=AXIS2_PLACEMENT_3D('',#1801,#1226,#1227);
#1090=AXIS2_PLACEMENT_3D('',#1838,#1228,#1229);
#1091=AXIS2_PLACEMENT_3D('',#1908,#1230,#1231);
#1092=AXIS2_PLACEMENT_3D('',#1944,#1232,#1233);
#1093=AXIS2_PLACEMENT_3D('',#1945,#1234,#1235);
#1094=AXIS2_PLACEMENT_3D('',#1947,#1236,#1237);
#1095=AXIS2_PLACEMENT_3D('',#1949,#1238,#1239);
#1096=AXIS2_PLACEMENT_3D('',#1973,#1240,#1241);
#1097=AXIS2_PLACEMENT_3D('',#2008,#1244,#1245);
#1098=AXIS2_PLACEMENT_3D('',#2009,#1246,#1247);
#1099=AXIS2_PLACEMENT_3D('',#2010,#1248,#1249);
#1100=AXIS2_PLACEMENT_3D('',#2011,#1250,#1251);
#1101=AXIS2_PLACEMENT_3D('',#2012,#1252,#1253);
#1102=AXIS2_PLACEMENT_3D('',#2013,#1254,#1255);
#1103=AXIS2_PLACEMENT_3D('',#2015,#1256,#1257);
#1104=AXIS2_PLACEMENT_3D('',#2016,#1258,#1259);
#1105=AXIS2_PLACEMENT_3D('',#2017,#1260,#1261);
#1106=AXIS2_PLACEMENT_3D('',#2019,#1262,#1263);
#1107=AXIS2_PLACEMENT_3D('',#2021,#1264,#1265);
#1108=AXIS2_PLACEMENT_3D('',#2047,#1266,#1267);
#1109=AXIS2_PLACEMENT_3D('',#2091,#1270,#1271);
#1110=AXIS2_PLACEMENT_3D('',#2092,#1272,#1273);
#1111=AXIS2_PLACEMENT_3D('',#2093,#1274,#1275);
#1112=AXIS2_PLACEMENT_3D('',#2094,#1276,#1277);
#1113=AXIS2_PLACEMENT_3D('',#2095,#1278,#1279);
#1114=AXIS2_PLACEMENT_3D('',#2096,#1280,#1281);
#1115=AXIS2_PLACEMENT_3D('',#2098,#1282,#1283);
#1116=AXIS2_PLACEMENT_3D('',#2099,#1284,#1285);
#1117=AXIS2_PLACEMENT_3D('',#2100,#1286,#1287);
#1118=AXIS2_PLACEMENT_3D('',#2113,#1288,#1289);
#1119=AXIS2_PLACEMENT_3D('',#2214,#1290,#1291);
#1120=AXIS2_PLACEMENT_3D('',#2215,#1292,#1293);
#1121=AXIS2_PLACEMENT_3D('',#2290,#1294,#1295);
#1122=AXIS2_PLACEMENT_3D('',#2324,#1297,#1298);
#1123=AXIS2_PLACEMENT_3D('',#2329,#1301,#1302);
#1124=AXIS2_PLACEMENT_3D('',#2333,#1304,#1305);
#1125=AXIS2_PLACEMENT_3D('',#2338,#1308,#1309);
#1126=AXIS2_PLACEMENT_3D('',#2347,#1314,#1315);
#1127=AXIS2_PLACEMENT_3D('',#2348,#1316,#1317);
#1128=AXIS2_PLACEMENT_3D('',#2349,#1318,#1319);
#1129=AXIS2_PLACEMENT_3D('',#2350,#1320,#1321);
#1130=AXIS2_PLACEMENT_3D('',#2351,#1322,#1323);
#1131=AXIS2_PLACEMENT_3D('',#2352,#1324,#1325);
#1132=AXIS2_PLACEMENT_3D('',#2353,#1326,#1327);
#1133=AXIS2_PLACEMENT_3D('',#2362,#1332,#1333);
#1134=AXIS2_PLACEMENT_3D('',#2366,#1335,#1336);
#1135=AXIS2_PLACEMENT_3D('',#2371,#1339,#1340);
#1136=AXIS2_PLACEMENT_3D('',#2375,#1342,#1343);
#1137=AXIS2_PLACEMENT_3D('',#2380,#1346,#1347);
#1138=AXIS2_PLACEMENT_3D('',#2381,#1348,#1349);
#1139=AXIS2_PLACEMENT_3D('',#2382,#1350,#1351);
#1140=AXIS2_PLACEMENT_3D('',#2383,#1352,#1353);
#1141=AXIS2_PLACEMENT_3D('',#2384,#1354,#1355);
#1142=AXIS2_PLACEMENT_3D('',#2385,#1356,#1357);
#1143=AXIS2_PLACEMENT_3D('',#2386,#1358,#1359);
#1144=AXIS2_PLACEMENT_3D('',#2406,#1361,#1362);
#1145=AXIS2_PLACEMENT_3D('',#2407,#1363,#1364);
#1146=AXIS2_PLACEMENT_3D('',#2408,#1365,#1366);
#1147=AXIS2_PLACEMENT_3D('',#2410,#1367,#1368);
#1148=AXIS2_PLACEMENT_3D('',#2411,#1369,#1370);
#1149=AXIS2_PLACEMENT_3D('',#2428,#1371,#1372);
#1150=AXIS2_PLACEMENT_3D('',#2429,#1373,#1374);
#1151=AXIS2_PLACEMENT_3D('',#2430,#1375,#1376);
#1152=AXIS2_PLACEMENT_3D('',#2433,#1378,#1379);
#1153=AXIS2_PLACEMENT_3D('',#2434,#1380,#1381);
#1154=AXIS2_PLACEMENT_3D('',#2435,#1382,#1383);
#1155=AXIS2_PLACEMENT_3D('',#2436,#1384,#1385);
#1156=AXIS2_PLACEMENT_3D('',#2438,#1386,#1387);
#1157=AXIS2_PLACEMENT_3D('',#2439,#1388,#1389);
#1158=AXIS2_PLACEMENT_3D('',#2440,#1390,#1391);
#1159=AXIS2_PLACEMENT_3D('',#2441,#1392,#1393);
#1160=AXIS2_PLACEMENT_3D('',#2460,#1395,#1396);
#1161=AXIS2_PLACEMENT_3D('',#2461,#1397,#1398);
#1162=AXIS2_PLACEMENT_3D('',#2462,#1399,#1400);
#1163=AXIS2_PLACEMENT_3D('',#2479,#1401,#1402);
#1164=AXIS2_PLACEMENT_3D('',#2499,#1404,#1405);
#1165=AXIS2_PLACEMENT_3D('',#2500,#1406,#1407);
#1166=AXIS2_PLACEMENT_3D('',#2517,#1408,#1409);
#1167=AXIS2_PLACEMENT_3D('',#2518,#1410,#1411);
#1168=AXIS2_PLACEMENT_3D('',#2519,#1412,#1413);
#1169=AXIS2_PLACEMENT_3D('',#2521,#1414,#1415);
#1170=AXIS2_PLACEMENT_3D('',#2522,#1416,#1417);
#1171=AXIS2_PLACEMENT_3D('',#2523,#1418,#1419);
#1172=AXIS2_PLACEMENT_3D('',#2524,#1420,#1421);
#1173=AXIS2_PLACEMENT_3D('',#2527,#1423,#1424);
#1174=AXIS2_PLACEMENT_3D('',#2528,#1425,#1426);
#1175=AXIS2_PLACEMENT_3D('',#2529,#1427,#1428);
#1176=AXIS2_PLACEMENT_3D('',#2530,#1429,#1430);
#1177=AXIS2_PLACEMENT_3D('',#2531,#1431,#1432);
#1178=AXIS2_PLACEMENT_3D('',#2533,#1433,#1434);
#1179=AXIS2_PLACEMENT_3D('',#2534,#1435,#1436);
#1180=AXIS2_PLACEMENT_3D('',#2535,#1437,#1438);
#1181=AXIS2_PLACEMENT_3D('',#2536,#1439,#1440);
#1182=AXIS2_PLACEMENT_3D('',#2555,#1442,#1443);
#1183=AXIS2_PLACEMENT_3D('',#2572,#1444,#1445);
#1184=AXIS2_PLACEMENT_3D('',#2573,#1446,#1447);
#1185=AXIS2_PLACEMENT_3D('',#2574,#1448,#1449);
#1186=AXIS2_PLACEMENT_3D('',#2593,#1450,#1451);
#1187=AXIS2_PLACEMENT_3D('',#2612,#1452,#1453);
#1188=AXIS2_PLACEMENT_3D('',#2613,#1454,#1455);
#1189=AXIS2_PLACEMENT_3D('',#2614,#1456,#1457);
#1190=AXIS2_PLACEMENT_3D('',#2615,#1458,#1459);
#1191=AXIS2_PLACEMENT_3D('',#2616,#1460,#1461);
#1192=AXIS2_PLACEMENT_3D('',#2653,#1462,#1463);
#1193=AXIS2_PLACEMENT_3D('',#2654,#1464,#1465);
#1194=AXIS2_PLACEMENT_3D('',#2673,#1466,#1467);
#1195=AXIS2_PLACEMENT_3D('',#2674,#1468,#1469);
#1196=AXIS2_PLACEMENT_3D('',#2675,#1470,#1471);
#1197=AXIS2_PLACEMENT_3D('',#2694,#1472,#1473);
#1198=AXIS2_PLACEMENT_3D('',#2713,#1474,#1475);
#1199=AXIS2_PLACEMENT_3D('',#2714,#1476,#1477);
#1200=DIRECTION('',(0.,0.,1.));
#1201=DIRECTION('',(1.,0.,0.));
#1202=DIRECTION('',(0.573576436351038,-0.819152044288997,0.));
#1203=DIRECTION('',(0.819152044288996,0.573576436351037,0.));
#1204=DIRECTION('',(0.573576436351043,-0.819152044288994,-2.58518484144648E-15));
#1205=DIRECTION('',(-0.573576436351043,0.819152044288994,2.58276471066664E-15));
#1206=DIRECTION('',(0.573576436351041,-0.819152044288996,-2.98462181908545E-15));
#1207=DIRECTION('',(0.819152044288999,0.573576436351042,0.));
#1208=DIRECTION('',(0.,0.,1.));
#1209=DIRECTION('',(-1.,0.,0.));
#1210=DIRECTION('',(0.,0.,-1.));
#1211=DIRECTION('',(-1.,0.,0.));
#1212=DIRECTION('',(0.,0.,-1.));
#1213=DIRECTION('',(-1.,0.,0.));
#1214=DIRECTION('',(0.573576436351047,0.819152044288991,-1.74159079383715E-15));
#1215=DIRECTION('',(0.573576436351041,0.819152044288995,2.84200456324502E-15));
#1216=DIRECTION('',(-0.819152044288995,0.57357643635104,0.));
#1217=DIRECTION('',(-0.573576436351047,-0.819152044288991,1.73388256465039E-15));
#1218=DIRECTION('',(0.573576436351044,0.819152044288993,-1.16068626296314E-15));
#1219=DIRECTION('',(-0.819152044288991,0.573576436351044,0.));
#1220=DIRECTION('',(0.,0.,1.));
#1221=DIRECTION('',(0.999999999999999,0.,0.));
#1222=DIRECTION('',(0.,0.,-1.));
#1223=DIRECTION('',(-1.,0.,0.));
#1224=DIRECTION('',(0.,0.,-1.));
#1225=DIRECTION('',(-1.,0.,0.));
#1226=DIRECTION('',(0.,0.,1.));
#1227=DIRECTION('',(1.,0.,0.));
#1228=DIRECTION('',(0.,0.,-1.));
#1229=DIRECTION('',(1.,0.,0.));
#1230=DIRECTION('',(0.,0.,1.));
#1231=DIRECTION('',(1.,0.,0.));
#1232=DIRECTION('',(0.,0.,-1.));
#1233=DIRECTION('',(1.,0.,0.));
#1234=DIRECTION('',(0.,0.,1.));
#1235=DIRECTION('',(1.,0.,0.));
#1236=DIRECTION('',(-0.811970561995976,-0.568547908313951,-0.132125252710338));
#1237=DIRECTION('',(0.108230670859873,0.0757839316015765,-0.991233028907042));
#1238=DIRECTION('',(0.811970561995972,-0.568547908313956,-0.132125252710338));
#1239=DIRECTION('',(-0.108230670859873,0.0757839316015772,-0.991233028907042));
#1240=DIRECTION('',(0.,0.,-1.));
#1241=DIRECTION('',(-1.,0.,0.));
#1242=DIRECTION('',(-0.12814361183496,0.0897271229802581,-0.987688340595138));
#1243=DIRECTION('',(-0.12814361183496,-0.0897271229802573,0.987688340595138));
#1244=DIRECTION('',(0.,0.,1.));
#1245=DIRECTION('',(1.,0.,0.));
#1246=DIRECTION('',(0.809066923318912,0.566514758624034,0.156434465040231));
#1247=DIRECTION('',(0.12814361183496,0.0897271229802573,-0.987688340595138));
#1248=DIRECTION('',(-0.809066923318912,-0.566514758624034,-0.156434465040231));
#1249=DIRECTION('',(0.573576436351042,-0.819152044288994,0.));
#1250=DIRECTION('',(-0.809066923318908,0.566514758624039,0.156434465040231));
#1251=DIRECTION('',(-0.12814361183496,0.0897271229802581,-0.987688340595138));
#1252=DIRECTION('',(0.809066923318908,-0.566514758624039,-0.156434465040231));
#1253=DIRECTION('',(0.573576436351047,0.819152044288991,0.));
#1254=DIRECTION('',(0.,0.,-1.));
#1255=DIRECTION('',(1.,0.,0.));
#1256=DIRECTION('',(0.,0.,1.));
#1257=DIRECTION('',(1.,0.,0.));
#1258=DIRECTION('',(0.,0.,1.));
#1259=DIRECTION('',(1.,0.,0.));
#1260=DIRECTION('',(0.,0.,1.));
#1261=DIRECTION('',(-1.,0.,0.));
#1262=DIRECTION('',(-0.812359522019503,0.568820261054495,0.128512713760707));
#1263=DIRECTION('',(-0.105271452194209,0.0737118643846686,-0.991707861419813));
#1264=DIRECTION('',(0.812359522019507,0.56882026105449,0.128512713760707));
#1265=DIRECTION('',(0.10527145219421,0.073711864384668,-0.991707861419813));
#1266=DIRECTION('',(0.,0.,-1.));
#1267=DIRECTION('',(-1.,0.,0.));
#1268=DIRECTION('',(-0.12814361183496,-0.0897271229802573,0.987688340595138));
#1269=DIRECTION('',(-0.12814361183496,0.0897271229802581,-0.987688340595138));
#1270=DIRECTION('',(0.,0.,1.));
#1271=DIRECTION('',(1.,0.,-2.32772823191208E-16));
#1272=DIRECTION('',(-0.809066923318912,-0.566514758624034,-0.156434465040231));
#1273=DIRECTION('',(0.12814361183496,0.0897271229802573,-0.987688340595138));
#1274=DIRECTION('',(-0.809066923318912,-0.566514758624034,-0.156434465040231));
#1275=DIRECTION('',(0.573576436351042,-0.819152044288994,0.));
#1276=DIRECTION('',(0.809066923318908,-0.566514758624039,-0.156434465040231));
#1277=DIRECTION('',(-0.12814361183496,0.0897271229802581,-0.987688340595138));
#1278=DIRECTION('',(0.809066923318908,-0.566514758624039,-0.156434465040231));
#1279=DIRECTION('',(0.573576436351047,0.819152044288991,0.));
#1280=DIRECTION('',(0.,0.,-1.));
#1281=DIRECTION('',(1.,0.,0.));
#1282=DIRECTION('',(0.,0.,1.));
#1283=DIRECTION('',(1.,0.,0.));
#1284=DIRECTION('',(0.,0.,1.));
#1285=DIRECTION('',(1.,0.,0.));
#1286=DIRECTION('',(0.22641490651607,0.0548163809975188,0.97248725157796));
#1287=DIRECTION('',(0.97395163474814,0.,-0.226755844845125));
#1288=DIRECTION('',(0.22641490651607,-0.0548163809975205,-0.97248725157796));
#1289=DIRECTION('',(-0.973951634748139,0.,-0.226755844845125));
#1290=DIRECTION('',(-8.79014326347718E-16,-0.266173330889416,0.9639251827415));
#1291=DIRECTION('',(0.,-0.9639251827415,-0.266173330889416));
#1292=DIRECTION('',(0.22309747077681,-0.0497924150000301,-0.973523617557096));
#1293=DIRECTION('',(-0.974732687295403,0.,-0.223374547157644));
#1294=DIRECTION('',(0.223097470776811,0.0497924150000289,0.973523617557096));
#1295=DIRECTION('',(0.974732687295402,0.,-0.223374547157645));
#1296=DIRECTION('',(-1.23908819712629E-15,-1.,0.));
#1297=DIRECTION('',(0.,0.,-1.));
#1298=DIRECTION('',(1.,0.,0.));
#1299=DIRECTION('',(1.23908819712629E-15,1.,0.));
#1300=DIRECTION('',(-1.,0.,0.));
#1301=DIRECTION('',(0.,0.,1.));
#1302=DIRECTION('',(1.,0.,0.));
#1303=DIRECTION('',(-1.23908819712629E-15,-1.,0.));
#1304=DIRECTION('',(0.,0.,1.));
#1305=DIRECTION('',(1.,0.,0.));
#1306=DIRECTION('',(1.23908819712629E-15,1.,0.));
#1307=DIRECTION('',(1.,0.,0.));
#1308=DIRECTION('',(0.,0.,1.));
#1309=DIRECTION('',(1.,0.,0.));
#1310=DIRECTION('',(1.,0.,0.));
#1311=DIRECTION('',(0.,0.,-1.));
#1312=DIRECTION('',(-1.,0.,0.));
#1313=DIRECTION('',(0.,0.,1.));
#1314=DIRECTION('',(0.,-1.,0.));
#1315=DIRECTION('',(0.,0.,-1.));
#1316=DIRECTION('',(-1.,1.23908819712629E-15,0.));
#1317=DIRECTION('',(0.,-1.,0.));
#1318=DIRECTION('',(1.,-1.23908819712629E-15,0.));
#1319=DIRECTION('',(0.,1.,0.));
#1320=DIRECTION('',(-1.,0.,0.));
#1321=DIRECTION('',(0.,0.,1.));
#1322=DIRECTION('',(-1.,1.23908819712629E-15,0.));
#1323=DIRECTION('',(0.,-1.,0.));
#1324=DIRECTION('',(1.,-1.23908819712629E-15,0.));
#1325=DIRECTION('',(0.,1.,0.));
#1326=DIRECTION('',(1.,0.,0.));
#1327=DIRECTION('',(0.,0.,-1.));
#1328=DIRECTION('',(-1.,0.,0.));
#1329=DIRECTION('',(0.,0.,1.));
#1330=DIRECTION('',(1.,0.,0.));
#1331=DIRECTION('',(0.,0.,-1.));
#1332=DIRECTION('',(0.,-1.,0.));
#1333=DIRECTION('',(0.,0.,-1.));
#1334=DIRECTION('',(-1.23908819712629E-15,-1.,0.));
#1335=DIRECTION('',(0.,0.,1.));
#1336=DIRECTION('',(1.,0.,0.));
#1337=DIRECTION('',(1.23908819712629E-15,1.,0.));
#1338=DIRECTION('',(-1.,0.,0.));
#1339=DIRECTION('',(0.,0.,1.));
#1340=DIRECTION('',(1.,0.,0.));
#1341=DIRECTION('',(-1.23908819712629E-15,-1.,0.));
#1342=DIRECTION('',(0.,0.,-1.));
#1343=DIRECTION('',(1.,0.,0.));
#1344=DIRECTION('',(1.23908819712629E-15,1.,0.));
#1345=DIRECTION('',(1.,0.,0.));
#1346=DIRECTION('',(0.,0.,1.));
#1347=DIRECTION('',(1.,0.,0.));
#1348=DIRECTION('',(1.,-1.23908819712629E-15,0.));
#1349=DIRECTION('',(0.,-1.,0.));
#1350=DIRECTION('',(-1.,1.23908819712629E-15,0.));
#1351=DIRECTION('',(0.,1.,0.));
#1352=DIRECTION('',(-1.,0.,0.));
#1353=DIRECTION('',(0.,0.,1.));
#1354=DIRECTION('',(1.,-1.23908819712629E-15,0.));
#1355=DIRECTION('',(0.,-1.,0.));
#1356=DIRECTION('',(-1.,1.23908819712629E-15,0.));
#1357=DIRECTION('',(0.,1.,0.));
#1358=DIRECTION('',(1.,0.,0.));
#1359=DIRECTION('',(0.,0.,-1.));
#1360=DIRECTION('',(1.23908819712629E-15,1.,0.));
#1361=DIRECTION('',(0.,1.,0.));
#1362=DIRECTION('',(0.,0.,1.));
#1363=DIRECTION('',(1.23908819712629E-15,1.,0.));
#1364=DIRECTION('',(-1.,0.,0.));
#1365=DIRECTION('',(0.,0.,1.));
#1366=DIRECTION('',(1.,0.,0.));
#1367=DIRECTION('',(1.,-1.23908819712629E-15,0.));
#1368=DIRECTION('',(0.,-1.,0.));
#1369=DIRECTION('',(-1.,1.23908819712629E-15,0.));
#1370=DIRECTION('',(0.,-1.,0.));
#1371=DIRECTION('',(0.,1.,0.));
#1372=DIRECTION('',(0.,0.,1.));
#1373=DIRECTION('',(-1.23908819712629E-15,-1.,0.));
#1374=DIRECTION('',(1.,-1.2390881971263E-15,0.));
#1375=DIRECTION('',(0.,0.,1.));
#1376=DIRECTION('',(1.,0.,0.));
#1377=DIRECTION('',(0.,0.,1.));
#1378=DIRECTION('',(0.,0.,-1.));
#1379=DIRECTION('',(-1.,0.,0.));
#1380=DIRECTION('',(0.,0.,1.));
#1381=DIRECTION('',(1.,0.,0.));
#1382=DIRECTION('',(-1.,1.23908819712629E-15,0.));
#1383=DIRECTION('',(0.,-1.,0.));
#1384=DIRECTION('',(0.,-1.,0.));
#1385=DIRECTION('',(0.,0.,-0.999999999999999));
#1386=DIRECTION('',(1.,-1.23908819712629E-15,0.));
#1387=DIRECTION('',(0.,-1.,0.));
#1388=DIRECTION('',(-1.,1.23908819712629E-15,0.));
#1389=DIRECTION('',(0.,-1.,0.));
#1390=DIRECTION('',(0.,0.,1.));
#1391=DIRECTION('',(1.,0.,0.));
#1392=DIRECTION('',(0.,0.,1.));
#1393=DIRECTION('',(1.,0.,0.));
#1394=DIRECTION('',(-1.23908819712629E-15,-1.,0.));
#1395=DIRECTION('',(-1.23908819712629E-15,-1.,0.));
#1396=DIRECTION('',(1.,-1.2390881971263E-15,0.));
#1397=DIRECTION('',(0.,-1.,0.));
#1398=DIRECTION('',(0.,0.,-0.999999999999999));
#1399=DIRECTION('',(-1.,1.23908819712629E-15,0.));
#1400=DIRECTION('',(0.,-1.,0.));
#1401=DIRECTION('',(1.23908819712629E-15,1.,0.));
#1402=DIRECTION('',(-1.,0.,0.));
#1403=DIRECTION('',(-1.23908819712629E-15,-1.,0.));
#1404=DIRECTION('',(0.,1.,0.));
#1405=DIRECTION('',(0.,0.,1.));
#1406=DIRECTION('',(-1.23908819712629E-15,-1.,0.));
#1407=DIRECTION('',(1.,0.,0.));
#1408=DIRECTION('',(0.,1.,0.));
#1409=DIRECTION('',(0.,0.,1.));
#1410=DIRECTION('',(1.23908819712629E-15,1.,0.));
#1411=DIRECTION('',(-1.,1.2390881971263E-15,0.));
#1412=DIRECTION('',(-1.,1.23908819712629E-15,0.));
#1413=DIRECTION('',(1.85037170770859E-15,1.,0.));
#1414=DIRECTION('',(0.,0.,1.));
#1415=DIRECTION('',(1.,0.,0.));
#1416=DIRECTION('',(1.,-1.23908819712629E-15,0.));
#1417=DIRECTION('',(0.,1.,0.));
#1418=DIRECTION('',(0.,0.,1.));
#1419=DIRECTION('',(1.,0.,0.));
#1420=DIRECTION('',(1.,-1.23908819712629E-15,0.));
#1421=DIRECTION('',(0.,1.,0.));
#1422=DIRECTION('',(0.,0.,-1.));
#1423=DIRECTION('',(0.,0.,1.));
#1424=DIRECTION('',(1.,0.,0.));
#1425=DIRECTION('',(0.,0.,-1.));
#1426=DIRECTION('',(-1.,0.,0.));
#1427=DIRECTION('',(0.,0.,1.));
#1428=DIRECTION('',(1.,0.,0.));
#1429=DIRECTION('',(0.,0.,1.));
#1430=DIRECTION('',(1.,0.,0.));
#1431=DIRECTION('',(-1.,1.23908819712629E-15,0.));
#1432=DIRECTION('',(1.85037170770859E-15,1.,0.));
#1433=DIRECTION('',(0.,-1.,0.));
#1434=DIRECTION('',(0.,0.,-0.999999999999999));
#1435=DIRECTION('',(1.,-1.23908819712629E-15,0.));
#1436=DIRECTION('',(0.,1.,0.));
#1437=DIRECTION('',(0.,-1.,0.));
#1438=DIRECTION('',(0.,0.,-0.999999999999999));
#1439=DIRECTION('',(1.,-1.23908819712629E-15,0.));
#1440=DIRECTION('',(0.,1.,0.));
#1441=DIRECTION('',(1.23908819712629E-15,1.,0.));
#1442=DIRECTION('',(1.23908819712629E-15,1.,0.));
#1443=DIRECTION('',(-1.,1.2390881971263E-15,0.));
#1444=DIRECTION('',(-1.23908819712629E-15,-1.,0.));
#1445=DIRECTION('',(1.,0.,0.));
#1446=DIRECTION('',(0.986639059769639,-0.162921348315325,6.8461837571923E-15));
#1447=DIRECTION('',(0.162921348315324,0.986639059769638,0.));
#1448=DIRECTION('',(0.,0.,-1.));
#1449=DIRECTION('',(-1.,0.,0.));
#1450=DIRECTION('',(0.98663905976964,-0.162921348315318,-6.84618375719231E-15));
#1451=DIRECTION('',(0.162921348315317,0.986639059769638,0.));
#1452=DIRECTION('',(0.986639059769874,0.162921348313902,0.));
#1453=DIRECTION('',(-0.162921348313902,0.986639059769874,0.));
#1454=DIRECTION('',(0.,0.,1.));
#1455=DIRECTION('',(1.,0.,0.));
#1456=DIRECTION('',(0.986639059769875,0.162921348313895,6.84618375719394E-15));
#1457=DIRECTION('',(-0.162921348313895,0.986639059769874,0.));
#1458=DIRECTION('',(0.,0.,1.));
#1459=DIRECTION('',(1.,0.,0.));
#1460=DIRECTION('',(0.,0.,-1.));
#1461=DIRECTION('',(-1.,0.,0.));
#1462=DIRECTION('',(-1.73472347597681E-15,-4.21210075988714E-16,-1.));
#1463=DIRECTION('',(-1.,0.,1.73472347597681E-15));
#1464=DIRECTION('',(-0.986639059769875,-0.162921348313895,0.));
#1465=DIRECTION('',(0.162921348313895,-0.986639059769874,0.));
#1466=DIRECTION('',(-0.986639059769634,0.162921348315353,8.71536664904677E-13));
#1467=DIRECTION('',(-0.162921348315352,-0.986639059769631,0.));
#1468=DIRECTION('',(0.,0.,1.));
#1469=DIRECTION('',(1.,0.,0.));
#1470=DIRECTION('',(-0.986639059769875,-0.162921348313895,-6.84618375719394E-15));
#1471=DIRECTION('',(0.162921348313895,-0.986639059769874,0.));
#1472=DIRECTION('',(0.,0.,-1.));
#1473=DIRECTION('',(-1.,0.,0.));
#1474=DIRECTION('',(-0.986639059769641,0.162921348315311,0.));
#1475=DIRECTION('',(-0.162921348315311,-0.986639059769638,0.));
#1476=DIRECTION('',(0.,0.,1.));
#1477=DIRECTION('',(1.,0.,0.));
#1478=CARTESIAN_POINT('',(0.,0.,0.));
#1479=CARTESIAN_POINT('',(63.5155281682465,18.361163554239,-1.));
#1480=CARTESIAN_POINT('',(64.3245950915655,18.927678312863,-0.843565534959769));
#1481=CARTESIAN_POINT('',(62.7064612449276,17.794648795615,-1.15643446504023));
#1482=CARTESIAN_POINT('',(61.0017117351519,23.6732475549616,-0.843565534959753));
#1483=CARTESIAN_POINT('',(62.8244102896948,21.0701642473995,-0.843565534959863));
#1484=CARTESIAN_POINT('',(62.8244102896946,21.0701642473996,-0.84356553495918));
#1485=CARTESIAN_POINT('',(62.7573144514368,21.023183235669,-0.326413129150983));
#1486=CARTESIAN_POINT('',(62.3108262049673,20.710548799769,0.0695972349516889));
#1487=CARTESIAN_POINT('',(61.4635733041137,20.1172959318213,-0.0942205537615212));
#1488=CARTESIAN_POINT('',(61.1391806047993,19.8901537184212,-0.639282059232085));
#1489=CARTESIAN_POINT('',(61.2062764430569,19.9371347301516,-1.15643446504032));
#1490=CARTESIAN_POINT('',(61.2062764430569,19.9371347301515,-1.15643446504032));
#1491=CARTESIAN_POINT('',(61.2062764430569,19.9371347301515,-1.15643446504022));
#1492=CARTESIAN_POINT('',(62.0153433663758,20.5036494887755,-0.999999999999992));
#1493=CARTESIAN_POINT('',(62.6200104185931,21.3628720311839,-0.846442807809149));
#1494=CARTESIAN_POINT('',(62.6879067569321,21.2653763340452,-0.844524625861104));
#1495=CARTESIAN_POINT('',(62.7560400472993,21.1678070727837,-0.843565534911311));
#1496=CARTESIAN_POINT('',(62.8244102896947,21.0701642473996,-0.843565534959768));
#1497=CARTESIAN_POINT('',(62.6200104185931,21.362872031184,-0.846442807809822));
#1498=CARTESIAN_POINT('',(62.6200104185931,21.3628720311839,-0.846442807809149));
#1499=CARTESIAN_POINT('',(62.5282661850461,21.3119450148928,-0.187520676530557));
#1500=CARTESIAN_POINT('',(62.0158100184562,20.9580551972597,0.555620128756003));
#1501=CARTESIAN_POINT('',(61.2190357880007,20.376914506207,0.403376471188882));
#1502=CARTESIAN_POINT('',(60.9299850778796,20.1462117976121,-0.492912282175671));
#1503=CARTESIAN_POINT('',(61.0179229064624,20.1943625483982,-1.15256172238542));
#1504=CARTESIAN_POINT('',(61.0179229064624,20.1943625483982,-1.15256172238542));
#1505=CARTESIAN_POINT('',(61.2062764430569,19.9371347301515,-1.15643446504019));
#1506=CARTESIAN_POINT('',(61.1449300949816,20.0240411322426,-1.15388041347294));
#1507=CARTESIAN_POINT('',(61.0821352680174,20.1098053909759,-1.15259491589573));
#1508=CARTESIAN_POINT('',(61.0179229064624,20.1943625483982,-1.15256172238542));
#1509=CARTESIAN_POINT('',(61.2062764430568,19.9371347301516,-1.15643446504021));
#1510=CARTESIAN_POINT('',(61.1449638411627,20.0239933256611,-1.15388181843819));
#1511=CARTESIAN_POINT('',(61.0821551231579,20.1097792450096,-1.15259492615949));
#1512=CARTESIAN_POINT('',(61.0179229064624,20.1943625483982,-1.15256172238542));
#1513=CARTESIAN_POINT('',(61.1208473685002,19.8773166481647,-0.497975571310117));
#1514=CARTESIAN_POINT('',(61.0589821615136,19.9680859386226,-0.495722587151597));
#1515=CARTESIAN_POINT('',(60.9953337261143,20.057765664736,-0.494038908299381));
#1516=CARTESIAN_POINT('',(60.9299850778796,20.1462117976121,-0.492912282175671));
#1517=CARTESIAN_POINT('',(61.4185944869639,20.0858014249932,0.403315278372589));
#1518=CARTESIAN_POINT('',(61.3537291940748,20.1836994991614,0.402813844712955));
#1519=CARTESIAN_POINT('',(61.2871819966616,20.2807816171119,0.402832418244669));
#1520=CARTESIAN_POINT('',(61.2190357880007,20.376914506207,0.403376471188882));
#1521=CARTESIAN_POINT('',(62.2276614102828,20.6523161836173,0.559749743412806));
#1522=CARTESIAN_POINT('',(62.157761594242,20.7544247115547,0.557671817566479));
#1523=CARTESIAN_POINT('',(62.0871262287782,20.8563647391826,0.5562971100714));
#1524=CARTESIAN_POINT('',(62.0158100184562,20.9580551972597,0.555620128756003));
#1525=CARTESIAN_POINT('',(62.738981215138,21.0103461654128,-0.18510664122968));
#1526=CARTESIAN_POINT('',(62.6687771286862,21.1107644955397,-0.185673407778792));
#1527=CARTESIAN_POINT('',(62.5985286814108,21.2113110750372,-0.186475188307941));
#1528=CARTESIAN_POINT('',(62.5282661850461,21.3119450148928,-0.187520676530557));
#1529=CARTESIAN_POINT('',(62.8244102896947,21.0701642473996,-0.843565534959768));
#1530=CARTESIAN_POINT('',(62.7561456255989,21.1676562913456,-0.843565534911385));
#1531=CARTESIAN_POINT('',(62.6880051311189,21.2652350737038,-0.844521846630383));
#1532=CARTESIAN_POINT('',(62.6200104185931,21.3628720311839,-0.846442807809149));
#1533=CARTESIAN_POINT('',(57.729440436244,24.9457611155262,-1.00283131955738));
#1534=CARTESIAN_POINT('',(58.2743261106189,24.7743770543657,-0.996814926518765));
#1535=CARTESIAN_POINT('',(58.7766502421034,24.5627144919549,-0.987893548915292));
#1536=CARTESIAN_POINT('',(59.4625106153089,24.2092291005077,-0.972692190195721));
#1537=CARTESIAN_POINT('',(59.6799346839647,24.0853803828582,-0.967301066661547));
#1538=CARTESIAN_POINT('',(60.0925436617025,23.829370057953,-0.956069388187698));
#1539=CARTESIAN_POINT('',(60.251797013841,23.7234459110198,-0.951403453287263));
#1540=CARTESIAN_POINT('',(61.3532332224792,22.9192710876442,-0.915379267724834));
#1541=CARTESIAN_POINT('',(62.0695286163047,22.1586108371106,-0.881097315979461));
#1542=CARTESIAN_POINT('',(62.6200104185929,21.3628720311841,-0.846442807809152));
#1543=CARTESIAN_POINT('',(57.7294404362366,24.9457611155285,-1.00283131952097));
#1544=CARTESIAN_POINT('',(57.7294404370107,24.9457611152851,-1.00283131934847));
#1545=CARTESIAN_POINT('',(57.7415623819464,24.9419483738982,-0.332529956229541));
#1546=CARTESIAN_POINT('',(57.5962527301715,24.458678234111,0.508922216946796));
#1547=CARTESIAN_POINT('',(57.2751243643431,23.5017340354492,0.504781609593998));
#1548=CARTESIAN_POINT('',(57.1017009327455,23.0351977815594,-0.340780286325729));
#1549=CARTESIAN_POINT('',(57.0914823882991,23.0446825477495,-1.01105710712793));
#1550=CARTESIAN_POINT('',(57.0914823882991,23.0446825477495,-1.01105710712793));
#1551=CARTESIAN_POINT('',(61.0179229064623,20.1943625483984,-1.15256172238538));
#1552=CARTESIAN_POINT('',(60.7868909893536,20.4985937229755,-1.15244229389185));
#1553=CARTESIAN_POINT('',(60.5259388976888,20.7975779836825,-1.14926588349271));
#1554=CARTESIAN_POINT('',(60.0879928716414,21.2282173252371,-1.13977829998194));
#1555=CARTESIAN_POINT('',(59.934277447817,21.3687772289911,-1.13582289320248));
#1556=CARTESIAN_POINT('',(59.6113708481889,21.6421197232884,-1.12622828552817));
#1557=CARTESIAN_POINT('',(59.4083536184459,21.7993772876821,-1.11933481477546));
#1558=CARTESIAN_POINT('',(58.693314731665,22.3167716659664,-1.09281770487778));
#1559=CARTESIAN_POINT('',(57.9722079092249,22.7307813604954,-1.05968773504019));
#1560=CARTESIAN_POINT('',(57.0914823882991,23.0446825477495,-1.01105710712793));
#1561=CARTESIAN_POINT('',(61.0179229064623,20.1943625483984,-1.15256172238538));
#1562=CARTESIAN_POINT('',(60.5229676089151,20.8461375646836,-1.15230586264837));
#1563=CARTESIAN_POINT('',(59.9297327495381,21.4221130934367,-1.13867093199174));
#1564=CARTESIAN_POINT('',(58.6009589326413,22.3835992332412,-1.0893918536001));
#1565=CARTESIAN_POINT('',(57.8665883759432,22.7684254347349,-1.05385578842203));
#1566=CARTESIAN_POINT('',(57.0914823882991,23.0446825477495,-1.01105710712793));
#1567=CARTESIAN_POINT('',(60.9299850778794,20.1462117976123,-0.49291228217564));
#1568=CARTESIAN_POINT('',(60.4520480008086,20.7926087425395,-0.478630097161193));
#1569=CARTESIAN_POINT('',(59.8782837790443,21.3698176179217,-0.456664024880324));
#1570=CARTESIAN_POINT('',(58.5851605793897,22.3455842898176,-0.403633485453693));
#1571=CARTESIAN_POINT('',(57.866127279506,22.7434629053363,-0.372662111837511));
#1572=CARTESIAN_POINT('',(57.1017009327455,23.0351977815594,-0.340780286325729));
#1573=CARTESIAN_POINT('',(61.2190357880006,20.3769145062072,0.403376471188872));
#1574=CARTESIAN_POINT('',(60.7401721608045,21.0649670357275,0.4266522001674));
#1575=CARTESIAN_POINT('',(60.1568984457653,21.6867385648734,0.448740303224161));
#1576=CARTESIAN_POINT('',(58.8254471619913,22.7453822042779,0.484421562025098));
#1577=CARTESIAN_POINT('',(58.0766252073035,23.1815071692796,0.497902699332586));
#1578=CARTESIAN_POINT('',(57.2751243643431,23.5017340354492,0.504781609593998));
#1579=CARTESIAN_POINT('',(62.0158100184561,20.9580551972599,0.555620128755971));
#1580=CARTESIAN_POINT('',(61.4929369753008,21.7429050140094,0.560581114167587));
#1581=CARTESIAN_POINT('',(60.8423918882217,22.45095493479,0.559281536856126));
#1582=CARTESIAN_POINT('',(59.3455770439256,23.6401617729191,0.543495146328094));
#1583=CARTESIAN_POINT('',(58.4987939193229,24.1202687379147,0.528949407620952));
#1584=CARTESIAN_POINT('',(57.5962527301715,24.458678234111,0.508922216946796));
#1585=CARTESIAN_POINT('',(62.5282661850459,21.3119450148929,-0.187520676530564));
#1586=CARTESIAN_POINT('',(61.9613237829413,22.1518904145505,-0.210110913112631));
#1587=CARTESIAN_POINT('',(61.2513957872607,22.9006195329077,-0.235238864696659));
#1588=CARTESIAN_POINT('',(59.6245309625082,24.133613425133,-0.285587327976211));
#1589=CARTESIAN_POINT('',(58.7084916361409,24.6166555222051,-0.31071931760929));
#1590=CARTESIAN_POINT('',(57.7415623819464,24.9419483738982,-0.332529956229541));
#1591=CARTESIAN_POINT('',(62.6200104185929,21.3628720311841,-0.84644280780915));
#1592=CARTESIAN_POINT('',(62.0352532053759,22.2081570245627,-0.883255057621666));
#1593=CARTESIAN_POINT('',(61.3045496058117,22.9548156434016,-0.916970851591781));
#1594=CARTESIAN_POINT('',(59.6396189053256,24.1704062492877,-0.971426380757771));
#1595=CARTESIAN_POINT('',(58.7073805308832,24.6381675175928,-0.992033325842997));
#1596=CARTESIAN_POINT('',(57.7294404370107,24.9457611152851,-1.00283131934847));
#1597=CARTESIAN_POINT('',(57.4522529086318,25.0340407329707,-1.));
#1598=CARTESIAN_POINT('',(57.5443607098446,25.0043411583979,-1.));
#1599=CARTESIAN_POINT('',(57.6367569301207,24.974913057721,-1.00094377311872));
#1600=CARTESIAN_POINT('',(57.7294404361439,24.9457611155577,-1.00283131935615));
#1601=CARTESIAN_POINT('',(57.4522529086318,25.0340407329707,-1.));
#1602=CARTESIAN_POINT('',(57.4522529120084,25.0340407318819,-1.));
#1603=CARTESIAN_POINT('',(57.4522529121535,25.0340407318352,-0.333333333311422));
#1604=CARTESIAN_POINT('',(57.2988105762834,24.5581673772547,0.500000000086282));
#1605=CARTESIAN_POINT('',(56.9919259041805,23.6064206682106,0.500000000036982));
#1606=CARTESIAN_POINT('',(56.838483567973,23.1305473138252,-0.333333333410023));
#1607=CARTESIAN_POINT('',(56.8384835678481,23.1305473139345,-1.0000000000986));
#1608=CARTESIAN_POINT('',(56.8384893041803,23.1305454642912,-1.00002730770726));
#1609=CARTESIAN_POINT('',(57.0914823876054,23.0446825479967,-1.01105710708966));
#1610=CARTESIAN_POINT('',(57.0075415481213,23.0746000745597,-1.00642218333267));
#1611=CARTESIAN_POINT('',(56.9231989179718,23.1032313881897,-1.00274084850918));
#1612=CARTESIAN_POINT('',(56.8384835647975,23.1305473149182,-0.999999999984474));
#1613=CARTESIAN_POINT('',(57.4522529086317,25.0340407329707,-1.));
#1614=CARTESIAN_POINT('',(57.5445564887984,25.0042780307197,-1.00000000008749));
#1615=CARTESIAN_POINT('',(57.63696589669,24.9748473310173,-1.00094802882805));
#1616=CARTESIAN_POINT('',(57.7294404361439,24.9457611155577,-1.00283131935615));
#1617=CARTESIAN_POINT('',(57.4522529086292,25.0340407329715,-0.333333333333715));
#1618=CARTESIAN_POINT('',(57.5486790906581,25.0029487239786,-0.332723389539378));
#1619=CARTESIAN_POINT('',(57.6451338365209,24.9722463998567,-0.332459272262592));
#1620=CARTESIAN_POINT('',(57.7415623810853,24.9419483741865,-0.332529956247494));
#1621=CARTESIAN_POINT('',(57.2988105726551,24.5581673784641,0.499999999998503));
#1622=CARTESIAN_POINT('',(57.398194219557,24.5250390510757,0.502404403542652));
#1623=CARTESIAN_POINT('',(57.4973692583654,24.4918669889423,0.505376727137004));
#1624=CARTESIAN_POINT('',(57.5962527293611,24.4586782344124,0.508922216927967));
#1625=CARTESIAN_POINT('',(56.9919259007134,23.6064206694471,0.499999999999362));
#1626=CARTESIAN_POINT('',(57.0868966885743,23.5725498349676,0.501030458719648));
#1627=CARTESIAN_POINT('',(57.1813322358824,23.5376385218012,0.502626138308143));
#1628=CARTESIAN_POINT('',(57.2751243636196,23.5017340357373,0.504781609598297));
#1629=CARTESIAN_POINT('',(56.8384835647452,23.1305473149362,-0.333333333331998));
#1630=CARTESIAN_POINT('',(56.9267960804624,23.1001489017469,-0.3354681374999));
#1631=CARTESIAN_POINT('',(57.0145691723954,23.068346809509,-0.337947313889003));
#1632=CARTESIAN_POINT('',(57.1017009320578,23.0351977818217,-0.340780286297595));
#1633=CARTESIAN_POINT('',(56.8384835647474,23.1305473149343,-0.999999999998285));
#1634=CARTESIAN_POINT('',(56.9232419426279,23.1032175151637,-1.00274224052805));
#1635=CARTESIAN_POINT('',(57.0076035552288,23.0745779744794,-1.00642560715135));
#1636=CARTESIAN_POINT('',(57.0914823876054,23.0446825479967,-1.01105710708966));
#1637=CARTESIAN_POINT('',(69.8810821224431,63.5797824481577,-0.999999999999999));
#1638=CARTESIAN_POINT('',(82.3099113361961,25.0340407329519,-1.));
#1639=CARTESIAN_POINT('',(82.3099113361961,25.0340407329519,-0.999999999999999));
#1640=CARTESIAN_POINT('',(82.3099113361962,25.0340407329519,-0.4764012244017));
#1641=CARTESIAN_POINT('',(82.4561115696606,24.5806274354557,6.10198352323246E-16));
#1642=CARTESIAN_POINT('',(82.7774804466207,23.5839606124132,-5.78241158658936E-16));
#1643=CARTESIAN_POINT('',(82.9236806800852,23.1305473149171,-0.476401224401702));
#1644=CARTESIAN_POINT('',(82.9236806800852,23.1305473149171,-1.));
#1645=CARTESIAN_POINT('',(82.9236806800852,23.130547314917,-1.00000000000006));
#1646=CARTESIAN_POINT('',(69.8810821224431,63.5797824481577,-0.999999999999999));
#1647=CARTESIAN_POINT('',(69.8810821224431,63.5797824481577,-0.999999999999999));
#1648=CARTESIAN_POINT('',(82.0327238086824,24.9457611155389,-1.00283131935736));
#1649=CARTESIAN_POINT('',(82.1254073147732,24.9749130577233,-1.00094377311912));
#1650=CARTESIAN_POINT('',(82.2178035350496,25.0043411584007,-1.));
#1651=CARTESIAN_POINT('',(82.3099113361961,25.0340407329519,-1.));
#1652=CARTESIAN_POINT('',(82.0327238086824,24.9457611155389,-1.00283131935758));
#1653=CARTESIAN_POINT('',(82.0327238086824,24.9457611155389,-1.00283131935736));
#1654=CARTESIAN_POINT('',(82.0206018637384,24.9419483741669,-0.332529956247543));
#1655=CARTESIAN_POINT('',(82.165911515461,24.4586782343908,0.508922216930236));
#1656=CARTESIAN_POINT('',(82.4870398812058,23.501734035714,0.504781609599681));
#1657=CARTESIAN_POINT('',(82.660463312772,23.0351977818003,-0.3407802862994));
#1658=CARTESIAN_POINT('',(82.6706818572265,23.0446825479774,-1.01105710709262));
#1659=CARTESIAN_POINT('',(82.6706818572265,23.0446825479774,-1.01105710709262));
#1660=CARTESIAN_POINT('',(82.9236806800851,23.130547314917,-0.999999999999979));
#1661=CARTESIAN_POINT('',(82.8389653269051,23.1032313881867,-1.00274084851616));
#1662=CARTESIAN_POINT('',(82.7546226967386,23.0746000745509,-1.00642218333546));
#1663=CARTESIAN_POINT('',(82.6706818572265,23.0446825479774,-1.01105710709262));
#1664=CARTESIAN_POINT('',(82.9236806800852,23.130547314917,-0.999999999999984));
#1665=CARTESIAN_POINT('',(82.8389230941047,23.1032177704889,-1.00274221490021));
#1666=CARTESIAN_POINT('',(82.7545614336288,23.0745782396404,-1.00642556607315));
#1667=CARTESIAN_POINT('',(82.6706818572265,23.0446825479774,-1.01105710709262));
#1668=CARTESIAN_POINT('',(82.9236806800852,23.1305473149171,-0.333333333333321));
#1669=CARTESIAN_POINT('',(82.8353689901799,23.1001491859881,-0.335468117531393));
#1670=CARTESIAN_POINT('',(82.747595844408,23.0683471031839,-0.337947288792216));
#1671=CARTESIAN_POINT('',(82.660463312772,23.0351977818003,-0.3407802862994));
#1672=CARTESIAN_POINT('',(82.7702383441129,23.6064206694258,0.499999999999993));
#1673=CARTESIAN_POINT('',(82.6752684452343,23.5725501520079,0.501030449072973));
#1674=CARTESIAN_POINT('',(82.5808328386784,23.5376388394065,0.502626119243878));
#1675=CARTESIAN_POINT('',(82.4870398812058,23.501734035714,0.504781609599681));
#1676=CARTESIAN_POINT('',(82.4633536721684,24.5581673784432,0.499999999999984));
#1677=CARTESIAN_POINT('',(82.3639709555091,24.5250393611448,0.50240438103273));
#1678=CARTESIAN_POINT('',(82.2647958611439,24.4918672825012,0.505376695780362));
#1679=CARTESIAN_POINT('',(82.165911515461,24.4586782343908,0.508922216930236));
#1680=CARTESIAN_POINT('',(82.3099113361961,25.0340407329519,-0.333333333333338));
#1681=CARTESIAN_POINT('',(82.2134860557579,25.0029490146706,-0.332723395243324));
#1682=CARTESIAN_POINT('',(82.1170312624721,24.9722466682204,-0.332459271636814));
#1683=CARTESIAN_POINT('',(82.0206018637384,24.9419483741669,-0.332529956247543));
#1684=CARTESIAN_POINT('',(82.3099113361961,25.0340407329519,-1.));
#1685=CARTESIAN_POINT('',(82.2176086183355,25.0042783087461,-1.00000000008731));
#1686=CARTESIAN_POINT('',(82.1251991682381,24.9748475889466,-1.00094801212804));
#1687=CARTESIAN_POINT('',(82.0327238086824,24.9457611155389,-1.00283131935736));
#1688=CARTESIAN_POINT('',(77.142153826382,21.3628720312114,-0.846442807447833));
#1689=CARTESIAN_POINT('',(77.4176129889617,21.7610569379606,-0.863783801746717));
#1690=CARTESIAN_POINT('',(77.7340142861816,22.1502248131844,-0.88086836604652));
#1691=CARTESIAN_POINT('',(78.2716003114233,22.70573566485,-0.905641744636437));
#1692=CARTESIAN_POINT('',(78.4612607224566,22.8861796628275,-0.913747994166705));
#1693=CARTESIAN_POINT('',(78.8613411528505,23.2349691162189,-0.929458256171298));
#1694=CARTESIAN_POINT('',(79.1080816322438,23.4298142062271,-0.938249634918251));
#1695=CARTESIAN_POINT('',(80.0292427750872,24.1019502895149,-0.968359743909635));
#1696=CARTESIAN_POINT('',(80.9439509873206,24.6033070621801,-0.99080955859433));
#1697=CARTESIAN_POINT('',(82.0327238086825,24.9457611155389,-1.00283131935737));
#1698=CARTESIAN_POINT('',(77.142153826382,21.3628720312114,-0.846442807447723));
#1699=CARTESIAN_POINT('',(77.1421538276086,21.3628720330858,-0.846442807891975));
#1700=CARTESIAN_POINT('',(77.2338980611152,21.3119450167822,-0.187520676581366));
#1701=CARTESIAN_POINT('',(77.7463542276056,20.9580551990246,0.555620128767172));
#1702=CARTESIAN_POINT('',(78.5431284579621,20.3769145077542,0.403376471241226));
#1703=CARTESIAN_POINT('',(78.8321791680815,20.1462117990662,-0.492912282143558));
#1704=CARTESIAN_POINT('',(78.7442413395372,20.1943625498648,-1.15256172238486));
#1705=CARTESIAN_POINT('',(78.7442413395372,20.1943625498648,-1.15256172238486));
#1706=CARTESIAN_POINT('',(82.6706818572266,23.0446825479774,-1.01105710709263));
#1707=CARTESIAN_POINT('',(82.2307566592343,22.8878879069251,-1.0353482603371));
#1708=CARTESIAN_POINT('',(81.8299662651249,22.7055801360873,-1.05555575316198));
#1709=CARTESIAN_POINT('',(81.2876345138566,22.4141882088886,-1.08106689222293));
#1710=CARTESIAN_POINT('',(81.1166120004843,22.3140398612348,-1.08875454408931));
#1711=CARTESIAN_POINT('',(80.793559753911,22.11070028297,-1.10255207817629));
#1712=CARTESIAN_POINT('',(80.6756331913138,22.0321746041876,-1.10739567155305));
#1713=CARTESIAN_POINT('',(79.7904733560232,21.3920307939505,-1.1402435893224));
#1714=CARTESIAN_POINT('',(79.206696554963,20.8033402836322,-1.15232266300289));
#1715=CARTESIAN_POINT('',(78.7442413395372,20.1943625498648,-1.15256172238486));
#1716=CARTESIAN_POINT('',(82.6706818572266,23.0446825479774,-1.01105710709263));
#1717=CARTESIAN_POINT('',(81.8968482660855,22.7688789324743,-1.05378553100177));
#1718=CARTESIAN_POINT('',(81.1630573074276,22.3846777282017,-1.08930841032847));
#1719=CARTESIAN_POINT('',(79.8341451410839,21.4236139560786,-1.13862209988537));
#1720=CARTESIAN_POINT('',(79.240055096652,20.8472680163984,-1.1523054187983));
#1721=CARTESIAN_POINT('',(78.7442413395372,20.1943625498648,-1.15256172238486));
#1722=CARTESIAN_POINT('',(82.6604633127721,23.0351977818003,-0.340780286299409));
#1723=CARTESIAN_POINT('',(81.8972901461438,22.7439411680338,-0.372609845567042));
#1724=CARTESIAN_POINT('',(81.1788133745349,22.346691810554,-0.40355657486545));
#1725=CARTESIAN_POINT('',(79.885541242555,21.3713276745752,-0.456598599642846));
#1726=CARTESIAN_POINT('',(79.3109447717743,20.7937293035345,-0.478605338218479));
#1727=CARTESIAN_POINT('',(78.8321791680815,20.1462117990662,-0.492912282143558));
#1728=CARTESIAN_POINT('',(82.4870398812059,23.5017340357141,0.504781609599694));
#1729=CARTESIAN_POINT('',(81.6868519950593,23.1820317406209,0.497913967813551));
#1730=CARTESIAN_POINT('',(80.9385948836779,22.7465920612399,0.484460333732284));
#1731=CARTESIAN_POINT('',(79.606962079102,21.6883684983981,0.448797231764552));
#1732=CARTESIAN_POINT('',(79.0228227236616,21.0661605354008,0.426692574358608));
#1733=CARTESIAN_POINT('',(78.5431284579621,20.3769145077542,0.403376471241226));
#1734=CARTESIAN_POINT('',(82.1659115154611,24.4586782343909,0.508922216930254));
#1735=CARTESIAN_POINT('',(81.2648511048381,24.1208239589408,0.528916549405251));
#1736=CARTESIAN_POINT('',(80.418706809895,23.6415042374214,0.543462962474533));
#1737=CARTESIAN_POINT('',(78.921670782142,22.4528023779112,0.559271275191085));
#1738=CARTESIAN_POINT('',(78.2701361204616,21.744269229056,0.560589737209137));
#1739=CARTESIAN_POINT('',(77.7463542276056,20.9580551990246,0.555620128767172));
#1740=CARTESIAN_POINT('',(82.0206018637385,24.9419483741669,-0.332529956247543));
#1741=CARTESIAN_POINT('',(81.0552627435197,24.6171904729843,-0.310755185657473));
#1742=CARTESIAN_POINT('',(80.1399299059566,24.1349795450131,-0.285652628427964));
#1743=CARTESIAN_POINT('',(78.5128381072839,22.9025608710156,-0.235308665786867));
#1744=CARTESIAN_POINT('',(77.8018272398331,22.1533523607506,-0.210150232033795));
#1745=CARTESIAN_POINT('',(77.2338980611152,21.3119450167822,-0.187520676581366));
#1746=CARTESIAN_POINT('',(82.0327238086825,24.9457611155389,-1.00283131935736));
#1747=CARTESIAN_POINT('',(81.0563940978851,24.6386740351882,-0.992051107012998));
#1748=CARTESIAN_POINT('',(80.1248868792572,24.171738066663,-0.971485387572758));
#1749=CARTESIAN_POINT('',(78.4597408423678,22.9567447791063,-0.917057925860304));
#1750=CARTESIAN_POINT('',(77.7279292107358,22.2096288227266,-0.883319154612864));
#1751=CARTESIAN_POINT('',(77.1421538276086,21.3628720330858,-0.846442807891975));
#1752=CARTESIAN_POINT('',(76.93775395521,21.0701642474265,-0.843565534959772));
#1753=CARTESIAN_POINT('',(77.0061241976661,21.1678070728974,-0.843565534912151));
#1754=CARTESIAN_POINT('',(77.0742574880374,21.2653763341648,-0.844524625862239));
#1755=CARTESIAN_POINT('',(77.142153826324,21.3628720312286,-0.846442807810034));
#1756=CARTESIAN_POINT('',(76.93775395521,21.0701642474265,-0.843565534959772));
#1757=CARTESIAN_POINT('',(76.93775395521,21.0701642474265,-0.843565534959772));
#1758=CARTESIAN_POINT('',(77.0231830297672,21.0103461654405,-0.185106641229844));
#1759=CARTESIAN_POINT('',(77.5345028346224,20.6523161836454,0.559749743412218));
#1760=CARTESIAN_POINT('',(78.3435697579399,20.0858014250202,0.403315278372442));
#1761=CARTESIAN_POINT('',(78.6413168764027,19.8773166481897,-0.497975571309495));
#1762=CARTESIAN_POINT('',(78.5558878018459,19.9371347301755,-1.1564344650395));
#1763=CARTESIAN_POINT('',(78.5558936767919,19.9371365773859,-1.15641076979733));
#1764=CARTESIAN_POINT('',(78.7442413384529,20.1943625484369,-1.15256172238542));
#1765=CARTESIAN_POINT('',(78.6800289769971,20.1098053911459,-1.1525949158938));
#1766=CARTESIAN_POINT('',(78.6172341500183,20.0240411324039,-1.15388041346781));
#1767=CARTESIAN_POINT('',(78.5558878018306,19.9371347301519,-1.15643446503385));
#1768=CARTESIAN_POINT('',(78.7442413384529,20.1943625484369,-1.15256172238542));
#1769=CARTESIAN_POINT('',(78.6800099462329,20.1097803307481,-1.15259492573146));
#1770=CARTESIAN_POINT('',(78.617201150312,20.0239943833183,-1.15388178736121));
#1771=CARTESIAN_POINT('',(78.5558878018459,19.9371347301755,-1.1564344650395));
#1772=CARTESIAN_POINT('',(78.8321791670362,20.1462117976525,-0.492912282175165));
#1773=CARTESIAN_POINT('',(78.766831358169,20.0577668008214,-0.494038893826521));
#1774=CARTESIAN_POINT('',(78.703182835975,19.9680870428431,-0.495722559748506));
#1775=CARTESIAN_POINT('',(78.6413168764027,19.8773166481897,-0.497975571309495));
#1776=CARTESIAN_POINT('',(78.5431284569164,20.3769145062509,0.403376471189137));
#1777=CARTESIAN_POINT('',(78.4749831242306,20.2807828528958,0.40283242523793));
#1778=CARTESIAN_POINT('',(78.4084358389212,20.1837006886011,0.402813838621848));
#1779=CARTESIAN_POINT('',(78.3435697579399,20.0858014250202,0.403315278372442));
#1780=CARTESIAN_POINT('',(77.7463542264623,20.9580551973061,0.555620128755705));
#1781=CARTESIAN_POINT('',(77.6750389327865,20.8563660462961,0.556297101368609));
#1782=CARTESIAN_POINT('',(77.6044034997833,20.7544259519642,0.557671792328599));
#1783=CARTESIAN_POINT('',(77.5345028346224,20.6523161836454,0.559749743412218));
#1784=CARTESIAN_POINT('',(77.233898059872,21.3119450149388,-0.187520676531035));
#1785=CARTESIAN_POINT('',(77.1636364658343,21.2113123674499,-0.186475201734203));
#1786=CARTESIAN_POINT('',(77.093387969974,21.1107657167586,-0.185673414670296));
#1787=CARTESIAN_POINT('',(77.0231830297672,21.0103461654405,-0.185106641229844));
#1788=CARTESIAN_POINT('',(77.142153826324,21.3628720312286,-0.846442807810035));
#1789=CARTESIAN_POINT('',(77.0741599864167,21.2652363267842,-0.844521871282932));
#1790=CARTESIAN_POINT('',(77.006019450261,21.1676574780997,-0.843565534912225));
#1791=CARTESIAN_POINT('',(76.93775395521,21.0701642474265,-0.843565534959772));
#1792=CARTESIAN_POINT('',(72.9316414385708,15.3488426420035,-0.843565534959764));
#1793=CARTESIAN_POINT('',(75.4375691533204,18.927678312863,-0.843565534959773));
#1794=CARTESIAN_POINT('',(76.2466360766393,18.361163554239,-1.));
#1795=CARTESIAN_POINT('',(77.0557029999582,17.7946487956149,-1.15643446504024));
#1796=CARTESIAN_POINT('',(77.0557029999582,17.7946487956149,-1.15643446504023));
#1797=CARTESIAN_POINT('',(76.2466360766393,18.361163554239,-1.));
#1798=CARTESIAN_POINT('',(69.881082122443,22.8183724178479,-0.843565534959769));
#1799=CARTESIAN_POINT('',(69.881082122443,22.8183724178479,-1.15643446504023));
#1800=CARTESIAN_POINT('',(69.881082122443,22.8183724178479,-1.));
#1801=CARTESIAN_POINT('',(69.8810821224431,63.5797824481577,-77.5));
#1802=CARTESIAN_POINT('',(76.8052394258442,105.511942488367,-77.5));
#1803=CARTESIAN_POINT('',(62.9569248191026,105.511942488377,-77.5));
#1804=CARTESIAN_POINT('',(62.9569248191026,105.511942488377,-77.5));
#1805=CARTESIAN_POINT('',(62.6033450739393,105.453556710673,-77.5));
#1806=CARTESIAN_POINT('',(62.2453779461748,105.389580780628,-77.5652863425625));
#1807=CARTESIAN_POINT('',(61.9148674450171,105.326511945367,-77.6886259788161));
#1808=CARTESIAN_POINT('',(61.581133485804,105.262828001828,-77.8131685424886));
#1809=CARTESIAN_POINT('',(61.2654649180905,105.198266594817,-78.0003584502025));
#1810=CARTESIAN_POINT('',(60.9939654944667,105.140210237592,-78.2324411352967));
#1811=CARTESIAN_POINT('',(60.7183489305375,105.081273487454,-78.4680432274092));
#1812=CARTESIAN_POINT('',(60.480167926235,105.027432643455,-78.7566096023053));
#1813=CARTESIAN_POINT('',(60.2981779303763,104.985312842607,-79.0729194826768));
#1814=CARTESIAN_POINT('',(60.1167737260531,104.943328617468,-79.3882112210916));
#1815=CARTESIAN_POINT('',(59.9860569413949,104.911896832378,-79.739813142522));
#1816=CARTESIAN_POINT('',(59.915937301814,104.894984114178,-80.0988065086549));
#1817=CARTESIAN_POINT('',(59.87416531015,104.884908792514,-80.3126676749015));
#1818=CARTESIAN_POINT('',(59.852992234833,104.879751131027,-80.5318646983577));
#1819=CARTESIAN_POINT('',(59.852992234833,104.879751131027,-80.75));
#1820=CARTESIAN_POINT('',(59.852992234833,104.879751131027,-80.75));
#1821=CARTESIAN_POINT('',(59.852992234833,104.879751131027,-80.75));
#1822=CARTESIAN_POINT('',(59.852992234833,104.879751131027,-81.106329319019));
#1823=CARTESIAN_POINT('',(59.9103829077687,104.893800679388,-81.4672425864236));
#1824=CARTESIAN_POINT('',(60.0210557210163,104.920197048923,-81.8049189754054));
#1825=CARTESIAN_POINT('',(60.1306606288735,104.946338714304,-82.1393370534662));
#1826=CARTESIAN_POINT('',(60.2953291937898,104.98520286424,-82.459523105044));
#1827=CARTESIAN_POINT('',(60.5033768282269,105.032269025139,-82.7406512461692));
#1828=CARTESIAN_POINT('',(60.7114447950769,105.079339785796,-83.0218068618363));
#1829=CARTESIAN_POINT('',(60.9684350779932,105.135775076144,-83.2711999556968));
#1830=CARTESIAN_POINT('',(61.2552560145519,105.195225783011,-83.468064831598));
#1831=CARTESIAN_POINT('',(61.5450908335061,105.255301191273,-83.6669983416473));
#1832=CARTESIAN_POINT('',(61.8735896568094,105.320045287516,-83.8176150254331));
#1833=CARTESIAN_POINT('',(62.2135730020773,105.382405618111,-83.9054235243672));
#1834=CARTESIAN_POINT('',(62.4552241632684,105.426729690188,-83.9678354807915));
#1835=CARTESIAN_POINT('',(62.7068256164262,105.470644205172,-84.));
#1836=CARTESIAN_POINT('',(62.9569248191026,105.511942488377,-84.));
#1837=CARTESIAN_POINT('',(62.9569248191026,105.511942488377,-84.));
#1838=CARTESIAN_POINT('',(69.8810821224431,63.5797824481577,-84.));
#1839=CARTESIAN_POINT('',(76.8052394258442,105.511942488367,-84.));
#1840=CARTESIAN_POINT('',(76.8052394258442,105.511942488367,-84.));
#1841=CARTESIAN_POINT('',(77.158819171008,105.453556710662,-84.));
#1842=CARTESIAN_POINT('',(77.516786298773,105.389580780617,-83.9347136574374));
#1843=CARTESIAN_POINT('',(77.8472967999311,105.326511945355,-83.8113740211833));
#1844=CARTESIAN_POINT('',(78.1810307591442,105.262828001816,-83.6868314575107));
#1845=CARTESIAN_POINT('',(78.4966993268577,105.198266594804,-83.4996415497965));
#1846=CARTESIAN_POINT('',(78.7681987504814,105.140210237578,-83.2675588647021));
#1847=CARTESIAN_POINT('',(79.0438153144106,105.08127348744,-83.0319567725894));
#1848=CARTESIAN_POINT('',(79.2819963187131,105.027432643441,-82.7433903976931));
#1849=CARTESIAN_POINT('',(79.4639863145716,104.985312842593,-82.4270805173214));
#1850=CARTESIAN_POINT('',(79.6453905188946,104.943328617454,-82.1117887789064));
#1851=CARTESIAN_POINT('',(79.7761073035525,104.911896832364,-81.7601868574758));
#1852=CARTESIAN_POINT('',(79.8462269431332,104.894984114163,-81.4011934913429));
#1853=CARTESIAN_POINT('',(79.887998934797,104.884908792499,-81.187332325097));
#1854=CARTESIAN_POINT('',(79.9091720101138,104.879751131013,-80.9681353016415));
#1855=CARTESIAN_POINT('',(79.9091720101138,104.879751131013,-80.75));
#1856=CARTESIAN_POINT('',(79.9091720101138,104.879751131013,-80.75));
#1857=CARTESIAN_POINT('',(79.9091720101138,104.879751131013,-80.75));
#1858=CARTESIAN_POINT('',(79.9091720101138,104.879751131013,-80.3936706809811));
#1859=CARTESIAN_POINT('',(79.8517813371782,104.893800679373,-80.0327574135766));
#1860=CARTESIAN_POINT('',(79.7411085239306,104.920197048908,-79.6950810245949));
#1861=CARTESIAN_POINT('',(79.6315036160735,104.946338714289,-79.3606629465341));
#1862=CARTESIAN_POINT('',(79.4668350511572,104.985202864226,-79.0404768949565));
#1863=CARTESIAN_POINT('',(79.2587874167203,105.032269025125,-78.7593487538313));
#1864=CARTESIAN_POINT('',(79.0507194498704,105.079339785782,-78.4781931381642));
#1865=CARTESIAN_POINT('',(78.7937291669542,105.135775076131,-78.2288000443037));
#1866=CARTESIAN_POINT('',(78.5069082303957,105.195225782999,-78.0319351684025));
#1867=CARTESIAN_POINT('',(78.2170734114415,105.25530119126,-77.8330016583532));
#1868=CARTESIAN_POINT('',(77.8885745881382,105.320045287504,-77.6823849745672));
#1869=CARTESIAN_POINT('',(77.5485912428704,105.3824056181,-77.5945764756331));
#1870=CARTESIAN_POINT('',(77.3069400816791,105.426729690177,-77.5321645192086));
#1871=CARTESIAN_POINT('',(77.055338628521,105.470644205161,-77.5));
#1872=CARTESIAN_POINT('',(76.8052394258442,105.511942488367,-77.5));
#1873=CARTESIAN_POINT('',(76.8052394258454,105.511942488367,-12.5));
#1874=CARTESIAN_POINT('',(77.1588191710088,105.453556710662,-12.4999999999999));
#1875=CARTESIAN_POINT('',(77.5167862987734,105.389580780617,-12.4347136574372));
#1876=CARTESIAN_POINT('',(77.8472967999311,105.326511945355,-12.3113740211833));
#1877=CARTESIAN_POINT('',(78.1810307591442,105.262828001816,-12.1868314575107));
#1878=CARTESIAN_POINT('',(78.4966993268577,105.198266594804,-11.9996415497965));
#1879=CARTESIAN_POINT('',(78.7681987504815,105.140210237578,-11.7675588647021));
#1880=CARTESIAN_POINT('',(79.0438153144106,105.08127348744,-11.5319567725894));
#1881=CARTESIAN_POINT('',(79.2819963187131,105.027432643441,-11.2433903976931));
#1882=CARTESIAN_POINT('',(79.4639863145716,104.985312842593,-10.9270805173214));
#1883=CARTESIAN_POINT('',(79.6453905188946,104.943328617454,-10.6117887789064));
#1884=CARTESIAN_POINT('',(79.7761073035525,104.911896832364,-10.2601868574758));
#1885=CARTESIAN_POINT('',(79.8462269431332,104.894984114163,-9.9011934913429));
#1886=CARTESIAN_POINT('',(79.887998934797,104.884908792499,-9.68733232509698));
#1887=CARTESIAN_POINT('',(79.9091720101138,104.879751131013,-9.46813530164154));
#1888=CARTESIAN_POINT('',(79.9091720101138,104.879751131013,-9.25000000000001));
#1889=CARTESIAN_POINT('',(76.8052394258454,105.511942488367,-12.5));
#1890=CARTESIAN_POINT('',(79.9091720101138,104.879751131013,-9.25000000000001));
#1891=CARTESIAN_POINT('',(79.9091720101138,104.879751131013,-9.25000000000001));
#1892=CARTESIAN_POINT('',(79.9091720101138,104.879751131013,-8.89367068098111));
#1893=CARTESIAN_POINT('',(79.8517813371782,104.893800679373,-8.53275741357656));
#1894=CARTESIAN_POINT('',(79.7411085239306,104.920197048908,-8.19508102459491));
#1895=CARTESIAN_POINT('',(79.6315036160735,104.946338714289,-7.86066294653411));
#1896=CARTESIAN_POINT('',(79.4668350511572,104.985202864226,-7.54047689495645));
#1897=CARTESIAN_POINT('',(79.2587874167203,105.032269025125,-7.25934875383129));
#1898=CARTESIAN_POINT('',(79.0507194498704,105.079339785782,-6.97819313816421));
#1899=CARTESIAN_POINT('',(78.7937291669542,105.135775076131,-6.72880004430371));
#1900=CARTESIAN_POINT('',(78.5069082303957,105.195225782999,-6.53193516840253));
#1901=CARTESIAN_POINT('',(78.2170734114415,105.25530119126,-6.33300165835316));
#1902=CARTESIAN_POINT('',(77.8885745881382,105.320045287504,-6.18238497456723));
#1903=CARTESIAN_POINT('',(77.5485912428704,105.3824056181,-6.09457647563306));
#1904=CARTESIAN_POINT('',(77.3069400816791,105.426729690177,-6.03216451920857));
#1905=CARTESIAN_POINT('',(77.055338628521,105.470644205161,-6.00000000000001));
#1906=CARTESIAN_POINT('',(76.8052394258442,105.511942488367,-6.00000000000001));
#1907=CARTESIAN_POINT('',(76.8052394258442,105.511942488367,-6.00000000000001));
#1908=CARTESIAN_POINT('',(69.8810821224431,63.5797824481577,-6.00000000000001));
#1909=CARTESIAN_POINT('',(62.9569248191026,105.511942488377,-6.00000000000001));
#1910=CARTESIAN_POINT('',(62.9569248191026,105.511942488377,-6.00000000000001));
#1911=CARTESIAN_POINT('',(62.6033450739393,105.453556710673,-6.00000000000001));
#1912=CARTESIAN_POINT('',(62.2453779461748,105.389580780628,-6.06528634256246));
#1913=CARTESIAN_POINT('',(61.9148674450171,105.326511945367,-6.18862597881614));
#1914=CARTESIAN_POINT('',(61.581133485804,105.262828001828,-6.31316854248858));
#1915=CARTESIAN_POINT('',(61.2654649180905,105.198266594817,-6.50035845020253));
#1916=CARTESIAN_POINT('',(60.9939654944667,105.140210237592,-6.73244113529669));
#1917=CARTESIAN_POINT('',(60.7183489305375,105.081273487454,-6.96804322740923));
#1918=CARTESIAN_POINT('',(60.480167926235,105.027432643455,-7.2566096023053));
#1919=CARTESIAN_POINT('',(60.2981779303763,104.985312842607,-7.57291948267677));
#1920=CARTESIAN_POINT('',(60.1167737260531,104.943328617468,-7.88821122109158));
#1921=CARTESIAN_POINT('',(59.9860569413949,104.911896832378,-8.23981314252204));
#1922=CARTESIAN_POINT('',(59.915937301814,104.894984114178,-8.59880650865489));
#1923=CARTESIAN_POINT('',(59.87416531015,104.884908792514,-8.81266767490152));
#1924=CARTESIAN_POINT('',(59.852992234833,104.879751131027,-9.03186469835772));
#1925=CARTESIAN_POINT('',(59.852992234833,104.879751131027,-9.25));
#1926=CARTESIAN_POINT('',(59.852992234833,104.879751131027,-9.25));
#1927=CARTESIAN_POINT('',(59.852992234833,104.879751131027,-9.25));
#1928=CARTESIAN_POINT('',(59.852992234833,104.879751131027,-9.60632931901899));
#1929=CARTESIAN_POINT('',(59.9103829077687,104.893800679388,-9.96724258642363));
#1930=CARTESIAN_POINT('',(60.0210557210163,104.920197048923,-10.3049189754054));
#1931=CARTESIAN_POINT('',(60.1306606288735,104.946338714304,-10.6393370534662));
#1932=CARTESIAN_POINT('',(60.2953291937898,104.98520286424,-10.959523105044));
#1933=CARTESIAN_POINT('',(60.5033768282269,105.032269025139,-11.2406512461692));
#1934=CARTESIAN_POINT('',(60.7114447950769,105.079339785796,-11.5218068618363));
#1935=CARTESIAN_POINT('',(60.9684350779932,105.135775076144,-11.7711999556968));
#1936=CARTESIAN_POINT('',(61.2552560145519,105.195225783011,-11.968064831598));
#1937=CARTESIAN_POINT('',(61.5450908335061,105.255301191273,-12.1669983416473));
#1938=CARTESIAN_POINT('',(61.8735896568094,105.320045287516,-12.3176150254331));
#1939=CARTESIAN_POINT('',(62.2135730020773,105.382405618111,-12.4054235243672));
#1940=CARTESIAN_POINT('',(62.4552241632683,105.426729690188,-12.4678354807915));
#1941=CARTESIAN_POINT('',(62.7068256164261,105.470644205172,-12.5));
#1942=CARTESIAN_POINT('',(62.9569248191026,105.511942488377,-12.5));
#1943=CARTESIAN_POINT('',(62.9569248191026,105.511942488377,-12.5));
#1944=CARTESIAN_POINT('',(69.8810821224431,63.5797824481577,-12.5));
#1945=CARTESIAN_POINT('',(69.8810821224431,63.5797824481577,-98.));
#1946=CARTESIAN_POINT('',(112.381082122443,63.5797824481577,-98.));
#1947=CARTESIAN_POINT('',(69.8810821224431,63.5797824481577,-255.209800319359));
#1948=CARTESIAN_POINT('',(59.8805018795546,22.2731438194149,-16.0051130727469));
#1949=CARTESIAN_POINT('',(69.8810821224431,63.5797824481577,-255.209800319359));
#1950=CARTESIAN_POINT('',(79.8816623653314,22.2731438194149,-16.0051130727467));
#1951=CARTESIAN_POINT('',(79.8816623653314,22.2731438194149,-16.0051130727467));
#1952=CARTESIAN_POINT('',(78.8480790920929,22.022907227795,-21.2801659955971));
#1953=CARTESIAN_POINT('',(77.757386316358,21.7949863234401,-26.542680749999));
#1954=CARTESIAN_POINT('',(75.793909506605,21.48789117371,-34.3606812293685));
#1955=CARTESIAN_POINT('',(75.0898640649827,21.3910092466678,-36.9632904156846));
#1956=CARTESIAN_POINT('',(73.777088823509,21.2564481019821,-40.7789713523291));
#1957=CARTESIAN_POINT('',(73.3025874337606,21.2134217809622,-42.0353715646625));
#1958=CARTESIAN_POINT('',(72.398087998284,21.1533050417603,-43.8388872512876));
#1959=CARTESIAN_POINT('',(72.06170112858,21.1337079619469,-44.4357382292377));
#1960=CARTESIAN_POINT('',(71.2273429563251,21.0990583452656,-45.5039856100356));
#1961=CARTESIAN_POINT('',(70.6881991111301,21.0820293487846,-46.0380664176374));
#1962=CARTESIAN_POINT('',(69.3310666695294,21.0779243790067,-46.1669536507196));
#1963=CARTESIAN_POINT('',(68.7132588980266,21.0935309301432,-45.6762401731771));
#1964=CARTESIAN_POINT('',(67.8298588340735,21.1270103106786,-44.6409511385713));
#1965=CARTESIAN_POINT('',(67.4831391286858,21.1463190299256,-44.0507696104164));
#1966=CARTESIAN_POINT('',(66.5413808933733,21.2065339442782,-42.2384248336016));
#1967=CARTESIAN_POINT('',(66.0551793943224,21.2499540559823,-40.9666503371327));
#1968=CARTESIAN_POINT('',(64.7139999242156,21.3854833647387,-37.1136000398325));
#1969=CARTESIAN_POINT('',(64.0053535362797,21.4825881615821,-34.4999442736581));
#1970=CARTESIAN_POINT('',(62.0213681578779,21.7914263034727,-26.6250788014968));
#1971=CARTESIAN_POINT('',(60.9222103170298,22.0209400777283,-21.3216340344725));
#1972=CARTESIAN_POINT('',(59.8805018795546,22.2731438194149,-16.0051130727469));
#1973=CARTESIAN_POINT('',(69.8810821224431,63.5797824481577,0.));
#1974=CARTESIAN_POINT('',(77.2057398922753,17.689591832605,7.18350597155729E-16));
#1975=CARTESIAN_POINT('',(75.2915891421473,19.0298946171144,-14.7536373524248));
#1976=CARTESIAN_POINT('',(62.5564243526106,17.689591832605,-9.29537534106585E-16));
#1977=CARTESIAN_POINT('',(64.4705751027386,19.0298946171144,-14.7536373524251));
#1978=CARTESIAN_POINT('',(64.4705751027386,19.0298946171144,-14.7536373524251));
#1979=CARTESIAN_POINT('',(65.3645588773168,19.1504134434813,-19.8137012943464));
#1980=CARTESIAN_POINT('',(66.2524928924281,19.346815718606,-24.8732106420225));
#1981=CARTESIAN_POINT('',(67.5437241709628,19.8130953873588,-32.4588623105343));
#1982=CARTESIAN_POINT('',(67.9659592723942,19.9975039984137,-34.9869219742359));
#1983=CARTESIAN_POINT('',(68.5905510303812,20.3301847585809,-38.7764706872814));
#1984=CARTESIAN_POINT('',(68.7961656965855,20.4504767646601,-40.0391632180373));
#1985=CARTESIAN_POINT('',(69.1170593652098,20.6468338374369,-41.9295318796459));
#1986=CARTESIAN_POINT('',(69.2252455375045,20.7149813300466,-42.5593508802845));
#1987=CARTESIAN_POINT('',(69.4074538992835,20.8210858900923,-43.499748925944));
#1988=CARTESIAN_POINT('',(69.4706408367891,20.8571177459186,-43.8126189513115));
#1989=CARTESIAN_POINT('',(69.5866524218574,20.9117423286044,-44.2773537842485));
#1990=CARTESIAN_POINT('',(69.6277922804632,20.9300985468792,-44.4319236211341));
#1991=CARTESIAN_POINT('',(69.7115492894518,20.9570487761969,-44.6566603719185));
#1992=CARTESIAN_POINT('',(69.7412305371354,20.9661543032569,-44.7321858883935));
#1993=CARTESIAN_POINT('',(69.8378219701637,20.9816166545179,-44.8599257526521));
#1994=CARTESIAN_POINT('',(69.9344953882803,20.9805425017425,-44.8510803075066));
#1995=CARTESIAN_POINT('',(70.1644758493129,20.9407137188996,-44.5218855959188));
#1996=CARTESIAN_POINT('',(70.2007951654302,20.901571735359,-44.1927847580037));
#1997=CARTESIAN_POINT('',(70.3406189659308,20.8297483712127,-43.5753332640154));
#1998=CARTESIAN_POINT('',(70.4014338783349,20.7942967415528,-43.2642922073985));
#1999=CARTESIAN_POINT('',(70.5769477873181,20.6899983111943,-42.3304228244304));
#2000=CARTESIAN_POINT('',(70.6835986827099,20.6230762270934,-41.7057523364708));
#2001=CARTESIAN_POINT('',(71.0001033211055,20.4301363298571,-39.8303133761901));
#2002=CARTESIAN_POINT('',(71.2042982098611,20.3118755929492,-38.5776954739065));
#2003=CARTESIAN_POINT('',(71.8239584100026,19.9847406832002,-34.8195806050889));
#2004=CARTESIAN_POINT('',(72.2430969480857,19.8031812502842,-32.3127273624769));
#2005=CARTESIAN_POINT('',(73.5242150975798,19.3436617968334,-24.7904326407403));
#2006=CARTESIAN_POINT('',(74.4049457986606,19.1494238727918,-19.7721535037258));
#2007=CARTESIAN_POINT('',(75.2915891421473,19.0298946171144,-14.7536373524248));
#2008=CARTESIAN_POINT('',(69.881082122443,22.8183724178479,0.));
#2009=CARTESIAN_POINT('',(76.3536175089944,68.11190051715,-253.958324599037));
#2010=CARTESIAN_POINT('',(59.233540996197,22.4351610747036,0.));
#2011=CARTESIAN_POINT('',(63.4085467358918,68.11190051715,-253.958324599037));
#2012=CARTESIAN_POINT('',(74.6998121775257,14.1107561617454,0.));
#2013=CARTESIAN_POINT('',(69.8810821224431,63.5797824481577,-103.));
#2014=CARTESIAN_POINT('',(107.381082122443,63.5797824481577,-103.));
#2015=CARTESIAN_POINT('',(69.8810821224431,63.5797824481577,-103.));
#2016=CARTESIAN_POINT('',(69.8810821224431,63.5797824481577,-98.));
#2017=CARTESIAN_POINT('',(69.8810821224431,63.5797824481577,-98.));
#2018=CARTESIAN_POINT('',(29.3810821224431,63.5797824481577,-98.));
#2019=CARTESIAN_POINT('',(69.8810821224431,63.5797824481577,-248.817347097859));
#2020=CARTESIAN_POINT('',(78.7030958046175,24.0522973954564,-18.0955739990825));
#2021=CARTESIAN_POINT('',(69.8810821224431,63.5797824481577,-248.81734709786));
#2022=CARTESIAN_POINT('',(61.0590684402684,24.0522973954565,-18.0955739990827));
#2023=CARTESIAN_POINT('',(61.0590684402684,24.0522973954565,-18.0955739990827));
#2024=CARTESIAN_POINT('',(61.7248587948521,23.9037017635875,-21.6464828138575));
#2025=CARTESIAN_POINT('',(62.422177324835,23.7649301089047,-25.1905958327401));
#2026=CARTESIAN_POINT('',(63.9598961656342,23.5073819156067,-32.2470829014096));
#2027=CARTESIAN_POINT('',(64.7736953534443,23.3884571192391,-35.7654880911223));
#2028=CARTESIAN_POINT('',(65.8536870784321,23.2805257656893,-39.2238881491522));
#2029=CARTESIAN_POINT('',(65.8536870784321,23.2805257656893,-39.2238881491522));
#2030=CARTESIAN_POINT('',(65.8536870784321,23.2805257656893,-39.2238881491522));
#2031=CARTESIAN_POINT('',(66.2711990197878,23.2388007895519,-40.1233314551421));
#2032=CARTESIAN_POINT('',(66.7514276589379,23.195891168676,-40.9931461273063));
#2033=CARTESIAN_POINT('',(68.0193078438984,23.1176123571989,-42.5113997976001));
#2034=CARTESIAN_POINT('',(68.8793552457871,23.0796946907897,-43.2036799225142));
#2035=CARTESIAN_POINT('',(70.8898925691926,23.0798705152602,-43.2004617416435));
#2036=CARTESIAN_POINT('',(71.7393739024881,23.1174545316173,-42.5143271738535));
#2037=CARTESIAN_POINT('',(73.0069732244131,23.1956019614367,-40.9988883960715));
#2038=CARTESIAN_POINT('',(73.4911233154695,23.2388165886616,-40.1229908820658));
#2039=CARTESIAN_POINT('',(73.9084771664538,23.2805257656893,-39.2238881491521));
#2040=CARTESIAN_POINT('',(73.9084771664538,23.2805257656893,-39.2238881491521));
#2041=CARTESIAN_POINT('',(73.9084771664538,23.2805257656893,-39.2238881491521));
#2042=CARTESIAN_POINT('',(74.9873152590716,23.3883418284453,-35.7691823067013));
#2043=CARTESIAN_POINT('',(75.8014643578605,23.5072583892266,-32.2505924997243));
#2044=CARTESIAN_POINT('',(77.3396708901322,23.7648660993625,-25.1922245669696));
#2045=CARTESIAN_POINT('',(78.03734476289,23.9037105376988,-21.6462731437013));
#2046=CARTESIAN_POINT('',(78.7030958046175,24.0522973954564,-18.0955739990825));
#2047=CARTESIAN_POINT('',(69.8810821224431,63.5797824481577,0.));
#2048=CARTESIAN_POINT('',(64.1745581992484,18.8226213498531,0.312868930080462));
#2049=CARTESIAN_POINT('',(66.3802232652109,20.3670446558058,-16.6876638137206));
#2050=CARTESIAN_POINT('',(75.5876060456375,18.8226213498531,0.312868930080462));
#2051=CARTESIAN_POINT('',(73.381940979675,20.3670446558058,-16.6876638137204));
#2052=CARTESIAN_POINT('',(73.381940979675,20.3670446558058,-16.6876638137204));
#2053=CARTESIAN_POINT('',(72.2591999049631,20.6770969722689,-23.6172229741269));
#2054=CARTESIAN_POINT('',(71.1467616727022,21.1519045893871,-30.5424360105339));
#2055=CARTESIAN_POINT('',(70.3826141075891,21.9759664757612,-37.4811241679426));
#2056=CARTESIAN_POINT('',(70.382614107589,21.9759664757612,-37.4811241679426));
#2057=CARTESIAN_POINT('',(70.382614107589,21.9759664757612,-37.4811241679426));
#2058=CARTESIAN_POINT('',(70.3761041630507,21.9714712656786,-37.4777634873562));
#2059=CARTESIAN_POINT('',(70.3688948138741,21.966884433018,-37.4755319443721));
#2060=CARTESIAN_POINT('',(70.3614769035802,21.9625962651276,-37.4748487982685));
#2061=CARTESIAN_POINT('',(70.358368736526,21.9607994865697,-37.4745625542822));
#2062=CARTESIAN_POINT('',(70.3552036758609,21.9590408267153,-37.4745363205664));
#2063=CARTESIAN_POINT('',(70.3520330819696,21.9573477834131,-37.4747643337139));
#2064=CARTESIAN_POINT('',(70.3520330819696,21.9573477834131,-37.4747643337139));
#2065=CARTESIAN_POINT('',(70.3520330819696,21.9573477834131,-37.4747643337139));
#2066=CARTESIAN_POINT('',(70.2828921286382,21.920427688327,-37.4797366029279));
#2067=CARTESIAN_POINT('',(70.2088040868571,21.8914629989058,-37.4836374659448));
#2068=CARTESIAN_POINT('',(70.1328401086438,21.8716974650039,-37.4862994188864));
#2069=CARTESIAN_POINT('',(70.0509977740708,21.8504024054684,-37.4891673629881));
#2070=CARTESIAN_POINT('',(69.9656981516129,21.8394803581599,-37.4906383061008));
#2071=CARTESIAN_POINT('',(69.8810821224438,21.8394803581598,-37.4906383061008));
#2072=CARTESIAN_POINT('',(69.7699965767042,21.8394803581597,-37.4906383061008));
#2073=CARTESIAN_POINT('',(69.6573818384829,21.8585293116864,-37.4880728596967));
#2074=CARTESIAN_POINT('',(69.5525668443624,21.8949943324799,-37.4831618782961));
#2075=CARTESIAN_POINT('',(69.5035925492216,21.9120324357174,-37.4808672461725));
#2076=CARTESIAN_POINT('',(69.455824761682,21.9329481775359,-37.4780503872536));
#2077=CARTESIAN_POINT('',(69.4101311629157,21.9573477834135,-37.4747643337141));
#2078=CARTESIAN_POINT('',(69.4101311629157,21.9573477834135,-37.4747643337141));
#2079=CARTESIAN_POINT('',(69.4101311629157,21.9573477834135,-37.4747643337141));
#2080=CARTESIAN_POINT('',(69.4025696472996,21.9613855043602,-37.4742205475859));
#2081=CARTESIAN_POINT('',(69.3949879935001,21.9658429439208,-37.4751903052002));
#2082=CARTESIAN_POINT('',(69.3880342440645,21.9703130177494,-37.4775225189477));
#2083=CARTESIAN_POINT('',(69.3851163175625,21.9721887463777,-37.478501160523));
#2084=CARTESIAN_POINT('',(69.3822798919187,21.9740815410393,-37.4797149649447));
#2085=CARTESIAN_POINT('',(69.3795501372969,21.9759664757613,-37.4811241679429));
#2086=CARTESIAN_POINT('',(69.3795501372969,21.9759664757613,-37.4811241679429));
#2087=CARTESIAN_POINT('',(69.3795501372969,21.9759664757613,-37.4811241679429));
#2088=CARTESIAN_POINT('',(68.6156405460639,21.1521612220238,-30.5445968844525));
#2089=CARTESIAN_POINT('',(67.5028488040591,20.6770650662819,-23.6165098866481));
#2090=CARTESIAN_POINT('',(66.3802232652109,20.3670446558058,-16.6876638137206));
#2091=CARTESIAN_POINT('',(69.881082122443,22.8183724178479,0.312868930080462));
#2092=CARTESIAN_POINT('',(77.1626844323133,68.678415275774,-247.409436912497));
#2093=CARTESIAN_POINT('',(60.8516748428349,23.5681905919516,0.312868930080462));
#2094=CARTESIAN_POINT('',(62.5994798125729,68.678415275774,-247.409436912497));
#2095=CARTESIAN_POINT('',(73.0816783308878,15.2437856789935,0.312868930080462));
#2096=CARTESIAN_POINT('',(69.8810821224431,63.5797824481577,-101.));
#2097=CARTESIAN_POINT('',(107.381082122443,63.5797824481577,-101.));
#2098=CARTESIAN_POINT('',(69.8810821224431,63.5797824481577,-101.));
#2099=CARTESIAN_POINT('',(69.8810821224431,63.5797824481577,-98.));
#2100=CARTESIAN_POINT('',(81.7641245286985,14.4977765481221,-16.0051130727467));
#2101=CARTESIAN_POINT('',(78.9272894422658,20.0554896564401,0.335813231050496));
#2102=CARTESIAN_POINT('',(80.4041320598452,22.3169111679317,-0.215626305477185));
#2103=CARTESIAN_POINT('',(82.9414101426589,23.1362683574612,-0.915662489271351));
#2104=CARTESIAN_POINT('',(77.7501257172009,19.6753509684754,-4.37574477527111));
#2105=CARTESIAN_POINT('',(79.2859310058995,22.0247275623582,-4.94075616321217));
#2106=CARTESIAN_POINT('',(81.9507279274915,22.8163497009156,-5.6272198888397));
#2107=CARTESIAN_POINT('',(76.5373646771479,19.3315042036136,-9.40283759778403));
#2108=CARTESIAN_POINT('',(78.1376526928462,21.7729148804471,-9.96764330664957));
#2109=CARTESIAN_POINT('',(80.9300873476723,22.5269736761308,-10.6543131800832));
#2110=CARTESIAN_POINT('',(75.2915891421473,19.0298946171144,-14.7536373524248));
#2111=CARTESIAN_POINT('',(76.9651247429576,21.5670329013588,-15.2862820165073));
#2112=CARTESIAN_POINT('',(79.8816623653314,22.2731438194149,-16.0051130727466));
#2113=CARTESIAN_POINT('',(57.9980397161874,14.4977765481222,-16.0051130727469));
#2114=CARTESIAN_POINT('',(75.2915891421473,19.0298946171144,-14.7536373524248));
#2115=CARTESIAN_POINT('',(76.9651247429576,21.5670329013588,-15.2862820165074));
#2116=CARTESIAN_POINT('',(79.8816623653314,22.2731438194149,-16.0051130727467));
#2117=CARTESIAN_POINT('',(74.3439218888443,19.1576505656127,-20.1175567359853));
#2118=CARTESIAN_POINT('',(76.0833668992347,21.4315245166009,-20.6210976233604));
#2119=CARTESIAN_POINT('',(78.8302853744322,22.0185992640586,-21.3709790007144));
#2120=CARTESIAN_POINT('',(73.4051725407831,19.3712143116305,-25.4700392157951));
#2121=CARTESIAN_POINT('',(75.1858200189408,21.3219936181396,-25.9650942144768));
#2122=CARTESIAN_POINT('',(77.7207605455908,21.7873131561802,-26.7215149361235));
#2123=CARTESIAN_POINT('',(72.0627565860602,19.8776513430249,-33.3841307228302));
#2124=CARTESIAN_POINT('',(73.684513743128,21.1977435655546,-33.9492145469753));
#2125=CARTESIAN_POINT('',(75.7204269473733,21.477439118595,-34.6356064431488));
#2126=CARTESIAN_POINT('',(71.6260688010455,20.0794757939775,-36.0181284035676));
#2127=CARTESIAN_POINT('',(73.1673451401611,21.163151674909,-36.5891454565468));
#2128=CARTESIAN_POINT('',(75.0016905129288,21.3798264018407,-37.2696041239065));
#2129=CARTESIAN_POINT('',(70.9973326567491,20.4307258425844,-39.8353186705987));
#2130=CARTESIAN_POINT('',(72.2552068276056,21.121812709166,-40.4332534182457));
#2131=CARTESIAN_POINT('',(73.660939405924,21.245819616095,-41.086794390912));
#2132=CARTESIAN_POINT('',(70.7938937792342,20.5560420013811,-41.0853652583034));
#2133=CARTESIAN_POINT('',(71.9344831230384,21.1098479149828,-41.6881566557697));
#2134=CARTESIAN_POINT('',(73.1762943065542,21.2032272638811,-42.3368409786746));
#2135=CARTESIAN_POINT('',(70.4826921130573,20.7465126672753,-42.8435400809479));
#2136=CARTESIAN_POINT('',(71.3430261626665,21.0948516805109,-43.4562686190982));
#2137=CARTESIAN_POINT('',(72.2524367942974,21.1448688724667,-44.0950158012451));
#2138=CARTESIAN_POINT('',(70.3767936684718,20.8115719667485,-43.4195790268329));
#2139=CARTESIAN_POINT('',(71.1252025378131,21.0902867346731,-44.0348623734428));
#2140=CARTESIAN_POINT('',(71.9068719740295,21.1260365161197,-44.6710547472329));
#2141=CARTESIAN_POINT('',(70.1535953375012,20.925390973705,-44.3970236693974));
#2142=CARTESIAN_POINT('',(70.6077850956901,21.0829595869771,-45.0162357763493));
#2143=CARTESIAN_POINT('',(71.0723219989017,21.094428315921,-45.648499389641));
#2144=CARTESIAN_POINT('',(70.0297491852684,20.9771123676844,-44.8227216549707));
#2145=CARTESIAN_POINT('',(70.28456838518,21.0800203697065,-45.4444389457801));
#2146=CARTESIAN_POINT('',(70.5440721316649,21.0808785392604,-46.0741973753616));
#2147=CARTESIAN_POINT('',(69.7657921481584,20.9849690697345,-44.8874616604449));
#2148=CARTESIAN_POINT('',(69.5682700753643,21.0795728725969,-45.5094448234664));
#2149=CARTESIAN_POINT('',(69.3669771528698,21.0788167498318,-46.1389373806978));
#2150=CARTESIAN_POINT('',(69.6382332519703,20.937937626351,-44.5019788676018));
#2151=CARTESIAN_POINT('',(69.2284278087058,21.0822117950587,-45.1216603577028));
#2152=CARTESIAN_POINT('',(68.8103971812163,21.0910673527596,-45.7534545878244));
#2153=CARTESIAN_POINT('',(69.4114906601583,20.8269173009668,-43.5535280248563));
#2154=CARTESIAN_POINT('',(68.6933835689214,21.0892517201894,-44.1693867861098));
#2155=CARTESIAN_POINT('',(67.9454291386007,21.1216792848342,-44.8050037452774));
#2156=CARTESIAN_POINT('',(69.3066561366489,20.7629111116621,-42.9906872156708));
#2157=CARTESIAN_POINT('',(68.4740563949342,21.0936580536625,-43.6039826223999));
#2158=CARTESIAN_POINT('',(67.59659343819,21.1400344244538,-44.2421629359655));
#2159=CARTESIAN_POINT('',(68.9914915105323,20.5706587096094,-41.2273379534292));
#2160=CARTESIAN_POINT('',(67.866069310199,21.1085402060861,-41.8306210025597));
#2161=CARTESIAN_POINT('',(66.6444918010853,21.1984317553409,-42.4788136738054));
#2162=CARTESIAN_POINT('',(68.7860950427236,20.4432332527265,-39.9642195986238));
#2163=CARTESIAN_POINT('',(67.5396947198372,21.1205190816742,-40.5625264156653));
#2164=CARTESIAN_POINT('',(66.1503689196008,21.2413756909933,-41.2156953189356));
#2165=CARTESIAN_POINT('',(68.15132453766,20.0868090833138,-36.1109516453647));
#2166=CARTESIAN_POINT('',(66.6129229713881,21.1619720656125,-36.6818745300651));
#2167=CARTESIAN_POINT('',(64.7858419653598,21.3764157733354,-37.3624273657068));
#2168=CARTESIAN_POINT('',(67.714988662316,19.884271739376,-33.4769435769189));
#2169=CARTESIAN_POINT('',(66.0957864433583,21.1964305699865,-34.0421448481328));
#2170=CARTESIAN_POINT('',(64.0666602798338,21.473917511406,-34.7284192972372));
#2171=CARTESIAN_POINT('',(66.3668879241161,19.3734964439378,-25.526511567922));
#2172=CARTESIAN_POINT('',(64.5855393055519,21.3208586839295,-26.0209953263992));
#2173=CARTESIAN_POINT('',(62.0528152220523,21.7848821482478,-26.7779872882509));
#2174=CARTESIAN_POINT('',(65.4232625895776,19.1583273482426,-20.145971908105));
#2175=CARTESIAN_POINT('',(63.6834356319294,21.4308117056292,-20.6491602063877));
#2176=CARTESIAN_POINT('',(60.937455981766,22.0172490125966,-21.3994426553469));
#2177=CARTESIAN_POINT('',(64.4705751027386,19.0298946171144,-14.7536373524251));
#2178=CARTESIAN_POINT('',(62.7970395019284,21.5670329013588,-15.2862820165077));
#2179=CARTESIAN_POINT('',(59.8805018795546,22.2731438194149,-16.005113072747));
#2180=CARTESIAN_POINT('',(56.8207541022238,23.1362683574624,-0.915662489255926));
#2181=CARTESIAN_POINT('',(59.3580321850371,22.3169111679327,-0.215626305461781));
#2182=CARTESIAN_POINT('',(60.8348748026162,20.0554896564414,0.335813231065921));
#2183=CARTESIAN_POINT('',(57.8114363173404,22.816349700933,-5.62721988884013));
#2184=CARTESIAN_POINT('',(60.4762332389583,22.0247275623991,-4.94075616321626));
#2185=CARTESIAN_POINT('',(62.012038527633,19.6753509685565,-4.37574477529599));
#2186=CARTESIAN_POINT('',(58.8320768972767,22.5269736761156,-10.6543131800639));
#2187=CARTESIAN_POINT('',(61.6245115519095,21.7729148804718,-9.96764330666759));
#2188=CARTESIAN_POINT('',(63.2247995675909,19.3315042038307,-9.40283759780964));
#2189=CARTESIAN_POINT('',(59.8805018795546,22.2731438194149,-16.0051130727469));
#2190=CARTESIAN_POINT('',(62.7970395019284,21.5670329013588,-15.2862820165076));
#2191=CARTESIAN_POINT('',(64.4705751027386,19.0298946171144,-14.753637352425));
#2192=CARTESIAN_POINT('',(70.3520330819696,21.9573477834131,-37.4747643337139));
#2193=CARTESIAN_POINT('',(70.315128974255,22.092995160828,-38.0400185829816));
#2194=CARTESIAN_POINT('',(70.2734955895866,22.2284124387054,-38.6049385496055));
#2195=CARTESIAN_POINT('',(70.1898011139254,22.4309225272416,-39.450716733405));
#2196=CARTESIAN_POINT('',(70.1587040333018,22.4983405366988,-39.7324483667378));
#2197=CARTESIAN_POINT('',(70.0971576761253,22.5989054646721,-40.1529407804908));
#2198=CARTESIAN_POINT('',(70.074408797927,22.6323816449216,-40.2929558018778));
#2199=CARTESIAN_POINT('',(70.0294515074628,22.6821162969147,-40.5010325500417));
#2200=CARTESIAN_POINT('',(70.0128665166931,22.6986350849752,-40.570153030938));
#2201=CARTESIAN_POINT('',(69.9690154474117,22.7309477778682,-40.705379889533));
#2202=CARTESIAN_POINT('',(69.9498117927328,22.757282064388,-40.8156096112372));
#2203=CARTESIAN_POINT('',(69.8031587249331,22.7527954898449,-40.7968290916292));
#2204=CARTESIAN_POINT('',(69.7897979305236,22.728854846395,-40.6966203195484));
#2205=CARTESIAN_POINT('',(69.7471179506911,22.6966005104122,-40.5616393178316));
#2206=CARTESIAN_POINT('',(69.7307056617938,22.6800711377047,-40.4924753796337));
#2207=CARTESIAN_POINT('',(69.6863711508106,22.6304657857475,-40.2849420168917));
#2208=CARTESIAN_POINT('',(69.6638248535987,22.5971265512557,-40.1455012761445));
#2209=CARTESIAN_POINT('',(69.6027341137877,22.4968383401913,-39.7261699888945));
#2210=CARTESIAN_POINT('',(69.5717611151891,22.4295753675869,-39.4450885382454));
#2211=CARTESIAN_POINT('',(69.4884453858311,22.2276503726547,-38.6017594823028));
#2212=CARTESIAN_POINT('',(69.4469319635253,22.0926154378456,-38.0384362447631));
#2213=CARTESIAN_POINT('',(69.4101311629158,21.9573477834134,-37.4747643337141));
#2214=CARTESIAN_POINT('',(69.8810821224429,13.2265912901328,-2.54280698976628));
#2215=CARTESIAN_POINT('',(59.0986209553407,15.2684118281895,-18.0955739990827));
#2216=CARTESIAN_POINT('',(62.2870407722674,21.4664970167228,0.500380883422378));
#2217=CARTESIAN_POINT('',(60.6047919499186,24.0397831906937,-0.118106332538421));
#2218=CARTESIAN_POINT('',(57.7101009460419,24.9518493271158,-0.9075293019397));
#2219=CARTESIAN_POINT('',(63.6077888016657,21.050352581721,-4.82339211163261));
#2220=CARTESIAN_POINT('',(61.8495879874107,23.737009689518,-5.45962517898934));
#2221=CARTESIAN_POINT('',(58.7907127159061,24.6113675967369,-6.23130104399725));
#2222=CARTESIAN_POINT('',(64.9735135244609,20.681003729213,-10.5492474934086));
#2223=CARTESIAN_POINT('',(63.1320745201171,23.4867522418808,-11.1862589831534));
#2224=CARTESIAN_POINT('',(59.908124067246,24.3091730097964,-11.9571574672758));
#2225=CARTESIAN_POINT('',(66.3802232652109,20.3670446558058,-16.6876638137206));
#2226=CARTESIAN_POINT('',(64.4434778392446,23.2969418249202,-17.281352196211));
#2227=CARTESIAN_POINT('',(61.0590684402684,24.0522973954565,-18.0955739990827));
#2228=CARTESIAN_POINT('',(65.8536870784346,23.2805257656891,-39.2238881491526));
#2229=CARTESIAN_POINT('',(67.0971225312194,23.1562603029396,-38.6314715758944));
#2230=CARTESIAN_POINT('',(68.3139306340965,22.7117920280087,-38.0312374224846));
#2231=CARTESIAN_POINT('',(69.3795501372969,21.9759664757613,-37.4811241679429));
#2232=CARTESIAN_POINT('',(66.3802232652109,20.3670446558058,-16.6876638137206));
#2233=CARTESIAN_POINT('',(64.4434778392446,23.2969418249202,-17.2813521962109));
#2234=CARTESIAN_POINT('',(61.0590684402684,24.0522973954565,-18.0955739990827));
#2235=CARTESIAN_POINT('',(66.9612330222896,20.5274943133361,-20.2736566794278));
#2236=CARTESIAN_POINT('',(64.9743237101969,23.2385541465808,-20.8561882244841));
#2237=CARTESIAN_POINT('',(61.7315090240879,23.9022175200737,-21.6819509730001));
#2238=CARTESIAN_POINT('',(67.5259550070321,20.7353406821564,-23.8505687656873));
#2239=CARTESIAN_POINT('',(65.5088020350582,23.1918179065344,-24.4364326365582));
#2240=CARTESIAN_POINT('',(62.43558104253,23.7622902221009,-25.2584789510456));
#2241=CARTESIAN_POINT('',(68.5722213306163,21.2776610285579,-30.9551244346551));
#2242=CARTESIAN_POINT('',(66.6063674778707,23.1223349511749,-31.5657921137004));
#2243=CARTESIAN_POINT('',(63.9865892926739,23.5033164390036,-32.363034620021));
#2244=CARTESIAN_POINT('',(69.0593659528867,21.6127106150328,-34.4865918934006));
#2245=CARTESIAN_POINT('',(67.1536146482411,23.099425160015,-35.1039853215475));
#2246=CARTESIAN_POINT('',(64.8074115259303,23.3840546225411,-35.8998144129546));
#2247=CARTESIAN_POINT('',(69.4293426710103,22.0309296705806,-37.9393784639527));
#2248=CARTESIAN_POINT('',(67.7991738056846,23.0879664439519,-38.606658024002));
#2249=CARTESIAN_POINT('',(65.8923719457474,23.2766784594285,-39.3472886493147));
#2250=CARTESIAN_POINT('',(73.9084771664508,23.280525765689,-39.2238881491525));
#2251=CARTESIAN_POINT('',(72.6650417136736,23.1562603029402,-38.6314715758785));
#2252=CARTESIAN_POINT('',(71.4482336107894,22.7117920280087,-38.0312374224842));
#2253=CARTESIAN_POINT('',(70.382614107589,21.9759664757612,-37.4811241679426));
#2254=CARTESIAN_POINT('',(73.9403223077254,23.2837209890252,-39.1549080569112));
#2255=CARTESIAN_POINT('',(71.9911709029039,23.0873724273258,-38.0499892685854));
#2256=CARTESIAN_POINT('',(70.3772114784219,21.861381032097,-37.074966417394));
#2257=CARTESIAN_POINT('',(73.4967361587289,23.2390361573955,-40.1210217098612));
#2258=CARTESIAN_POINT('',(71.7917683449043,23.0888255124765,-38.9824649716744));
#2259=CARTESIAN_POINT('',(70.323062976759,22.0752594079023,-37.9657542356144));
#2260=CARTESIAN_POINT('',(72.9693707398736,23.1922708745133,-41.0657491437123));
#2261=CARTESIAN_POINT('',(71.5353951628124,23.0877596550952,-39.9031792286374));
#2262=CARTESIAN_POINT('',(70.2585396200471,22.2843168795789,-38.8381559354326));
#2263=CARTESIAN_POINT('',(71.9777331023096,23.1327342358026,-42.2167123154554));
#2264=CARTESIAN_POINT('',(71.0191152945018,23.0843339598332,-41.0238642569895));
#2265=CARTESIAN_POINT('',(70.1373394644675,22.5381738839353,-39.8989268378628));
#2266=CARTESIAN_POINT('',(71.6158610613734,23.1148384107927,-42.5534105862122));
#2267=CARTESIAN_POINT('',(70.826716216676,23.0829406642935,-41.3515193522972));
#2268=CARTESIAN_POINT('',(70.0931106593965,22.612340304426,-40.2091053676778));
#2269=CARTESIAN_POINT('',(70.7888864664351,23.0878444211002,-43.0553212564842));
#2270=CARTESIAN_POINT('',(70.3795334049043,23.0806053355428,-41.8393371998395));
#2271=CARTESIAN_POINT('',(69.9920359867354,22.7228355445701,-40.6713940307295));
#2272=CARTESIAN_POINT('',(70.3377387254514,23.0797124021499,-43.2033557468148));
#2273=CARTESIAN_POINT('',(70.1317699471479,23.0797755882701,-41.9835381290587));
#2274=CARTESIAN_POINT('',(69.9368957072544,22.7553911231175,-40.807694249996));
#2275=CARTESIAN_POINT('',(68.9492572467166,23.0799239503872,-43.1994836947138));
#2276=CARTESIAN_POINT('',(69.3695342500995,23.0797963063113,-41.9797745350581));
#2277=CARTESIAN_POINT('',(69.7671924154112,22.7545393542434,-40.8041287981795));
#2278=CARTESIAN_POINT('',(68.1058062415164,23.113294645667,-42.5928387580188));
#2279=CARTESIAN_POINT('',(68.9088598137591,23.0832370158004,-41.3871345102598));
#2280=CARTESIAN_POINT('',(69.6641039591066,22.621135830561,-40.2455837707105));
#2281=CARTESIAN_POINT('',(66.7842102918091,23.1929328014329,-41.0526284420895));
#2282=CARTESIAN_POINT('',(68.2224604144879,23.0877849059117,-39.8904082797974));
#2283=CARTESIAN_POINT('',(69.5025755654774,22.2814196133391,-38.8260586690334));
#2284=CARTESIAN_POINT('',(66.2672193678531,23.2388573422996,-40.1248745038823));
#2285=CARTESIAN_POINT('',(67.9711103790574,23.0888301170601,-38.9857410097425));
#2286=CARTESIAN_POINT('',(69.4392820484924,22.0759625998132,-37.9686833170437));
#2287=CARTESIAN_POINT('',(65.8219879914063,23.2837062764586,-39.155226149503));
#2288=CARTESIAN_POINT('',(67.7710594070114,23.0873729086551,-38.0502982008828));
#2289=CARTESIAN_POINT('',(69.3849706175385,21.8614515393504,-37.0752600750123));
#2290=CARTESIAN_POINT('',(80.6635432895452,15.2684118281894,-18.0955739990825));
#2291=CARTESIAN_POINT('',(78.7030958046175,24.0522973954564,-18.0955739990825));
#2292=CARTESIAN_POINT('',(75.3186864056414,23.2969418249201,-17.2813521962107));
#2293=CARTESIAN_POINT('',(73.381940979675,20.3670446558058,-16.6876638137204));
#2294=CARTESIAN_POINT('',(78.0306552207079,23.9022175200535,-21.6819509729727));
#2295=CARTESIAN_POINT('',(74.7878405346535,23.2385541465507,-20.8561882244638));
#2296=CARTESIAN_POINT('',(72.8009312226025,20.5274943133424,-20.2736566794186));
#2297=CARTESIAN_POINT('',(77.3265832023571,23.762290222101,-25.258478951058));
#2298=CARTESIAN_POINT('',(74.2533622098278,23.1918179065408,-24.4364326365772));
#2299=CARTESIAN_POINT('',(72.2362092378525,20.7353406821577,-23.8505687656994));
#2300=CARTESIAN_POINT('',(75.7755749522111,23.5033164390034,-32.3630346200078));
#2301=CARTESIAN_POINT('',(73.1557967670153,23.1223349511685,-31.565792113681));
#2302=CARTESIAN_POINT('',(71.1899429142711,21.2776610285564,-30.9551244346422));
#2303=CARTESIAN_POINT('',(74.9547527189268,23.3840546225382,-35.8998144129541));
#2304=CARTESIAN_POINT('',(72.608549596704,23.0994251600994,-35.1039853215729));
#2305=CARTESIAN_POINT('',(70.7027982920164,21.6127106150444,-34.4865918934102));
#2306=CARTESIAN_POINT('',(73.8697922991387,23.2766784594285,-39.3472886493142));
#2307=CARTESIAN_POINT('',(71.9629904392014,23.0879664439519,-38.6066580240014));
#2308=CARTESIAN_POINT('',(70.3328215738756,22.0309296705805,-37.9393784639521));
#2309=CARTESIAN_POINT('',(82.0520632988774,24.9518493271262,-0.907529301775268));
#2310=CARTESIAN_POINT('',(79.1573722950056,24.0397831907029,-0.118106332374219));
#2311=CARTESIAN_POINT('',(77.4751234726593,21.4664970167356,0.50038088358681));
#2312=CARTESIAN_POINT('',(80.9714515291213,24.6113675967803,-6.23130104390818));
#2313=CARTESIAN_POINT('',(77.91257625761,23.7370096896279,-5.45962517889623));
#2314=CARTESIAN_POINT('',(76.15437544317,21.0503525816038,-4.82339211146766));
#2315=CARTESIAN_POINT('',(79.8540401776222,24.3091730097924,-11.9571574672028));
#2316=CARTESIAN_POINT('',(76.6300897245197,23.4867522417737,-11.1862589830327));
#2317=CARTESIAN_POINT('',(74.7886507203245,20.6810037290471,-10.5492474933273));
#2318=CARTESIAN_POINT('',(78.7030958046175,24.0522973954564,-18.0955739990824));
#2319=CARTESIAN_POINT('',(75.3186864056414,23.2969418249201,-17.2813521962106));
#2320=CARTESIAN_POINT('',(73.381940979675,20.3670446558058,-16.6876638137203));
#2321=CARTESIAN_POINT('',(62.6310821224748,105.221108075478,-8.00000000000001));
#2322=CARTESIAN_POINT('',(62.6310821224749,134.679782448158,-8.00000000000001));
#2323=CARTESIAN_POINT('',(62.6310821224748,107.485220607917,-8.00000000000001));
#2324=CARTESIAN_POINT('',(69.8810821224431,63.5797824481577,-8.00000000000001));
#2325=CARTESIAN_POINT('',(77.1310821224748,107.485220607907,-8.00000000000001));
#2326=CARTESIAN_POINT('',(77.1310821224749,134.679782448158,-8.00000000000001));
#2327=CARTESIAN_POINT('',(77.1310821224749,134.679782448158,-8.00000000000001));
#2328=CARTESIAN_POINT('',(61.3810821224749,134.679782448158,-8.00000000000001));
#2329=CARTESIAN_POINT('',(0.,0.,-8.00000000000001));
#2330=CARTESIAN_POINT('',(77.1310821224747,-9.55722134895371E-14,-82.));
#2331=CARTESIAN_POINT('',(77.1310821224749,134.679782448158,-82.));
#2332=CARTESIAN_POINT('',(77.1310821224748,107.485220607907,-82.));
#2333=CARTESIAN_POINT('',(69.8810821224431,63.5797824481577,-82.));
#2334=CARTESIAN_POINT('',(62.6310821224748,107.485220607917,-82.));
#2335=CARTESIAN_POINT('',(62.6310821224747,-7.76054346312059E-14,-82.));
#2336=CARTESIAN_POINT('',(62.6310821224749,134.679782448158,-82.));
#2337=CARTESIAN_POINT('',(0.,134.679782448158,-82.));
#2338=CARTESIAN_POINT('',(0.,0.,-82.));
#2339=CARTESIAN_POINT('',(78.3810821224749,139.679782448158,-13.));
#2340=CARTESIAN_POINT('',(62.6310821224749,139.679782448158,-13.));
#2341=CARTESIAN_POINT('',(77.1310821224749,139.679782448158,-13.));
#2342=CARTESIAN_POINT('',(77.1310821224749,139.679782448158,-8.00000000000001));
#2343=CARTESIAN_POINT('',(77.1310821224749,139.679782448158,-77.));
#2344=CARTESIAN_POINT('',(78.3810821224749,139.679782448158,-77.));
#2345=CARTESIAN_POINT('',(62.6310821224749,139.679782448158,-77.));
#2346=CARTESIAN_POINT('',(62.6310821224749,139.679782448158,-8.00000000000001));
#2347=CARTESIAN_POINT('',(78.3810821224749,139.679782448158,-8.00000000000001));
#2348=CARTESIAN_POINT('',(77.1310821224749,134.679782448158,-77.));
#2349=CARTESIAN_POINT('',(62.6310821224749,134.679782448158,-77.));
#2350=CARTESIAN_POINT('',(78.3810821224749,134.679782448158,-77.));
#2351=CARTESIAN_POINT('',(77.1310821224749,134.679782448158,-13.));
#2352=CARTESIAN_POINT('',(62.6310821224749,134.679782448158,-13.));
#2353=CARTESIAN_POINT('',(0.,134.679782448158,-13.));
#2354=CARTESIAN_POINT('',(78.3810821224749,137.179782448158,-77.));
#2355=CARTESIAN_POINT('',(77.1310821224749,137.179782448158,-77.));
#2356=CARTESIAN_POINT('',(62.6310821224749,137.179782448158,-77.));
#2357=CARTESIAN_POINT('',(77.1310821224749,137.179782448158,-13.));
#2358=CARTESIAN_POINT('',(77.1310821224749,137.179782448158,-13.));
#2359=CARTESIAN_POINT('',(78.3810821224749,137.179782448158,-13.));
#2360=CARTESIAN_POINT('',(62.6310821224749,137.179782448158,-13.));
#2361=CARTESIAN_POINT('',(62.6310821224749,137.179782448158,-77.));
#2362=CARTESIAN_POINT('',(78.3810821224749,137.179782448158,-8.00000000000001));
#2363=CARTESIAN_POINT('',(77.1310821224747,-9.55722134895371E-14,-10.5));
#2364=CARTESIAN_POINT('',(77.1310821224749,134.679782448158,-10.5));
#2365=CARTESIAN_POINT('',(77.1310821224748,107.485220607906,-10.5));
#2366=CARTESIAN_POINT('',(69.8810821224431,63.5797824481577,-10.5));
#2367=CARTESIAN_POINT('',(62.6310821224748,107.485220607917,-10.5));
#2368=CARTESIAN_POINT('',(62.6310821224747,-7.76054346312059E-14,-10.5));
#2369=CARTESIAN_POINT('',(62.6310821224749,134.679782448158,-10.5));
#2370=CARTESIAN_POINT('',(0.,134.679782448158,-10.5));
#2371=CARTESIAN_POINT('',(0.,0.,-10.5));
#2372=CARTESIAN_POINT('',(62.6310821224748,105.221108075478,-79.5));
#2373=CARTESIAN_POINT('',(62.6310821224749,134.679782448158,-79.5));
#2374=CARTESIAN_POINT('',(62.6310821224748,107.485220607917,-79.5));
#2375=CARTESIAN_POINT('',(69.8810821224431,63.5797824481577,-79.5));
#2376=CARTESIAN_POINT('',(77.1310821224748,107.485220607907,-79.5));
#2377=CARTESIAN_POINT('',(77.1310821224749,134.679782448158,-79.5));
#2378=CARTESIAN_POINT('',(77.1310821224749,134.679782448158,-79.5));
#2379=CARTESIAN_POINT('',(0.,134.679782448158,-79.5));
#2380=CARTESIAN_POINT('',(0.,0.,-79.5));
#2381=CARTESIAN_POINT('',(77.1310821224749,134.679782448158,-77.));
#2382=CARTESIAN_POINT('',(62.6310821224749,134.679782448158,-77.));
#2383=CARTESIAN_POINT('',(78.3810821224749,134.679782448158,-77.));
#2384=CARTESIAN_POINT('',(77.1310821224749,134.679782448158,-13.));
#2385=CARTESIAN_POINT('',(62.6310821224749,134.679782448158,-13.));
#2386=CARTESIAN_POINT('',(0.,134.679782448158,-13.));
#2387=CARTESIAN_POINT('',(78.3810821224748,106.079782448158,-80.75));
#2388=CARTESIAN_POINT('',(78.3810821224748,106.823279069029,-80.75));
#2389=CARTESIAN_POINT('',(78.3810821224749,134.679782448158,-80.75));
#2390=CARTESIAN_POINT('',(78.3810821224748,106.823279069029,-80.75));
#2391=CARTESIAN_POINT('',(78.3810821224748,106.823279069029,-80.8340811070075));
#2392=CARTESIAN_POINT('',(78.3724488596488,106.828746262607,-80.9187257263711));
#2393=CARTESIAN_POINT('',(78.355733204098,106.839228898445,-81.0004590351319));
#2394=CARTESIAN_POINT('',(78.3269750405024,106.857263569922,-81.1410757077718));
#2395=CARTESIAN_POINT('',(78.273087504171,106.890911041564,-81.2766961701004));
#2396=CARTESIAN_POINT('',(78.2017991953107,106.933808390566,-81.3950309682005));
#2397=CARTESIAN_POINT('',(78.1266433841515,106.979032987872,-81.5197856142535));
#2398=CARTESIAN_POINT('',(78.0300950352586,107.035671998229,-81.6297126183897));
#2399=CARTESIAN_POINT('',(77.9215951536636,107.095995074727,-81.7182918710393));
#2400=CARTESIAN_POINT('',(77.8105284138954,107.157745256764,-81.8089667055023));
#2401=CARTESIAN_POINT('',(77.6839548330842,107.22496803533,-81.8799707655238));
#2402=CARTESIAN_POINT('',(77.5507341871524,107.291063921694,-81.927451546609));
#2403=CARTESIAN_POINT('',(77.4175954193476,107.35711918517,-81.9749031457502));
#2404=CARTESIAN_POINT('',(77.2744436363291,107.423670953708,-82.));
#2405=CARTESIAN_POINT('',(77.1310821224748,107.485220607907,-82.));
#2406=CARTESIAN_POINT('',(77.1310821224749,134.679782448158,-80.75));
#2407=CARTESIAN_POINT('',(77.1310821224748,106.079782448158,-80.75));
#2408=CARTESIAN_POINT('',(77.1310821224749,138.429782448158,-77.));
#2409=CARTESIAN_POINT('',(78.3810821224749,138.429782448158,-77.));
#2410=CARTESIAN_POINT('',(78.3810821224749,134.679782448158,-77.));
#2411=CARTESIAN_POINT('',(77.1310821224749,134.679782448158,-77.));
#2412=CARTESIAN_POINT('',(77.1310821224748,107.485220607907,-79.5));
#2413=CARTESIAN_POINT('',(77.2323619761752,107.441737947847,-79.5));
#2414=CARTESIAN_POINT('',(77.3333331033254,107.39589829825,-79.5124224319851));
#2415=CARTESIAN_POINT('',(77.4304409990148,107.34958788492,-79.5363755675512));
#2416=CARTESIAN_POINT('',(77.5668201134258,107.284549165741,-79.5700155449462));
#2417=CARTESIAN_POINT('',(77.6983454744112,107.217204426924,-79.6272232368782));
#2418=CARTESIAN_POINT('',(77.8163695596019,107.153599586991,-79.7045904493856));
#2419=CARTESIAN_POINT('',(77.9297663273955,107.092488473503,-79.7789243602764));
#2420=CARTESIAN_POINT('',(78.03345998255,107.033383858013,-79.8737625908956));
#2421=CARTESIAN_POINT('',(78.1191625350901,106.982974275806,-79.9843649053197));
#2422=CARTESIAN_POINT('',(78.2008882896574,106.934903815578,-80.0898350148474));
#2423=CARTESIAN_POINT('',(78.2682711474836,106.893613960873,-80.2127554210124));
#2424=CARTESIAN_POINT('',(78.3134004470436,106.865628324238,-80.3442619325365));
#2425=CARTESIAN_POINT('',(78.35726212201,106.838428768521,-80.4720745935059));
#2426=CARTESIAN_POINT('',(78.3810821224748,106.823279069029,-80.61216046044));
#2427=CARTESIAN_POINT('',(78.3810821224748,106.823279069029,-80.75));
#2428=CARTESIAN_POINT('',(77.1310821224749,134.679782448158,-80.75));
#2429=CARTESIAN_POINT('',(77.1310821224747,-9.55722134895371E-14,-80.75));
#2430=CARTESIAN_POINT('',(77.1310821224749,138.429782448158,-13.));
#2431=CARTESIAN_POINT('',(78.3810821224749,138.429782448158,-13.));
#2432=CARTESIAN_POINT('',(78.3810821224749,138.429782448158,-8.00000000000001));
#2433=CARTESIAN_POINT('',(77.1310821224749,138.429782448158,-8.00000000000001));
#2434=CARTESIAN_POINT('',(77.1310821224749,138.429782448158,-77.));
#2435=CARTESIAN_POINT('',(77.1310821224749,134.679782448158,-77.));
#2436=CARTESIAN_POINT('',(77.1310821224749,134.679782448158,-9.25000000000001));
#2437=CARTESIAN_POINT('',(78.3810821224749,134.679782448158,-9.25000000000001));
#2438=CARTESIAN_POINT('',(78.3810821224749,134.679782448158,-13.));
#2439=CARTESIAN_POINT('',(77.1310821224749,134.679782448158,-13.));
#2440=CARTESIAN_POINT('',(77.1310821224749,138.429782448158,-13.));
#2441=CARTESIAN_POINT('',(77.1310821224749,138.429782448158,-8.00000000000001));
#2442=CARTESIAN_POINT('',(77.1310821224748,107.485220607907,-8.00000000000001));
#2443=CARTESIAN_POINT('',(77.2323619761752,107.441737947847,-8.00000000000001));
#2444=CARTESIAN_POINT('',(77.3333331033254,107.39589829825,-8.01242243198511));
#2445=CARTESIAN_POINT('',(77.4304409990148,107.34958788492,-8.03637556755118));
#2446=CARTESIAN_POINT('',(77.5668201134258,107.284549165741,-8.07001554494618));
#2447=CARTESIAN_POINT('',(77.6983454744112,107.217204426924,-8.12722323687822));
#2448=CARTESIAN_POINT('',(77.8163695596019,107.153599586991,-8.20459044938559));
#2449=CARTESIAN_POINT('',(77.9297663273955,107.092488473503,-8.27892436027641));
#2450=CARTESIAN_POINT('',(78.03345998255,107.033383858013,-8.37376259089564));
#2451=CARTESIAN_POINT('',(78.1191625350901,106.982974275806,-8.48436490531973));
#2452=CARTESIAN_POINT('',(78.2008882896574,106.934903815578,-8.58983501484741));
#2453=CARTESIAN_POINT('',(78.2682711474836,106.893613960873,-8.71275542101242));
#2454=CARTESIAN_POINT('',(78.3134004470436,106.865628324238,-8.84426193253651));
#2455=CARTESIAN_POINT('',(78.35726212201,106.838428768521,-8.97207459350588));
#2456=CARTESIAN_POINT('',(78.3810821224748,106.823279069029,-9.11216046044004));
#2457=CARTESIAN_POINT('',(78.3810821224748,106.823279069029,-9.25000000000001));
#2458=CARTESIAN_POINT('',(78.3810821224748,106.823279069029,-9.25000000000001));
#2459=CARTESIAN_POINT('',(78.3810821224748,105.221108075465,-9.25000000000001));
#2460=CARTESIAN_POINT('',(77.1310821224747,-9.55722134895371E-14,-9.25000000000001));
#2461=CARTESIAN_POINT('',(77.1310821224749,134.679782448158,-9.25000000000001));
#2462=CARTESIAN_POINT('',(77.1310821224749,134.679782448158,-13.));
#2463=CARTESIAN_POINT('',(78.3810821224748,106.823279069029,-9.25000000000001));
#2464=CARTESIAN_POINT('',(78.3810821224748,106.823279069029,-9.33408110700752));
#2465=CARTESIAN_POINT('',(78.3724488596488,106.828746262607,-9.41872572637112));
#2466=CARTESIAN_POINT('',(78.355733204098,106.839228898445,-9.50045903513189));
#2467=CARTESIAN_POINT('',(78.3269750405024,106.857263569922,-9.64107570777179));
#2468=CARTESIAN_POINT('',(78.273087504171,106.890911041564,-9.77669617010045));
#2469=CARTESIAN_POINT('',(78.2017991953107,106.933808390566,-9.89503096820053));
#2470=CARTESIAN_POINT('',(78.1266433841515,106.979032987872,-10.0197856142535));
#2471=CARTESIAN_POINT('',(78.0300950352586,107.035671998229,-10.1297126183897));
#2472=CARTESIAN_POINT('',(77.9215951536636,107.095995074727,-10.2182918710393));
#2473=CARTESIAN_POINT('',(77.8105284138954,107.157745256764,-10.3089667055023));
#2474=CARTESIAN_POINT('',(77.6839548330842,107.22496803533,-10.3799707655238));
#2475=CARTESIAN_POINT('',(77.5507341871524,107.291063921694,-10.427451546609));
#2476=CARTESIAN_POINT('',(77.4175954193484,107.357119185169,-10.4749031457499));
#2477=CARTESIAN_POINT('',(77.274443636331,107.423670953707,-10.4999999999997));
#2478=CARTESIAN_POINT('',(77.1310821224777,107.485220607905,-10.5));
#2479=CARTESIAN_POINT('',(77.1310821224748,106.079782448158,-9.25000000000001));
#2480=CARTESIAN_POINT('',(62.6310821224748,107.485220607917,-82.));
#2481=CARTESIAN_POINT('',(62.5298022687746,107.441737947858,-82.));
#2482=CARTESIAN_POINT('',(62.4288311416245,107.395898298261,-81.9875775680149));
#2483=CARTESIAN_POINT('',(62.3317232459352,107.349587884932,-81.9636244324489));
#2484=CARTESIAN_POINT('',(62.1953441315242,107.284549165753,-81.929984455054));
#2485=CARTESIAN_POINT('',(62.0638187705388,107.217204426937,-81.8727767631219));
#2486=CARTESIAN_POINT('',(61.9457946853481,107.153599587005,-81.7954095506146));
#2487=CARTESIAN_POINT('',(61.8323979175544,107.092488473517,-81.7210756397238));
#2488=CARTESIAN_POINT('',(61.7287042623998,107.033383858027,-81.6262374091045));
#2489=CARTESIAN_POINT('',(61.6430017098597,106.982974275821,-81.5156350946805));
#2490=CARTESIAN_POINT('',(61.5612759552923,106.934903815593,-81.4101649851527));
#2491=CARTESIAN_POINT('',(61.4938930974661,106.893613960888,-81.2872445789877));
#2492=CARTESIAN_POINT('',(61.4487637979061,106.865628324253,-81.1557380674636));
#2493=CARTESIAN_POINT('',(61.4049021229397,106.838428768537,-81.0279254064942));
#2494=CARTESIAN_POINT('',(61.3810821224748,106.823279069045,-80.88783953956));
#2495=CARTESIAN_POINT('',(61.3810821224748,106.823279069045,-80.75));
#2496=CARTESIAN_POINT('',(61.3810821224748,106.823279069045,-80.75));
#2497=CARTESIAN_POINT('',(61.3810821224749,139.679782448158,-80.75));
#2498=CARTESIAN_POINT('',(61.3810821224749,134.679782448158,-80.75));
#2499=CARTESIAN_POINT('',(62.6310821224749,134.679782448158,-80.75));
#2500=CARTESIAN_POINT('',(62.6310821224749,139.679782448158,-80.75));
#2501=CARTESIAN_POINT('',(61.3810821224748,106.823279069045,-80.75));
#2502=CARTESIAN_POINT('',(61.3810821224748,106.823279069045,-80.6659188929922));
#2503=CARTESIAN_POINT('',(61.3897153853009,106.828746262622,-80.5812742736283));
#2504=CARTESIAN_POINT('',(61.4064310408518,106.839228898461,-80.4995409648673));
#2505=CARTESIAN_POINT('',(61.4351892044475,106.857263569937,-80.3589242922274));
#2506=CARTESIAN_POINT('',(61.489076740779,106.890911041579,-80.2233038298988));
#2507=CARTESIAN_POINT('',(61.5603650496394,106.933808390581,-80.1049690317988));
#2508=CARTESIAN_POINT('',(61.6355208607987,106.979032987887,-79.9802143857459));
#2509=CARTESIAN_POINT('',(61.7320692096916,107.035671998243,-79.8702873816098));
#2510=CARTESIAN_POINT('',(61.8405690912866,107.095995074741,-79.7817081289603));
#2511=CARTESIAN_POINT('',(61.9516358310548,107.157745256778,-79.6910332944973));
#2512=CARTESIAN_POINT('',(62.078209411866,107.224968035343,-79.620029234476));
#2513=CARTESIAN_POINT('',(62.2114300577979,107.291063921706,-79.5725484533908));
#2514=CARTESIAN_POINT('',(62.3445688256025,107.357119185182,-79.5250968542497));
#2515=CARTESIAN_POINT('',(62.4877206086208,107.423670953719,-79.5));
#2516=CARTESIAN_POINT('',(62.6310821224748,107.485220607917,-79.5));
#2517=CARTESIAN_POINT('',(62.6310821224749,134.679782448158,-80.75));
#2518=CARTESIAN_POINT('',(62.6310821224747,-7.76054346312059E-14,-80.75));
#2519=CARTESIAN_POINT('',(61.3810821224749,134.679782448158,-77.));
#2520=CARTESIAN_POINT('',(61.3810821224749,138.429782448158,-77.));
#2521=CARTESIAN_POINT('',(62.6310821224749,138.429782448158,-77.));
#2522=CARTESIAN_POINT('',(62.6310821224749,134.679782448158,-77.));
#2523=CARTESIAN_POINT('',(62.6310821224749,138.429782448158,-77.));
#2524=CARTESIAN_POINT('',(62.6310821224749,134.679782448158,-77.));
#2525=CARTESIAN_POINT('',(61.3810821224749,138.429782448158,-8.00000000000001));
#2526=CARTESIAN_POINT('',(61.3810821224749,138.429782448158,-13.));
#2527=CARTESIAN_POINT('',(62.6310821224749,138.429782448158,-13.));
#2528=CARTESIAN_POINT('',(62.6310821224749,138.429782448158,-8.00000000000001));
#2529=CARTESIAN_POINT('',(62.6310821224749,138.429782448158,-13.));
#2530=CARTESIAN_POINT('',(62.6310821224749,138.429782448158,-8.00000000000001));
#2531=CARTESIAN_POINT('',(61.3810821224749,134.679782448158,-13.));
#2532=CARTESIAN_POINT('',(61.3810821224749,134.679782448158,-9.25000000000001));
#2533=CARTESIAN_POINT('',(62.6310821224749,134.679782448158,-9.25000000000001));
#2534=CARTESIAN_POINT('',(62.6310821224749,134.679782448158,-13.));
#2535=CARTESIAN_POINT('',(62.6310821224749,134.679782448158,-9.25000000000001));
#2536=CARTESIAN_POINT('',(62.6310821224749,134.679782448158,-13.));
#2537=CARTESIAN_POINT('',(61.3810821224749,134.679782448158,-9.25000000000001));
#2538=CARTESIAN_POINT('',(61.3810821224748,106.823279069045,-9.25000000000001));
#2539=CARTESIAN_POINT('',(61.3810821224748,106.823279069045,-9.25000000000001));
#2540=CARTESIAN_POINT('',(61.3810821224748,106.823279069045,-9.16591889299221));
#2541=CARTESIAN_POINT('',(61.3897153853009,106.828746262622,-9.08127427362831));
#2542=CARTESIAN_POINT('',(61.4064310408518,106.839228898461,-8.99954096486727));
#2543=CARTESIAN_POINT('',(61.4351892044475,106.857263569937,-8.85892429222742));
#2544=CARTESIAN_POINT('',(61.489076740779,106.890911041579,-8.72330382989882));
#2545=CARTESIAN_POINT('',(61.5603650496394,106.933808390581,-8.60496903179876));
#2546=CARTESIAN_POINT('',(61.6355208607987,106.979032987887,-8.48021438574592));
#2547=CARTESIAN_POINT('',(61.7320692096916,107.035671998243,-8.37028738160976));
#2548=CARTESIAN_POINT('',(61.8405690912866,107.095995074741,-8.28170812896027));
#2549=CARTESIAN_POINT('',(61.9516358310548,107.157745256778,-8.19103329449733));
#2550=CARTESIAN_POINT('',(62.078209411866,107.224968035343,-8.12002923447597));
#2551=CARTESIAN_POINT('',(62.2114300577979,107.291063921706,-8.07254845339083));
#2552=CARTESIAN_POINT('',(62.3445688256025,107.357119185182,-8.02509685424973));
#2553=CARTESIAN_POINT('',(62.4877206086208,107.423670953719,-8.00000000000001));
#2554=CARTESIAN_POINT('',(62.6310821224748,107.485220607917,-8.00000000000001));
#2555=CARTESIAN_POINT('',(62.6310821224747,-7.76054346312059E-14,-9.25000000000001));
#2556=CARTESIAN_POINT('',(62.6310821224748,107.485220607917,-10.5));
#2557=CARTESIAN_POINT('',(62.5298022687746,107.441737947858,-10.5));
#2558=CARTESIAN_POINT('',(62.4288311416245,107.395898298261,-10.4875775680149));
#2559=CARTESIAN_POINT('',(62.3317232459352,107.349587884932,-10.4636244324489));
#2560=CARTESIAN_POINT('',(62.1953441315242,107.284549165753,-10.429984455054));
#2561=CARTESIAN_POINT('',(62.0638187705388,107.217204426937,-10.3727767631219));
#2562=CARTESIAN_POINT('',(61.9457946853481,107.153599587005,-10.2954095506146));
#2563=CARTESIAN_POINT('',(61.8323979175544,107.092488473517,-10.2210756397238));
#2564=CARTESIAN_POINT('',(61.7287042623998,107.033383858027,-10.1262374091046));
#2565=CARTESIAN_POINT('',(61.6430017098597,106.982974275821,-10.0156350946805));
#2566=CARTESIAN_POINT('',(61.5612759552923,106.934903815593,-9.91016498515275));
#2567=CARTESIAN_POINT('',(61.4938930974661,106.893613960888,-9.7872445789877));
#2568=CARTESIAN_POINT('',(61.4487637979061,106.865628324253,-9.6557380674636));
#2569=CARTESIAN_POINT('',(61.4049021229397,106.838428768537,-9.52792540649419));
#2570=CARTESIAN_POINT('',(61.3810821224748,106.823279069045,-9.38783953956));
#2571=CARTESIAN_POINT('',(61.3810821224748,106.823279069045,-9.25000000000001));
#2572=CARTESIAN_POINT('',(62.6310821224749,139.679782448158,-9.25000000000001));
#2573=CARTESIAN_POINT('',(77.1310821224749,107.485220607907,-84.));
#2574=CARTESIAN_POINT('',(80.3810821224748,106.823279069029,-80.75));
#2575=CARTESIAN_POINT('',(79.9091720101138,104.879751131013,-80.75));
#2576=CARTESIAN_POINT('',(78.3810821224748,105.250788282817,-80.75));
#2577=CARTESIAN_POINT('',(78.3810821224748,106.823279069029,-80.75));
#2578=CARTESIAN_POINT('',(79.9091720016931,104.879751133057,-81.6194690734119));
#2579=CARTESIAN_POINT('',(78.3810821169423,105.250788283853,-81.1908959902144));
#2580=CARTESIAN_POINT('',(78.3810821224748,106.823279071177,-81.0844111825522));
#2581=CARTESIAN_POINT('',(79.5647159194416,104.966043528613,-82.4619111435717));
#2582=CARTESIAN_POINT('',(78.1409474560068,105.295046082872,-81.6039608810521));
#2583=CARTESIAN_POINT('',(78.2423645108213,106.91363228687,-81.4084273622946));
#2584=CARTESIAN_POINT('',(78.4166700612748,105.217975351698,-83.653796931259));
#2585=CARTESIAN_POINT('',(77.4919446261783,105.403612955977,-82.0533683679238));
#2586=CARTESIAN_POINT('',(77.780029301927,107.1774197221,-81.8668449741787));
#2587=CARTESIAN_POINT('',(77.6142192180918,105.378357590012,-83.9999999858755));
#2588=CARTESIAN_POINT('',(77.0960799571352,105.463916688507,-82.081907248934));
#2589=CARTESIAN_POINT('',(77.4564425209714,107.345533047264,-81.9999999999999));
#2590=CARTESIAN_POINT('',(76.8052394258454,105.511942488367,-84.));
#2591=CARTESIAN_POINT('',(76.8052394258446,105.511942488367,-82.0000000000001));
#2592=CARTESIAN_POINT('',(77.1310821224753,107.485220607906,-82.));
#2593=CARTESIAN_POINT('',(77.1310821224749,107.485220607907,-77.5));
#2594=CARTESIAN_POINT('',(76.8052394258442,105.511942488367,-77.5));
#2595=CARTESIAN_POINT('',(76.8052394258442,105.511942488367,-79.5));
#2596=CARTESIAN_POINT('',(77.1310821224748,107.485220607907,-79.5));
#2597=CARTESIAN_POINT('',(77.6197719959583,105.377440673083,-77.5000000102807));
#2598=CARTESIAN_POINT('',(77.098213364173,105.463564404029,-79.417491934066));
#2599=CARTESIAN_POINT('',(77.4587049743577,107.344561704413,-79.5));
#2600=CARTESIAN_POINT('',(78.4192422766299,105.217431214297,-77.8481146376919));
#2601=CARTESIAN_POINT('',(77.4933497875116,105.403384195854,-79.4472307941426));
#2602=CARTESIAN_POINT('',(77.7810651703049,107.176849978397,-79.6338902458308));
#2603=CARTESIAN_POINT('',(79.564956801108,104.965970298681,-79.0390996719839));
#2604=CARTESIAN_POINT('',(78.1411830961016,105.29500061353,-79.8965614214588));
#2605=CARTESIAN_POINT('',(78.2424615186195,106.91355561066,-80.0919614117369));
#2606=CARTESIAN_POINT('',(79.9091719964091,104.87975113434,-79.8897359701421));
#2607=CARTESIAN_POINT('',(78.3810821134882,105.250788284451,-80.3135769268634));
#2608=CARTESIAN_POINT('',(78.3810821224748,106.823279072515,-80.4191292196872));
#2609=CARTESIAN_POINT('',(79.9091720101138,104.879751131013,-80.75));
#2610=CARTESIAN_POINT('',(78.3810821224748,105.250788282817,-80.75));
#2611=CARTESIAN_POINT('',(78.3810821224748,106.823279069029,-80.75));
#2612=CARTESIAN_POINT('',(62.6310821224748,107.485220607917,-84.));
#2613=CARTESIAN_POINT('',(69.8810821224431,63.5797824481577,-84.));
#2614=CARTESIAN_POINT('',(62.6310821224748,107.485220607917,-77.5));
#2615=CARTESIAN_POINT('',(69.8810821224431,63.5797824481577,-77.5));
#2616=CARTESIAN_POINT('',(59.3810821224748,106.823279069045,-80.75));
#2617=CARTESIAN_POINT('',(62.9569248191026,105.511942488377,-84.));
#2618=CARTESIAN_POINT('',(62.9569248191026,105.511942488377,-82.));
#2619=CARTESIAN_POINT('',(62.6310821224748,107.485220607917,-82.));
#2620=CARTESIAN_POINT('',(62.1423922489882,105.377440673094,-83.9999999897193));
#2621=CARTESIAN_POINT('',(62.6639508807696,105.463564404024,-82.0825080659129));
#2622=CARTESIAN_POINT('',(62.303459270594,107.344561704424,-82.));
#2623=CARTESIAN_POINT('',(61.3429219683169,105.217431214309,-83.6518853623019));
#2624=CARTESIAN_POINT('',(62.2688144574362,105.403384195871,-82.0527692058558));
#2625=CARTESIAN_POINT('',(61.9810990746417,107.176849978411,-81.8661097541662));
#2626=CARTESIAN_POINT('',(60.1972074438386,104.965970298695,-82.460900328022));
#2627=CARTESIAN_POINT('',(61.6209811488462,105.295000613536,-81.6034385785396));
#2628=CARTESIAN_POINT('',(61.5197027263332,106.913555610674,-81.408038588266));
#2629=CARTESIAN_POINT('',(59.8529922485449,104.879751134357,-81.6102640298531));
#2630=CARTESIAN_POINT('',(61.3810821314705,105.250788284452,-81.1864230731353));
#2631=CARTESIAN_POINT('',(61.3810821224748,106.823279072531,-81.0808707803105));
#2632=CARTESIAN_POINT('',(59.852992234833,104.879751131027,-80.75));
#2633=CARTESIAN_POINT('',(61.3810821224748,105.25078828283,-80.75));
#2634=CARTESIAN_POINT('',(61.3810821224748,106.823279069045,-80.75));
#2635=CARTESIAN_POINT('',(59.852992234833,104.879751131027,-80.75));
#2636=CARTESIAN_POINT('',(61.3810821224748,105.25078828283,-80.75));
#2637=CARTESIAN_POINT('',(61.3810821224748,106.823279069045,-80.75));
#2638=CARTESIAN_POINT('',(59.8529922432396,104.879751133069,-79.8805309265837));
#2639=CARTESIAN_POINT('',(61.3810821279799,105.250788283853,-80.3091040097896));
#2640=CARTESIAN_POINT('',(61.3810821224748,106.82327907118,-80.4155888174489));
#2641=CARTESIAN_POINT('',(60.197448325505,104.966043528627,-79.0380888564343));
#2642=CARTESIAN_POINT('',(61.6212167889394,105.295046082883,-79.8960391189429));
#2643=CARTESIAN_POINT('',(61.5197997341299,106.913632286884,-80.0915726377039));
#2644=CARTESIAN_POINT('',(61.345494183672,105.217975351711,-77.8462030687353));
#2645=CARTESIAN_POINT('',(62.2702196187737,105.403612955989,-79.4466316320831));
#2646=CARTESIAN_POINT('',(61.9821349430211,107.177419722114,-79.6331550258228));
#2647=CARTESIAN_POINT('',(62.1479450268539,105.378357590023,-77.5000000141245));
#2648=CARTESIAN_POINT('',(62.6660842878077,105.463916688492,-79.4180927510847));
#2649=CARTESIAN_POINT('',(62.3057217239826,107.345533047267,-79.5));
#2650=CARTESIAN_POINT('',(62.9569248191026,105.511942488377,-77.5));
#2651=CARTESIAN_POINT('',(62.9569248191026,105.511942488377,-79.5));
#2652=CARTESIAN_POINT('',(62.6310821224748,107.485220607917,-79.5));
#2653=CARTESIAN_POINT('',(59.3810821224748,106.823279069045,-9.25));
#2654=CARTESIAN_POINT('',(62.6310821224748,107.485220607917,-12.5));
#2655=CARTESIAN_POINT('',(62.9569248191026,105.511942488377,-12.5));
#2656=CARTESIAN_POINT('',(62.9569248191026,105.511942488377,-10.5));
#2657=CARTESIAN_POINT('',(62.6310821224748,107.485220607917,-10.5));
#2658=CARTESIAN_POINT('',(62.1423922489883,105.377440673094,-12.4999999897216));
#2659=CARTESIAN_POINT('',(62.6639508807612,105.463564404046,-10.5825080658936));
#2660=CARTESIAN_POINT('',(62.3034592705926,107.344561704424,-10.5));
#2661=CARTESIAN_POINT('',(61.3429219683168,105.217431214309,-12.1518853623049));
#2662=CARTESIAN_POINT('',(62.2688144574361,105.403384195871,-10.5527692058572));
#2663=CARTESIAN_POINT('',(61.9810990746439,107.176849978411,-10.3661097541684));
#2664=CARTESIAN_POINT('',(60.1972074438386,104.965970298695,-10.960900328019));
#2665=CARTESIAN_POINT('',(61.6209811488461,105.295000613536,-10.1034385785381));
#2666=CARTESIAN_POINT('',(61.5197027263309,106.913555610674,-9.90803858826383));
#2667=CARTESIAN_POINT('',(59.8529922485449,104.879751134357,-10.1102640298553));
#2668=CARTESIAN_POINT('',(61.3810821314705,105.250788284452,-9.68642307313634));
#2669=CARTESIAN_POINT('',(61.3810821224748,106.823279072531,-9.58087078031216));
#2670=CARTESIAN_POINT('',(59.852992234833,104.879751131027,-9.25));
#2671=CARTESIAN_POINT('',(61.3810821224748,105.25078828283,-9.25000000000001));
#2672=CARTESIAN_POINT('',(61.3810821224748,106.823279069045,-9.25000000000001));
#2673=CARTESIAN_POINT('',(77.1310821224761,107.485220607906,-12.5));
#2674=CARTESIAN_POINT('',(69.8810821224431,63.5797824481577,-12.5));
#2675=CARTESIAN_POINT('',(62.6310821224748,107.485220607917,-6.00000000000001));
#2676=CARTESIAN_POINT('',(59.852992234833,104.879751131027,-9.25000000000001));
#2677=CARTESIAN_POINT('',(61.3810821224748,105.25078828283,-9.25000000000001));
#2678=CARTESIAN_POINT('',(61.3810821224748,106.823279069045,-9.25000000000001));
#2679=CARTESIAN_POINT('',(59.8529922432396,104.879751133069,-8.38053092658628));
#2680=CARTESIAN_POINT('',(61.3810821279799,105.250788283853,-8.80910400978927));
#2681=CARTESIAN_POINT('',(61.3810821224748,106.82327907118,-8.91558881745032));
#2682=CARTESIAN_POINT('',(60.197448325505,104.966043528627,-7.53808885643093));
#2683=CARTESIAN_POINT('',(61.6212167889421,105.295046082883,-8.39603911894375));
#2684=CARTESIAN_POINT('',(61.5197997341317,106.913632286884,-8.5915726377021));
#2685=CARTESIAN_POINT('',(61.345494183672,105.217975351711,-6.34620306873868));
#2686=CARTESIAN_POINT('',(62.2702196187705,105.403612955989,-7.94663163208245));
#2687=CARTESIAN_POINT('',(61.9821349430192,107.177419722114,-8.13315502582468));
#2688=CARTESIAN_POINT('',(62.1479450268538,105.378357590023,-6.00000001411554));
#2689=CARTESIAN_POINT('',(62.6660842878066,105.463916688491,-7.91809275109803));
#2690=CARTESIAN_POINT('',(62.3057217239838,107.345533047267,-8.00000000000001));
#2691=CARTESIAN_POINT('',(62.9569248191026,105.511942488377,-6.00000000000001));
#2692=CARTESIAN_POINT('',(62.9569248191026,105.511942488377,-8.00000000000001));
#2693=CARTESIAN_POINT('',(62.6310821224748,107.485220607917,-8.00000000000001));
#2694=CARTESIAN_POINT('',(80.3810821224748,106.823279069029,-9.25000000000001));
#2695=CARTESIAN_POINT('',(79.9091720101138,104.879751131013,-9.25));
#2696=CARTESIAN_POINT('',(78.3810821224748,105.250788282817,-9.25000000000001));
#2697=CARTESIAN_POINT('',(78.3810821224748,106.823279069029,-9.25000000000001));
#2698=CARTESIAN_POINT('',(79.9091720016931,104.879751133057,-10.1194690734122));
#2699=CARTESIAN_POINT('',(78.3810821169423,105.250788283853,-9.69089599020952));
#2700=CARTESIAN_POINT('',(78.3810821224748,106.823279071177,-9.5844111825513));
#2701=CARTESIAN_POINT('',(79.5647159194419,104.966043528613,-10.9619111435707));
#2702=CARTESIAN_POINT('',(78.1409474560125,105.295046082866,-10.1039608810587));
#2703=CARTESIAN_POINT('',(78.2423645108202,106.91363228687,-9.90842736229555));
#2704=CARTESIAN_POINT('',(78.4166700612754,105.217975351698,-12.1537969312591));
#2705=CARTESIAN_POINT('',(77.4919446261722,105.403612955983,-10.553368367917));
#2706=CARTESIAN_POINT('',(77.7800293019284,107.1774197221,-10.3668449741775));
#2707=CARTESIAN_POINT('',(77.614219218094,105.378357590012,-12.499999985886));
#2708=CARTESIAN_POINT('',(77.0960799571438,105.463916688496,-10.5819072489206));
#2709=CARTESIAN_POINT('',(77.4564425209745,107.345533047271,-10.4999999999999));
#2710=CARTESIAN_POINT('',(76.8052394258454,105.511942488367,-12.5));
#2711=CARTESIAN_POINT('',(76.8052394258446,105.511942488367,-10.5000000000001));
#2712=CARTESIAN_POINT('',(77.1310821224753,107.485220607906,-10.5));
#2713=CARTESIAN_POINT('',(77.1310821224748,107.485220607907,-6.00000000000001));
#2714=CARTESIAN_POINT('',(69.8810821224431,63.5797824481577,-6.00000000000001));
#2715=CARTESIAN_POINT('',(76.8052394258442,105.511942488367,-6.00000000000001));
#2716=CARTESIAN_POINT('',(76.8052394258442,105.511942488367,-8.00000000000002));
#2717=CARTESIAN_POINT('',(77.1310821224748,107.485220607907,-8.00000000000001));
#2718=CARTESIAN_POINT('',(77.6197719959584,105.377440673083,-6.00000001027695));
#2719=CARTESIAN_POINT('',(77.0982133641779,105.463564404028,-7.91749193408344));
#2720=CARTESIAN_POINT('',(77.4587049743572,107.344561704413,-8.00000000000001));
#2721=CARTESIAN_POINT('',(78.4192422766299,105.217431214297,-6.34811463769307));
#2722=CARTESIAN_POINT('',(77.4933497875116,105.403384195854,-7.9472307941456));
#2723=CARTESIAN_POINT('',(77.7810651703056,107.176849978397,-8.13389024583151));
#2724=CARTESIAN_POINT('',(79.564956801108,104.965970298681,-7.53909967198281));
#2725=CARTESIAN_POINT('',(78.1411830961016,105.29500061353,-8.3965614214559));
#2726=CARTESIAN_POINT('',(78.2424615186187,106.91355561066,-8.59196141173615));
#2727=CARTESIAN_POINT('',(79.9091719964091,104.87975113434,-8.38973597014297));
#2728=CARTESIAN_POINT('',(78.3810821134882,105.250788284451,-8.81357692686561));
#2729=CARTESIAN_POINT('',(78.3810821224748,106.823279072515,-8.91912921968777));
#2730=CARTESIAN_POINT('',(79.9091720101138,104.879751131013,-9.25000000000001));
#2731=CARTESIAN_POINT('',(78.3810821224748,105.250788282817,-9.25000000000001));
#2732=CARTESIAN_POINT('',(78.3810821224748,106.823279069029,-9.25000000000001));
#2733=MECHANICAL_DESIGN_GEOMETRIC_PRESENTATION_REPRESENTATION('',(#32),
#2734);
#2734=(
GEOMETRIC_REPRESENTATION_CONTEXT(3)
GLOBAL_UNCERTAINTY_ASSIGNED_CONTEXT((#2735))
GLOBAL_UNIT_ASSIGNED_CONTEXT((#2741,#2737,#2736))
REPRESENTATION_CONTEXT('\X2\676F5B50\X0\','TOP_LEVEL_ASSEMBLY_PART')
);
#2735=UNCERTAINTY_MEASURE_WITH_UNIT(LENGTH_MEASURE(0.0508),#2741,
'DISTANCE_ACCURACY_VALUE','Maximum Tolerance applied to model');
#2736=(
NAMED_UNIT(*)
SI_UNIT($,.STERADIAN.)
SOLID_ANGLE_UNIT()
);
#2737=(
CONVERSION_BASED_UNIT('DEGREE',#2739)
NAMED_UNIT(#2738)
PLANE_ANGLE_UNIT()
);
#2738=DIMENSIONAL_EXPONENTS(0.,0.,0.,0.,0.,0.,0.);
#2739=PLANE_ANGLE_MEASURE_WITH_UNIT(PLANE_ANGLE_MEASURE(0.0174532925),#2740);
#2740=(
NAMED_UNIT(*)
PLANE_ANGLE_UNIT()
SI_UNIT($,.RADIAN.)
);
#2741=(
LENGTH_UNIT()
NAMED_UNIT(*)
SI_UNIT(.MILLI.,.METRE.)
);
ENDSEC;
END-ISO-10303-21;
