t,tilt,V,Q_want,Q,h_max,h_bar,z_tip,U_perp,u_h,d0,d_hit,x_hit,y_hit,label
0.00833333,0.00872665,0.0002,1.5e-05,0,-0.0352273,0,0.015,nan,nan,nan,nan,nan,nan,disc: low, 15 mL/s
0.0166667,0.0174533,0.0002,1.5e-05,0,-0.0348332,0,0.015,nan,nan,nan,nan,nan,nan,disc: low, 15 mL/s
0.025,0.0261799,0.0002,1.5e-05,0,-0.0344365,0,0.015,nan,nan,nan,nan,nan,nan,disc: low, 15 mL/s
0.0333333,0.0349066,0.0002,1.5e-05,0,-0.0340371,0,0.015,nan,nan,nan,nan,nan,nan,disc: low, 15 mL/s
0.0416667,0.0436332,0.0002,1.5e-05,0,-0.0336685,0,0.015,nan,nan,nan,nan,nan,nan,disc: low, 15 mL/s
0.05,0.0523599,0.0002,1.5e-05,0,-0.0333906,0,0.015,nan,nan,nan,nan,nan,nan,disc: low, 15 mL/s
0.0583333,0.0610865,0.0002,1.5e-05,0,-0.0331426,0,0.015,nan,nan,nan,nan,nan,nan,disc: low, 15 mL/s
0.0666667,0.0698132,0.0002,1.5e-05,0,-0.032842,0,0.015,nan,nan,nan,nan,nan,nan,disc: low, 15 mL/s
0.075,0.0785398,0.0002,1.5e-05,0,-0.0325083,0,0.015,nan,nan,nan,nan,nan,nan,disc: low, 15 mL/s
0.0833333,0.0872665,0.0002,1.5e-05,0,-0.0321801,0,0.015,nan,nan,nan,nan,nan,nan,disc: low, 15 mL/s
0.0916667,0.0959931,0.0002,1.5e-05,0,-0.0318152,0,0.015,nan,nan,nan,nan,nan,nan,disc: low, 15 mL/s
0.1,0.10472,0.0002,1.5e-05,0,-0.0315091,0,0.015,nan,nan,nan,nan,nan,nan,disc: low, 15 mL/s
0.108333,0.113446,0.0002,1.5e-05,0,-0.0312264,0,0.015,nan,nan,nan,nan,nan,nan,disc: low, 15 mL/s
0.116667,0.122173,0.0002,1.5e-05,0,-0.0308816,0,0.015,nan,nan,nan,nan,nan,nan,disc: low, 15 mL/s
0.125,0.1309,0.0002,1.5e-05,0,-0.0305424,0,0.015,nan,nan,nan,nan,nan,nan,disc: low, 15 mL/s
0.133333,0.139626,0.0002,1.5e-05,0,-0.0301882,0,0.015,nan,nan,nan,nan,nan,nan,disc: low, 15 mL/s
0.141667,0.148353,0.0002,1.5e-05,0,-0.029827,0,0.015,nan,nan,nan,nan,nan,nan,disc: low, 15 mL/s
0.15,0.15708,0.0002,1.5e-05,0,-0.0294837,0,0.015,nan,nan,nan,nan,nan,nan,disc: low, 15 mL/s
0.158333,0.165806,0.0002,1.5e-05,0,-0.0291522,0,0.015,nan,nan,nan,nan,nan,nan,disc: low, 15 mL/s
0.166667,0.174533,0.0002,1.5e-05,0,-0.0288168,0,0.015,nan,nan,nan,nan,nan,nan,disc: low, 15 mL/s
0.175,0.18326,0.0002,1.5e-05,0,-0.0284495,0,0.015,nan,nan,nan,nan,nan,nan,disc: low, 15 mL/s
0.183333,0.191986,0.0002,1.5e-05,0,-0.0280854,0,0.015,nan,nan,nan,nan,nan,nan,disc: low, 15 mL/s
0.191667,0.200713,0.0002,1.5e-05,0,-0.0277264,0,0.015,nan,nan,nan,nan,nan,nan,disc: low, 15 mL/s
0.2,0.20944,0.0002,1.5e-05,0,-0.0273454,0,0.015,nan,nan,nan,nan,nan,nan,disc: low, 15 mL/s
0.208333,0.218166,0.0002,1.5e-05,0,-0.0270021,0,0.015,nan,nan,nan,nan,nan,nan,disc: low, 15 mL/s
0.216667,0.226893,0.0002,1.5e-05,0,-0.0266534,0,0.015,nan,nan,nan,nan,nan,nan,disc: low, 15 mL/s
0.225,0.235619,0.0002,1.5e-05,0,-0.0262822,0,0.015,nan,nan,nan,nan,nan,nan,disc: low, 15 mL/s
0.233333,0.244346,0.0002,1.5e-05,0,-0.025913,0,0.015,nan,nan,nan,nan,nan,nan,disc: low, 15 mL/s
0.241667,0.253073,0.0002,1.5e-05,0,-0.0255237,0,0.015,nan,nan,nan,nan,nan,nan,disc: low, 15 mL/s
0.25,0.261799,0.0002,1.5e-05,0,-0.0251808,0,0.015,nan,nan,nan,nan,nan,nan,disc: low, 15 mL/s
0.258333,0.270526,0.0002,1.5e-05,0,-0.0247847,0,0.015,nan,nan,nan,nan,nan,nan,disc: low, 15 mL/s
0.266667,0.279253,0.0002,1.5e-05,0,-0.0244059,0,0.015,nan,nan,nan,nan,nan,nan,disc: low, 15 mL/s
0.275,0.287979,0.0002,1.5e-05,0,-0.0240209,0,0.015,nan,nan,nan,nan,nan,nan,disc: low, 15 mL/s
0.283333,0.296706,0.0002,1.5e-05,0,-0.0236189,0,0.015,nan,nan,nan,nan,nan,nan,disc: low, 15 mL/s
0.291667,0.305433,0.0002,1.5e-05,0,-0.0232344,0,0.015,nan,nan,nan,nan,nan,nan,disc: low, 15 mL/s
0.3,0.314159,0.0002,1.5e-05,0,-0.0228132,0,0.015,nan,nan,nan,nan,nan,nan,disc: low, 15 mL/s
0.308333,0.322886,0.0002,1.5e-05,0,-0.0224263,0,0.015,nan,nan,nan,nan,nan,nan,disc: low, 15 mL/s
0.316667,0.331613,0.0002,1.5e-05,0,-0.0220223,0,0.015,nan,nan,nan,nan,nan,nan,disc: low, 15 mL/s
0.325,0.340339,0.0002,1.5e-05,0,-0.0216523,0,0.015,nan,nan,nan,nan,nan,nan,disc: low, 15 mL/s
0.333333,0.349066,0.0002,1.5e-05,0,-0.0212673,0,0.015,nan,nan,nan,nan,nan,nan,disc: low, 15 mL/s
0.341667,0.357792,0.0002,1.5e-05,0,-0.0208586,0,0.015,nan,nan,nan,nan,nan,nan,disc: low, 15 mL/s
0.35,0.366519,0.0002,1.5e-05,0,-0.0204686,0,0.015,nan,nan,nan,nan,nan,nan,disc: low, 15 mL/s
0.358333,0.375246,0.0002,1.5e-05,0,-0.0200717,0,0.015,nan,nan,nan,nan,nan,nan,disc: low, 15 mL/s
0.366667,0.383972,0.0002,1.5e-05,0,-0.0196807,0,0.015,nan,nan,nan,nan,nan,nan,disc: low, 15 mL/s
0.375,0.392699,0.0002,1.5e-05,0,-0.0192748,0,0.015,nan,nan,nan,nan,nan,nan,disc: low, 15 mL/s
0.383333,0.401426,0.0002,1.5e-05,0,-0.0188547,0,0.015,nan,nan,nan,nan,nan,nan,disc: low, 15 mL/s
0.391667,0.410152,0.0002,1.5e-05,0,-0.0184397,0,0.015,nan,nan,nan,nan,nan,nan,disc: low, 15 mL/s
0.4,0.418879,0.0002,1.5e-05,0,-0.0180287,0,0.015,nan,nan,nan,nan,nan,nan,disc: low, 15 mL/s
0.408333,0.427606,0.0002,1.5e-05,0,-0.017618,0,0.015,nan,nan,nan,nan,nan,nan,disc: low, 15 mL/s
0.416667,0.436332,0.0002,1.5e-05,0,-0.0172269,0,0.015,nan,nan,nan,nan,nan,nan,disc: low, 15 mL/s
0.425,0.445059,0.0002,1.5e-05,0,-0.0167892,0,0.015,nan,nan,nan,nan,nan,nan,disc: low, 15 mL/s
0.433333,0.453786,0.0002,1.5e-05,0,-0.0163786,0,0.015,nan,nan,nan,nan,nan,nan,disc: low, 15 mL/s
0.441667,0.462512,0.0002,1.5e-05,0,-0.015975,0,0.015,nan,nan,nan,nan,nan,nan,disc: low, 15 mL/s
0.45,0.471239,0.0002,1.5e-05,0,-0.0155343,0,0.015,nan,nan,nan,nan,nan,nan,disc: low, 15 mL/s
0.458333,0.479966,0.0002,1.5e-05,0,-0.0151205,0,0.015,nan,nan,nan,nan,nan,nan,disc: low, 15 mL/s
0.466667,0.488692,0.0002,1.5e-05,0,-0.014727,0,0.015,nan,nan,nan,nan,nan,nan,disc: low, 15 mL/s
0.475,0.497419,0.0002,1.5e-05,0,-0.0142849,0,0.015,nan,nan,nan,nan,nan,nan,disc: low, 15 mL/s
0.483333,0.506145,0.0002,1.5e-05,0,-0.0138548,0,0.015,nan,nan,nan,nan,nan,nan,disc: low, 15 mL/s
0.491667,0.514872,0.0002,1.5e-05,0,-0.0133995,0,0.015,nan,nan,nan,nan,nan,nan,disc: low, 15 mL/s
0.5,0.523599,0.0002,1.5e-05,0,-0.0130049,0,0.015,nan,nan,nan,nan,nan,nan,disc: low, 15 mL/s
0.508333,0.532325,0.0002,1.5e-05,0,-0.0125421,0,0.015,nan,nan,nan,nan,nan,nan,disc: low, 15 mL/s
0.516667,0.541052,0.0002,1.5e-05,0,-0.0121249,0,0.015,nan,nan,nan,nan,nan,nan,disc: low, 15 mL/s
0.525,0.549779,0.0002,1.5e-05,0,-0.0116835,0,0.015,nan,nan,nan,nan,nan,nan,disc: low, 15 mL/s
0.533333,0.558505,0.0002,1.5e-05,0,-0.0112531,0,0.015,nan,nan,nan,nan,nan,nan,disc: low, 15 mL/s
0.541667,0.567232,0.0002,1.5e-05,0,-0.0108434,0,0.015,nan,nan,nan,nan,nan,nan,disc: low, 15 mL/s
0.55,0.575959,0.0002,1.5e-05,0,-0.0103638,0,0.015,nan,nan,nan,nan,nan,nan,disc: low, 15 mL/s
0.558333,0.584685,0.0002,1.5e-05,0,-0.00992985,0,0.015,nan,nan,nan,nan,nan,nan,disc: low, 15 mL/s
0.566667,0.593412,0.0002,1.5e-05,0,-0.00950658,0,0.015,nan,nan,nan,nan,nan,nan,disc: low, 15 mL/s
0.575,0.602139,0.0002,1.5e-05,0,-0.00907731,0,0.015,nan,nan,nan,nan,nan,nan,disc: low, 15 mL/s
0.583333,0.610865,0.0002,1.5e-05,0,-0.00864897,0,0.015,nan,nan,nan,nan,nan,nan,disc: low, 15 mL/s
0.591667,0.619592,0.0002,1.5e-05,0,-0.00821572,0,0.015,nan,nan,nan,nan,nan,nan,disc: low, 15 mL/s
0.6,0.628319,0.0002,1.5e-05,0,-0.00775475,0,0.015,nan,nan,nan,nan,nan,nan,disc: low, 15 mL/s
0.608333,0.637045,0.0002,1.5e-05,0,-0.00732948,0,0.015,nan,nan,nan,nan,nan,nan,disc: low, 15 mL/s
0.616667,0.645772,0.0002,1.5e-05,0,-0.00688201,0,0.015,nan,nan,nan,nan,nan,nan,disc: low, 15 mL/s
0.625,0.654498,0.0002,1.5e-05,0,-0.00645141,0,0.015,nan,nan,nan,nan,nan,nan,disc: low, 15 mL/s
0.633333,0.663225,0.0002,1.5e-05,0,-0.00600811,0,0.015,nan,nan,nan,nan,nan,nan,disc: low, 15 mL/s
0.641667,0.671952,0.0002,1.5e-05,0,-0.00558202,0,0.015,nan,nan,nan,nan,nan,nan,disc: low, 15 mL/s
0.65,0.680678,0.0002,1.5e-05,0,-0.00511731,0,0.015,nan,nan,nan,nan,nan,nan,disc: low, 15 mL/s
0.658333,0.689405,0.0002,1.5e-05,0,-0.00469228,0,0.015,nan,nan,nan,nan,nan,nan,disc: low, 15 mL/s
0.666667,0.698132,0.0002,1.5e-05,0,-0.00426199,0,0.015,nan,nan,nan,nan,nan,nan,disc: low, 15 mL/s
0.675,0.706858,0.0002,1.5e-05,0,-0.00383618,0,0.015,nan,nan,nan,nan,nan,nan,disc: low, 15 mL/s
0.683333,0.715585,0.0002,1.5e-05,0,-0.00337245,0,0.015,nan,nan,nan,nan,nan,nan,disc: low, 15 mL/s
0.691667,0.724312,0.0002,1.5e-05,0,-0.00292981,0,0.015,nan,nan,nan,nan,nan,nan,disc: low, 15 mL/s
0.7,0.733038,0.0002,1.5e-05,0,-0.00247652,0,0.015,nan,nan,nan,nan,nan,nan,disc: low, 15 mL/s
0.708333,0.741765,0.0002,1.5e-05,0,-0.00203576,0,0.015,nan,nan,nan,nan,nan,nan,disc: low, 15 mL/s
0.716667,0.750492,0.0002,1.5e-05,0,-0.0016175,0,0.015,nan,nan,nan,nan,nan,nan,disc: low, 15 mL/s
0.725,0.759218,0.0002,1.5e-05,0,-0.00116416,0,0.015,nan,nan,nan,nan,nan,nan,disc: low, 15 mL/s
0.733333,0.767945,0.0002,1.5e-05,0,-0.000705077,0,0.015,nan,nan,nan,nan,nan,nan,disc: low, 15 mL/s
0.741667,0.776672,0.0002,1.5e-05,0,-0.000263372,0,0.015,nan,nan,nan,nan,nan,nan,disc: low, 15 mL/s
0.75,0.785398,0.0002,1.5e-05,0,0.000179933,0,0.015,nan,nan,nan,nan,nan,nan,disc: low, 15 mL/s
0.758333,0.794125,0.0002,1.5e-05,0,0.000604415,0,0.015,nan,nan,nan,nan,nan,nan,disc: low, 15 mL/s
0.766667,0.802851,0.0002,1.5e-05,0,0.00105454,0.000201457,0.015,nan,nan,nan,nan,nan,nan,disc: low, 15 mL/s
0.775,0.811578,0.0002,1.5e-05,0,0.00146162,0.000523837,0.015,nan,nan,nan,nan,nan,nan,disc: low, 15 mL/s
0.783333,0.820305,0.0002,1.5e-05,0,0.00195196,0.000894302,0.015,nan,nan,nan,nan,nan,nan,disc: low, 15 mL/s
0.791667,0.829031,0.0002,1.5e-05,0,0.00237734,0.00120394,0.015,nan,nan,nan,nan,nan,nan,disc: low, 15 mL/s
0.8,0.837758,0.0002,1.5e-05,3.0909e-08,0.00282136,0.00152855,0.015,0.573198,0.0917696,0.000476708,0.000260374,9.22867e-19,0.0114451,disc: low, 15 mL/s
0.808333,0.839527,0.000199999,1.5e-05,6.2756e-08,0.00292691,0.00160387,0.015,0.574682,0.0937372,0.000671144,0.00037044,6.55911e-20,0.0156166,disc: low, 15 mL/s
0.816667,0.841319,0.000199998,1.5e-05,9.54149e-08,0.00302499,0.00167479,0.015,0.576061,0.0955111,0.000818651,0.000456126,-6.17034e-20,0.0156191,disc: low, 15 mL/s
0.825,0.843135,0.000199997,1.5e-05,1.28709e-07,0.00311568,0.0017416,0.015,0.577334,0.0971122,0.000941561,0.000529075,3.64105e-19,0.0156209,disc: low, 15 mL/s
0.833333,0.844974,0.000199996,1.5e-05,1.62788e-07,0.00320494,0.00180535,0.015,0.578599,0.098579,0.00104942,0.000594251,-2.52654e-19,0.0156183,disc: low, 15 mL/s
0.841667,0.846836,0.000199994,1.5e-05,1.97616e-07,0.00329056,0.00186683,0.015,0.579814,0.0999397,0.00114661,0.000653948,-6.6757e-20,0.0156165,disc: low, 15 mL/s
0.85,0.848721,0.000199992,1.5e-05,2.34261e-07,0.00339513,0.00194348,0.015,0.581281,0.101657,0.00123591,0.000710954,1.24854e-20,0.0155975,disc: low, 15 mL/s
0.858333,0.850628,0.00019999,1.5e-05,2.71855e-07,0.00348029,0.00200454,0.015,0.582492,0.102918,0.00132113,0.000764963,1.58699e-19,0.0156076,disc: low, 15 mL/s
0.866667,0.852558,0.000199988,1.5e-05,3.11866e-07,0.003589,0.00208252,0.015,0.584025,0.104567,0.00140158,0.000818083,-4.18429e-19,0.015586,disc: low, 15 mL/s
0.875,0.854509,0.000199985,1.5e-05,3.53698e-07,0.00368649,0.00215374,0.015,0.585401,0.105997,0.00148012,0.000870046,-1.75175e-20,0.0155892,disc: low, 15 mL/s
0.883333,0.856483,0.000199981,1.5e-05,3.97617e-07,0.00378569,0.00222494,0.015,0.586808,0.107381,0.00155662,0.00092122,-3.52116e-20,0.0155833,disc: low, 15 mL/s
0.891667,0.858478,0.000199978,1.5e-05,4.43331e-07,0.00387877,0.00229169,0.015,0.588133,0.108617,0.00163157,0.000971494,1.92031e-19,0.0155823,disc: low, 15 mL/s
0.9,0.860494,0.000199973,1.5e-05,4.91401e-07,0.00397901,0.00236471,0.015,0.589551,0.109961,0.00170433,0.00102141,-8.26805e-19,0.0155724,disc: low, 15 mL/s
0.908333,0.862531,0.000199969,1.5e-05,5.4198e-07,0.00407945,0.00243681,0.015,0.590978,0.111241,0.00177651,0.00107122,1.31902e-19,0.0155671,disc: low, 15 mL/s
0.916667,0.864588,0.000199964,1.5e-05,5.94168e-07,0.00416666,0.00249933,0.015,0.592228,0.112267,0.00184833,0.00112029,1.2535e-19,0.01557,disc: low, 15 mL/s
0.925,0.866665,0.000199959,1.5e-05,6.48938e-07,0.00426542,0.00257108,0.015,0.593632,0.113464,0.00191802,0.00116924,4.24953e-20,0.0155572,disc: low, 15 mL/s
0.933333,0.868763,0.000199953,1.5e-05,7.06725e-07,0.00436799,0.00264478,0.015,0.595092,0.114666,0.0019875,0.00121851,-3.19675e-19,0.0155493,disc: low, 15 mL/s
0.941667,0.870862,0.000199946,1.5e-05,7.70293e-07,0.00450178,0.00274103,0.015,0.596972,0.116313,0.0020565,0.00126987,6.10208e-19,0.015525,disc: low, 15 mL/s
0.95,0.872954,0.000199939,1.5e-05,8.39187e-07,0.00463018,0.00283394,0.015,0.598778,0.117841,0.00212869,0.0013232,-1.34398e-19,0.0155229,disc: low, 15 mL/s
0.958333,0.875038,0.000199932,1.5e-05,9.09233e-07,0.00471337,0.00289346,0.015,0.599979,0.118642,0.00220426,0.00137582,-1.92487e-19,0.0155432,disc: low, 15 mL/s
0.966667,0.877114,0.000199924,1.5e-05,9.81796e-07,0.00480931,0.00296269,0.015,0.60135,0.119619,0.00227703,0.00142787,2.2474e-19,0.0155295,disc: low, 15 mL/s
0.975,0.879181,0.000199915,1.5e-05,1.05661e-06,0.00490168,0.00302948,0.015,0.602672,0.120521,0.00234907,0.0014795,-5.66394e-20,0.0155252,disc: low, 15 mL/s
0.983333,0.88124,0.000199905,1.5e-05,1.1351e-06,0.00500618,0.00310433,0.015,0.604161,0.121559,0.00241994,0.00153139,-3.46678e-19,0.0155119,disc: low, 15 mL/s
0.991667,0.88329,0.000199895,1.5e-05,1.21375e-06,0.00507799,0.00315606,0.015,0.60521,0.122124,0.00249207,0.0015821,-1.69585e-19,0.0155233,disc: low, 15 mL/s
1,0.88533,0.000199884,1.5e-05,1.29859e-06,0.0052021,0.0032457,0.015,0.606958,0.123397,0.0025597,0.00163386,-3.23837e-19,0.0154884,disc: low, 15 mL/s
1.00833,0.887361,0.000199873,1.5e-05,1.38913e-06,0.00532182,0.00333161,0.015,0.60865,0.124566,0.0026302,0.00168728,3.16774e-19,0.0154843,disc: low, 15 mL/s
1.01667,0.889381,0.00019986,1.5e-05,1.48229e-06,0.00541635,0.00340005,0.015,0.610002,0.125384,0.00270318,0.00174086,1.7647e-19,0.0154911,disc: low, 15 mL/s
1.025,0.89139,0.000199847,1.5e-05,1.57926e-06,0.00551911,0.00347379,0.015,0.611466,0.126277,0.00277527,0.00179457,-5.21872e-19,0.0154798,disc: low, 15 mL/s
1.03333,0.893388,0.000199833,1.5e-05,1.6789e-06,0.00561264,0.00354095,0.015,0.612807,0.127031,0.00284783,0.00184815,1.51164e-19,0.0154776,disc: low, 15 mL/s
1.04167,0.895374,0.000199818,1.5e-05,1.78036e-06,0.005699,0.00360344,0.015,0.61405,0.127684,0.00291981,0.00190113,-9.71597e-20,0.0154743,disc: low, 15 mL/s
1.05,0.897349,0.000199803,1.5e-05,1.88373e-06,0.00578476,0.00366496,0.015,0.615287,0.128304,0.0029907,0.00195346,-3.99835e-19,0.0154673,disc: low, 15 mL/s
1.05833,0.899311,0.000199786,1.5e-05,1.98949e-06,0.0058729,0.00372817,0.015,0.616556,0.12894,0.00306039,0.00200536,3.38564e-19,0.0154588,disc: low, 15 mL/s
1.06667,0.901261,0.000199769,1.5e-05,2.1012e-06,0.00598541,0.00380951,0.015,0.618146,0.12987,0.00312822,0.00205804,2.29374e-19,0.0154398,disc: low, 15 mL/s
1.075,0.903198,0.00019975,1.5e-05,2.21922e-06,0.00610003,0.00389173,0.015,0.619767,0.130793,0.00319775,0.00211208,1.4367e-19,0.0154314,disc: low, 15 mL/s
1.08333,0.905122,0.000199731,1.5e-05,2.34252e-06,0.0062085,0.0039698,0.015,0.621303,0.131625,0.00326911,0.0021671,-2.03826e-19,0.0154272,disc: low, 15 mL/s
1.09167,0.907031,0.00019971,1.5e-05,2.46686e-06,0.00629001,0.00402862,0.015,0.622481,0.132123,0.00334244,0.00222167,-5.03457e-19,0.0154326,disc: low, 15 mL/s
1.1,0.908926,0.000199688,1.5e-05,2.59212e-06,0.00636924,0.00408535,0.015,0.62363,0.132576,0.00341429,0.0022752,4.6107e-19,0.0154259,disc: low, 15 mL/s
1.10833,0.910806,0.000199666,1.5e-05,2.72315e-06,0.00647666,0.00416263,0.015,0.625151,0.133349,0.00348317,0.00232899,6.55644e-19,0.0154052,disc: low, 15 mL/s
1.11667,0.91267,0.000199642,1.5e-05,2.85392e-06,0.00654884,0.00421471,0.015,0.626204,0.133706,0.00355475,0.0023822,-8.06683e-19,0.0154139,disc: low, 15 mL/s
1.125,0.91452,0.000199617,1.5e-05,2.98538e-06,0.00662464,0.00426899,0.015,0.627306,0.13409,0.00362409,0.00243424,-4.9698e-19,0.0154042,disc: low, 15 mL/s
1.13333,0.916354,0.000199591,1.5e-05,3.11768e-06,0.00670014,0.00432314,0.015,0.628404,0.134464,0.00369187,0.00248537,7.68823e-19,0.0153964,disc: low, 15 mL/s
1.14167,0.918173,0.000199564,1.5e-05,3.255e-06,0.00679787,0.00439369,0.015,0.629793,0.135083,0.00375707,0.00253658,-4.74901e-19,0.0153786,disc: low, 15 mL/s
1.15,0.919976,0.000199536,1.5e-05,3.39874e-06,0.00690304,0.00446913,0.015,0.631281,0.135764,0.00382282,0.00258877,-1.52406e-19,0.0153672,disc: low, 15 mL/s
1.15833,0.921762,0.000199506,1.5e-05,3.54602e-06,0.00699356,0.00453414,0.015,0.632575,0.136274,0.00389069,0.00264146,6.48278e-19,0.0153658,disc: low, 15 mL/s
1.16667,0.923531,0.000199475,1.5e-05,3.69601e-06,0.00707973,0.0045963,0.015,0.633809,0.136732,0.00395863,0.00269404,-2.52792e-19,0.0153598,disc: low, 15 mL/s
1.175,0.925283,0.000199443,1.5e-05,3.8464e-06,0.00715331,0.004649,0.015,0.634878,0.137043,0.00402687,0.00274595,9.73302e-20,0.015357,disc: low, 15 mL/s
1.18333,0.927017,0.00019941,1.5e-05,3.99119e-06,0.00719583,0.00467936,0.015,0.635537,0.137021,0.00409529,0.00279578,1.56614e-20,0.0153623,disc: low, 15 mL/s
1.19167,0.928734,0.000199376,1.5e-05,4.14105e-06,0.00728765,0.0047454,0.015,0.636844,0.137517,0.00415688,0.00284476,-3.66126e-19,0.0153325,disc: low, 15 mL/s
1.2,0.930434,0.00019934,1.5e-05,4.29099e-06,0.00735594,0.00479457,0.015,0.63784,0.137762,0.00422058,0.00289353,2.99649e-19,0.0153345,disc: low, 15 mL/s
1.20833,0.932117,0.000199303,1.5e-05,4.44335e-06,0.00743388,0.00485038,0.015,0.638963,0.138098,0.00428244,0.00294182,-2.60858e-19,0.0153217,disc: low, 15 mL/s
1.21667,0.933781,0.000199264,1.5e-05,4.6013e-06,0.0075262,0.00491667,0.015,0.640274,0.138575,0.00434313,0.00299049,2.94194e-19,0.0153072,disc: low, 15 mL/s
1.225,0.935428,0.000199225,1.5e-05,4.76216e-06,0.00760692,0.00497484,0.015,0.64143,0.138932,0.00440542,0.00303952,-1.9235e-19,0.0153039,disc: low, 15 mL/s
1.23333,0.937055,0.000199184,1.5e-05,4.92813e-06,0.00769697,0.00503937,0.015,0.642709,0.139372,0.00446712,0.00308887,4.01141e-19,0.0152912,disc: low, 15 mL/s
1.24167,0.938663,0.000199141,1.5e-05,5.10237e-06,0.00780107,0.00511415,0.015,0.644169,0.139945,0.00452869,0.00313931,-4.12984e-19,0.0152769,disc: low, 15 mL/s
1.25,0.940251,0.000199097,1.5e-05,5.2769e-06,0.00787236,0.00516548,0.015,0.645199,0.140192,0.00459401,0.00318999,2.63046e-19,0.0152821,disc: low, 15 mL/s
1.25833,0.941819,0.000199052,1.5e-05,5.45132e-06,0.00794067,0.00521437,0.015,0.646189,0.140404,0.00465834,0.0032398,-3.61118e-19,0.0152745,disc: low, 15 mL/s
1.26667,0.943366,0.000199005,1.5e-05,5.62355e-06,0.00799922,0.00525626,0.015,0.64705,0.14052,0.00472189,0.00328842,3.1963e-19,0.0152697,disc: low, 15 mL/s
1.275,0.944894,0.000198957,1.5e-05,5.79703e-06,0.00807024,0.00530727,0.015,0.648072,0.140757,0.00478261,0.00333612,-2.30119e-19,0.0152559,disc: low, 15 mL/s
1.28333,0.946401,0.000198907,1.5e-05,5.97796e-06,0.00816554,0.0053758,0.015,0.649411,0.141222,0.00484112,0.00338419,1.26553e-19,0.0152371,disc: low, 15 mL/s
1.29167,0.947887,0.000198855,1.5e-05,6.16022e-06,0.00823747,0.00542728,0.015,0.650443,0.14146,0.00490267,0.00343266,3.39014e-19,0.0152377,disc: low, 15 mL/s
1.3,0.949352,0.000198803,1.5e-05,6.34325e-06,0.00830669,0.00547692,0.015,0.651438,0.141672,0.00496366,0.00348062,-4.98301e-19,0.0152299,disc: low, 15 mL/s
1.30833,0.950795,0.000198748,1.5e-05,6.52264e-06,0.00835831,0.00551403,0.015,0.652202,0.141723,0.00502487,0.00352749,7.3987e-20,0.0152281,disc: low, 15 mL/s
1.31667,0.952218,0.000198692,1.5e-05,6.69914e-06,0.00841073,0.00555157,0.015,0.652976,0.141781,0.00508377,0.00357285,1.69564e-19,0.0152187,disc: low, 15 mL/s
1.325,0.95362,0.000198635,1.5e-05,6.87825e-06,0.00848198,0.00560256,0.015,0.653994,0.14201,0.00513952,0.00361747,2.31816e-19,0.015202,disc: low, 15 mL/s
1.33333,0.955002,0.000198576,1.5e-05,7.05158e-06,0.00852215,0.00563125,0.015,0.654606,0.141959,0.00519724,0.00366116,-2.7218e-19,0.0152053,disc: low, 15 mL/s
1.34167,0.956363,0.000198516,1.5e-05,7.22538e-06,0.00858279,0.00567478,0.015,0.655483,0.142095,0.00525077,0.00370355,-1.60856e-19,0.015188,disc: low, 15 mL/s
1.35,0.957704,0.000198454,1.5e-05,7.40153e-06,0.00864965,0.0057228,0.015,0.656439,0.142289,0.00530321,0.0037457,7.82445e-19,0.0151764,disc: low, 15 mL/s
1.35833,0.959024,0.000198391,1.5e-05,7.57743e-06,0.00870702,0.0057638,0.015,0.657271,0.142395,0.00535629,0.0037876,-3.8375e-19,0.0151708,disc: low, 15 mL/s
1.36667,0.960324,0.000198327,1.5e-05,7.75536e-06,0.00877162,0.00581004,0.015,0.658196,0.142568,0.005408,0.00382913,-1.45339e-19,0.0151587,disc: low, 15 mL/s
1.375,0.961604,0.000198261,1.5e-05,7.92819e-06,0.0088113,0.00583844,0.015,0.658795,0.142523,0.00546126,0.00386991,-4.37397e-19,0.0151593,disc: low, 15 mL/s
1.38333,0.962863,0.000198193,1.5e-05,8.10241e-06,0.00887138,0.00588162,0.015,0.659658,0.142661,0.00551078,0.00390967,6.27343e-19,0.015142,disc: low, 15 mL/s
1.39167,0.964102,0.000198124,1.5e-05,8.27388e-06,0.00891691,0.00591415,0.015,0.660331,0.142672,0.00556111,0.00394889,-2.86106e-20,0.0151382,disc: low, 15 mL/s
1.4,0.965321,0.000198054,1.5e-05,8.44368e-06,0.00896483,0.00594836,0.015,0.661033,0.142706,0.00560979,0.00398716,-3.55046e-19,0.0151279,disc: low, 15 mL/s
1.40833,0.96652,0.000197982,1.5e-05,8.61571e-06,0.00902469,0.00599121,0.015,0.66189,0.142845,0.00565649,0.00402499,3.0354e-19,0.0151138,disc: low, 15 mL/s
1.41667,0.967699,0.000197909,1.5e-05,8.78502e-06,0.00906827,0.00602241,0.015,0.662533,0.142848,0.00570439,0.00406246,3.63794e-19,0.0151107,disc: low, 15 mL/s
1.425,0.968858,0.000197834,1.5e-05,8.95547e-06,0.00912331,0.00606194,0.015,0.663324,0.142952,0.00575005,0.00409928,2.24654e-19,0.0150968,disc: low, 15 mL/s
1.43333,0.969998,0.000197758,1.5e-05,9.12246e-06,0.00916309,0.00609033,0.015,0.663915,0.142928,0.00579664,0.00413558,-1.0112e-18,0.0150931,disc: low, 15 mL/s
1.44167,0.971118,0.000197681,1.5e-05,9.28535e-06,0.00919934,0.00611617,0.015,0.66446,0.142877,0.00584197,0.00417073,2.4888e-19,0.0150848,disc: low, 15 mL/s
1.45,0.97222,0.000197602,1.5e-05,9.44742e-06,0.0092446,0.0061485,0.015,0.665121,0.142906,0.00588498,0.00420496,4.93955e-20,0.0150717,disc: low, 15 mL/s
1.45833,0.973302,0.000197522,1.5e-05,9.6083e-06,0.00928801,0.00617954,0.015,0.665756,0.142923,0.0059274,0.00423866,4.34742e-19,0.0150629,disc: low, 15 mL/s
1.46667,0.974366,0.00019744,1.5e-05,9.76884e-06,0.00933343,0.00621212,0.015,0.666415,0.14296,0.00596887,0.00427188,-8.20429e-20,0.0150525,disc: low, 15 mL/s
1.475,0.975411,0.000197358,1.5e-05,9.92936e-06,0.00937931,0.00624497,0.015,0.66708,0.143004,0.00600977,0.00430475,-8.07208e-20,0.0150426,disc: low, 15 mL/s
1.48333,0.976437,0.000197274,1.5e-05,1.00821e-05,0.00940093,0.00626032,0.015,0.667429,0.142851,0.00605212,0.00433676,-9.47074e-20,0.0150421,disc: low, 15 mL/s
1.49167,0.977446,0.000197188,1.5e-05,1.02348e-05,0.00944333,0.00629058,0.015,0.668046,0.142872,0.00609041,0.00436752,-3.43299e-19,0.0150244,disc: low, 15 mL/s
1.5,0.978436,0.000197102,1.5e-05,1.03838e-05,0.00947514,0.00631325,0.015,0.668525,0.142811,0.00612909,0.00439775,1.01397e-18,0.0150187,disc: low, 15 mL/s
1.50833,0.97941,0.000197014,1.5e-05,1.05342e-05,0.00952037,0.0063456,0.015,0.669176,0.142862,0.00616543,0.00442738,-1.30301e-19,0.0150038,disc: low, 15 mL/s
1.51667,0.980366,0.000196925,1.5e-05,1.06856e-05,0.00956474,0.0063774,0.015,0.669815,0.142911,0.00620182,0.00445701,-1.15696e-18,0.0149943,disc: low, 15 mL/s
1.525,0.981304,0.000196835,1.5e-05,1.08351e-05,0.00960031,0.00640287,0.015,0.670339,0.142892,0.00623882,0.00448641,8.45088e-19,0.0149878,disc: low, 15 mL/s
1.53333,0.982225,0.000196743,1.5e-05,1.09805e-05,0.00962895,0.00642327,0.015,0.670772,0.14282,0.00627556,0.00451508,3.08135e-20,0.0149805,disc: low, 15 mL/s
1.54167,0.983129,0.000196651,1.5e-05,1.11179e-05,0.00964408,0.00643396,0.015,0.671029,0.142644,0.00631206,0.00454251,1.07827e-20,0.0149758,disc: low, 15 mL/s
1.55,0.984017,0.000196557,1.5e-05,1.12556e-05,0.00968191,0.00646094,0.015,0.671579,0.142654,0.0063444,0.00456877,9.84156e-21,0.0149572,disc: low, 15 mL/s
1.55833,0.984889,0.000196462,1.5e-05,1.13915e-05,0.00971311,0.00648319,0.015,0.672042,0.142614,0.00637711,0.00459479,-3.12075e-19,0.0149498,disc: low, 15 mL/s
1.56667,0.985745,0.000196366,1.5e-05,1.15269e-05,0.00974728,0.00650759,0.015,0.672542,0.142602,0.00640887,0.00462037,-9.00691e-20,0.0149387,disc: low, 15 mL/s
1.575,0.986586,0.000196269,1.5e-05,1.1656e-05,0.00976478,0.00652004,0.015,0.672826,0.142462,0.00644159,0.00464534,3.28652e-19,0.014935,disc: low, 15 mL/s
1.58333,0.987411,0.00019617,1.5e-05,1.17864e-05,0.00980213,0.0065468,0.015,0.673365,0.142483,0.0064709,0.00466945,-6.80051e-20,0.0149176,disc: low, 15 mL/s
1.59167,0.988221,0.000196071,1.5e-05,1.19182e-05,0.00983962,0.00657362,0.015,0.673904,0.142507,0.00650032,0.00469366,-5.30715e-19,0.0149075,disc: low, 15 mL/s
1.6,0.989016,0.000195971,1.5e-05,1.205e-05,0.00987348,0.00659776,0.015,0.674396,0.142506,0.00653016,0.00471788,1.02447e-18,0.0148987,disc: low, 15 mL/s
1.60833,0.989796,0.000195869,1.5e-05,1.21764e-05,0.00989219,0.00661104,0.015,0.674692,0.142392,0.00656103,0.00474166,-5.16665e-19,0.0148944,disc: low, 15 mL/s
1.61667,0.990561,0.000195767,1.5e-05,1.23003e-05,0.00991721,0.00662884,0.015,0.675067,0.14233,0.00658989,0.00476449,7.81752e-20,0.0148819,disc: low, 15 mL/s
1.625,0.991311,0.000195663,1.5e-05,1.24182e-05,0.00993196,0.00663929,0.015,0.67531,0.142193,0.00661881,0.00478656,-6.63513e-19,0.0148756,disc: low, 15 mL/s
1.63333,0.992048,0.000195559,1.5e-05,1.25301e-05,0.00994453,0.00664818,0.015,0.675523,0.142044,0.00664632,0.00480745,9.01575e-19,0.0148663,disc: low, 15 mL/s
1.64167,0.992772,0.000195454,1.5e-05,1.26357e-05,0.00995526,0.00665575,0.015,0.675711,0.141884,0.00667239,0.00482714,-5.38249e-19,0.0148569,disc: low, 15 mL/s
1.65,0.993483,0.000195347,1.5e-05,1.27408e-05,0.00997989,0.00667333,0.015,0.676078,0.141835,0.00669566,0.00484595,-4.04362e-19,0.0148415,disc: low, 15 mL/s
1.65833,0.994182,0.00019524,1.5e-05,1.28429e-05,0.00999755,0.0066859,0.015,0.676354,0.141735,0.00671927,0.00486445,6.70738e-19,0.014834,disc: low, 15 mL/s
1.66667,0.99487,0.000195132,1.5e-05,1.29431e-05,0.0100173,0.00669999,0.015,0.676656,0.141655,0.00674187,0.00488239,-1.06072e-19,0.014823,disc: low, 15 mL/s
1.675,0.995545,0.000195024,1.5e-05,1.30432e-05,0.0100416,0.00671736,0.015,0.677016,0.141613,0.00676351,0.00490002,-1.49587e-19,0.0148111,disc: low, 15 mL/s
1.68333,0.996209,0.000194914,1.5e-05,1.31407e-05,0.010059,0.00672976,0.015,0.677287,0.141521,0.00678563,0.00491743,4.59878e-19,0.0148034,disc: low, 15 mL/s
1.69167,0.996862,0.000194804,1.5e-05,1.32332e-05,0.0100688,0.00673662,0.015,0.677458,0.141375,0.00680772,0.00493421,-1.86942e-19,0.014796,disc: low, 15 mL/s
1.7,0.997504,0.000194693,1.5e-05,1.33225e-05,0.0100825,0.00674634,0.015,0.67768,0.141261,0.00682819,0.00495014,-3.68958e-19,0.0147843,disc: low, 15 mL/s
1.70833,0.998135,0.000194581,1.5e-05,1.34064e-05,0.0100893,0.00675114,0.015,0.677812,0.1411,0.00684845,0.00496536,1.83785e-19,0.0147766,disc: low, 15 mL/s
1.71667,0.998757,0.000194469,1.5e-05,1.34826e-05,0.0100884,0.00675036,0.015,0.677843,0.140883,0.00686809,0.00497951,-2.90848e-19,0.0147692,disc: low, 15 mL/s
1.725,0.99937,0.000194356,1.5e-05,1.35605e-05,0.0101105,0.00676611,0.015,0.678171,0.140841,0.00688387,0.00499273,6.21696e-19,0.0147503,disc: low, 15 mL/s
1.73333,0.999974,0.000194242,1.5e-05,1.3637e-05,0.0101253,0.00677659,0.015,0.678403,0.140747,0.0069006,0.00500604,-1.27933e-20,0.0147428,disc: low, 15 mL/s
1.74167,1.00057,0.000194128,1.5e-05,1.37135e-05,0.0101431,0.00678924,0.015,0.678674,0.140678,0.0069167,0.00501916,5.92727e-20,0.0147313,disc: low, 15 mL/s
1.75,1.00115,0.000194013,1.5e-05,1.37915e-05,0.0101649,0.00680479,0.015,0.678996,0.140642,0.00693238,0.0050323,-6.91873e-20,0.0147195,disc: low, 15 mL/s
1.75833,1.00173,0.000193898,1.5e-05,1.38674e-05,0.0101773,0.00681359,0.015,0.679196,0.140538,0.00694917,0.00504548,1.6689e-19,0.0147127,disc: low, 15 mL/s
1.76667,1.0023,0.000193781,1.5e-05,1.39454e-05,0.0102008,0.00683036,0.015,0.679539,0.140519,0.00696443,0.00505845,-2.03172e-19,0.0146982,disc: low, 15 mL/s
1.775,1.00286,0.000193664,1.5e-05,1.40193e-05,0.0102078,0.00683525,0.015,0.679667,0.14038,0.0069816,0.00507147,-4.64955e-19,0.014694,disc: low, 15 mL/s
1.78333,1.00341,0.000193547,1.5e-05,1.40851e-05,0.0102037,0.00683221,0.015,0.679652,0.140163,0.00699875,0.00508359,4.13118e-19,0.0146877,disc: low, 15 mL/s
1.79167,1.00395,0.000193429,1.5e-05,1.41551e-05,0.0102295,0.0068507,0.015,0.680023,0.140168,0.00701138,0.00509486,-1.98359e-19,0.0146662,disc: low, 15 mL/s
1.8,1.00449,0.000193311,1.5e-05,1.42227e-05,0.0102391,0.00685752,0.015,0.680184,0.140057,0.00702634,0.00510651,9.53101e-20,0.0146618,disc: low, 15 mL/s
1.80833,1.00501,0.000193192,1.5e-05,1.42851e-05,0.010241,0.00685879,0.015,0.680245,0.139891,0.00704141,0.0051176,-2.63573e-19,0.0146543,disc: low, 15 mL/s
1.81667,1.00553,0.000193072,1.5e-05,1.43438e-05,0.0102454,0.00686181,0.015,0.680336,0.139746,0.00705509,0.00512789,6.48192e-19,0.014643,disc: low, 15 mL/s
1.825,1.00605,0.000192952,1.5e-05,1.44023e-05,0.0102579,0.00687073,0.015,0.680534,0.139662,0.00706717,0.00513768,-1.52894e-19,0.0146295,disc: low, 15 mL/s
1.83333,1.00655,0.000192832,1.5e-05,1.44588e-05,0.0102656,0.00687615,0.015,0.680668,0.139546,0.00707962,0.00514735,1.11e-19,0.0146208,disc: low, 15 mL/s
1.84167,1.00705,0.000192711,1.5e-05,1.45149e-05,0.0102772,0.00688434,0.015,0.680852,0.139459,0.00709124,0.00515673,1.69229e-21,0.014609,disc: low, 15 mL/s
1.85,1.00754,0.000192589,1.5e-05,1.45715e-05,0.0102906,0.00689387,0.015,0.681059,0.139388,0.00710259,0.00516606,-9.77794e-19,0.0145978,disc: low, 15 mL/s
1.85833,1.00803,0.000192467,1.5e-05,1.46214e-05,0.0102858,0.00689037,0.015,0.681031,0.139187,0.00711564,0.00517515,2.27273e-19,0.0145941,disc: low, 15 mL/s
1.86667,1.00851,0.000192345,1.5e-05,1.4669e-05,0.0102906,0.00689371,0.015,0.681126,0.139057,0.00712635,0.00518332,3.59468e-20,0.0145801,disc: low, 15 mL/s
1.875,1.00899,0.000192222,1.5e-05,1.47166e-05,0.0103009,0.00690098,0.015,0.681292,0.138969,0.00713603,0.00519118,2.21551e-19,0.0145676,disc: low, 15 mL/s
1.88333,1.00945,0.000192099,1.5e-05,1.47579e-05,0.0102948,0.00689647,0.015,0.681244,0.138763,0.0071472,0.00519879,1.81596e-19,0.0145633,disc: low, 15 mL/s
1.89167,1.00992,0.000191976,1.5e-05,1.47954e-05,0.0102937,0.00689566,0.015,0.681263,0.138597,0.0071565,0.00520545,4.19038e-19,0.0145509,disc: low, 15 mL/s
1.9,1.01038,0.000191853,1.5e-05,1.48315e-05,0.0102977,0.00689838,0.015,0.681345,0.138467,0.00716451,0.00521159,-7.18118e-19,0.0145386,disc: low, 15 mL/s
1.90833,1.01084,0.000191729,1.5e-05,1.48692e-05,0.010309,0.00690641,0.015,0.681523,0.138393,0.00717152,0.00521761,-1.96395e-19,0.0145254,disc: low, 15 mL/s
1.91667,1.01129,0.000191604,1.5e-05,1.49026e-05,0.0103057,0.00690393,0.015,0.681511,0.138214,0.00718021,0.00522364,1.04394e-18,0.0145203,disc: low, 15 mL/s
1.925,1.01173,0.00019148,1.5e-05,1.49352e-05,0.0103102,0.00690712,0.015,0.6816,0.138093,0.00718722,0.00522911,3.67578e-20,0.0145069,disc: low, 15 mL/s
1.93333,1.01218,0.000191355,1.5e-05,1.4972e-05,0.0103276,0.00691948,0.015,0.681855,0.138065,0.00719287,0.00523464,-7.70787e-19,0.0144917,disc: low, 15 mL/s
1.94167,1.01262,0.00019123,1.5e-05,1.50083e-05,0.0103336,0.00692366,0.015,0.681962,0.137956,0.00720048,0.00524066,-1.1091e-19,0.0144854,disc: low, 15 mL/s
1.95,1.01305,0.000191105,1.5e-05,1.50356e-05,0.0103182,0.00691256,0.015,0.681793,0.137697,0.00720994,0.00524625,-7.01379e-20,0.0144828,disc: low, 15 mL/s
1.95833,1.01349,0.000190979,1.5e-05,1.50647e-05,0.0103275,0.00691916,0.015,0.681943,0.137615,0.00721517,0.00525082,2.90758e-20,0.0144632,disc: low, 15 mL/s
1.96667,1.01391,0.000190854,1.5e-05,1.50913e-05,0.010327,0.00691873,0.015,0.681966,0.137464,0.00722166,0.00525549,-4.47379e-19,0.0144563,disc: low, 15 mL/s
1.975,1.01434,0.000190728,1.5e-05,1.51158e-05,0.0103265,0.00691826,0.015,0.681988,0.137314,0.00722765,0.00525979,8.74017e-19,0.0144458,disc: low, 15 mL/s
1.98333,1.01476,0.000190601,1.5e-05,1.5139e-05,0.0103275,0.00691891,0.015,0.68203,0.137176,0.00723301,0.00526376,-4.26385e-19,0.0144348,disc: low, 15 mL/s
1.99167,1.01518,0.000190475,1.5e-05,1.51658e-05,0.0103409,0.00692844,0.015,0.682232,0.137127,0.00723693,0.00526771,-4.4374e-19,0.0144197,disc: low, 15 mL/s
2,1.0156,0.000190348,1.5e-05,1.51882e-05,0.0103346,0.00692387,0.015,0.682179,0.13694,0.00724347,0.00527194,7.15729e-19,0.0144164,disc: low, 15 mL/s
2.00833,1.01601,0.000190222,1.5e-05,1.52084e-05,0.0103328,0.00692251,0.015,0.682183,0.136785,0.00724863,0.00527553,-1.21382e-19,0.0144043,disc: low, 15 mL/s
2.01667,1.01642,0.000190095,1.5e-05,1.52292e-05,0.0103378,0.00692599,0.015,0.682276,0.136679,0.00725267,0.00527887,-1.97616e-20,0.0143913,disc: low, 15 mL/s
2.025,1.01683,0.000189968,1.5e-05,1.52512e-05,0.0103444,0.00693062,0.015,0.682388,0.136585,0.0072567,0.00528234,-8.22336e-19,0.0143802,disc: low, 15 mL/s
2.03333,1.01723,0.00018984,1.5e-05,1.52733e-05,0.0103486,0.00693356,0.015,0.68247,0.136475,0.00726119,0.00528595,5.40299e-19,0.0143706,disc: low, 15 mL/s
2.04167,1.01763,0.000189713,1.5e-05,1.52926e-05,0.0103452,0.00693111,0.015,0.682454,0.136314,0.00726642,0.00528947,3.07999e-19,0.0143629,disc: low, 15 mL/s
2.05,1.01803,0.000189585,1.5e-05,1.53138e-05,0.0103531,0.0069367,0.015,0.682583,0.136232,0.00726999,0.00529271,2.10813e-19,0.0143482,disc: low, 15 mL/s
2.05833,1.01843,0.000189458,1.5e-05,1.533e-05,0.0103442,0.0069302,0.015,0.682494,0.136033,0.00727554,0.00529599,2.82571e-19,0.014344,disc: low, 15 mL/s
2.06667,1.01882,0.00018933,1.5e-05,1.53463e-05,0.0103469,0.00693205,0.015,0.682555,0.135916,0.00727893,0.00529867,8.85113e-20,0.0143292,disc: low, 15 mL/s
2.075,1.01921,0.000189202,1.5e-05,1.53629e-05,0.0103498,0.00693409,0.015,0.68262,0.135802,0.00728231,0.00530136,-1.12712e-18,0.0143186,disc: low, 15 mL/s
2.08333,1.0196,0.000189074,1.5e-05,1.53797e-05,0.0103531,0.00693639,0.015,0.682688,0.135692,0.00728569,0.00530409,1.04525e-18,0.014308,disc: low, 15 mL/s
2.09167,1.01998,0.000188945,1.5e-05,1.53958e-05,0.0103537,0.00693675,0.015,0.682722,0.135563,0.0072894,0.00530683,-1.54468e-19,0.0142985,disc: low, 15 mL/s
2.1,1.02037,0.000188817,1.5e-05,1.5412e-05,0.0103566,0.00693877,0.015,0.682786,0.135451,0.00729272,0.00530947,7.86724e-20,0.0142872,disc: low, 15 mL/s
2.10833,1.02075,0.000188688,1.5e-05,1.54261e-05,0.0103536,0.00693656,0.015,0.682772,0.135299,0.00729664,0.00531207,1.23723e-19,0.0142789,disc: low, 15 mL/s
2.11667,1.02112,0.00018856,1.5e-05,1.54434e-05,0.0103636,0.00694365,0.015,0.682927,0.135239,0.00729886,0.00531451,-4.41287e-19,0.0142637,disc: low, 15 mL/s
2.125,1.0215,0.000188431,1.5e-05,1.54575e-05,0.0103582,0.00693971,0.015,0.682882,0.135072,0.00730322,0.00531722,1.11018e-19,0.0142589,disc: low, 15 mL/s
2.13333,1.02187,0.000188302,1.5e-05,1.5463e-05,0.0103385,0.00692553,0.015,0.682652,0.134806,0.00730826,0.00531923,-4.20782e-19,0.0142537,disc: low, 15 mL/s
2.14167,1.02224,0.000188173,1.5e-05,1.54683e-05,0.0103378,0.00692494,0.015,0.682667,0.134673,0.00730968,0.00532019,9.28353e-20,0.0142363,disc: low, 15 mL/s
2.15,1.02261,0.000188044,1.5e-05,1.54764e-05,0.0103446,0.00692975,0.015,0.68278,0.134593,0.00731032,0.00532122,-2.46593e-19,0.0142231,disc: low, 15 mL/s
2.15833,1.02298,0.000187915,1.5e-05,1.5487e-05,0.0103513,0.00693451,0.015,0.682892,0.134513,0.00731157,0.00532268,5.37322e-20,0.0142127,disc: low, 15 mL/s
2.16667,1.02334,0.000187786,1.5e-05,1.54967e-05,0.0103501,0.00693353,0.015,0.6829,0.134378,0.0073141,0.00532441,3.26203e-19,0.0142052,disc: low, 15 mL/s
2.175,1.02371,0.000187657,1.5e-05,1.55085e-05,0.0103563,0.00693796,0.015,0.683005,0.134296,0.00731571,0.0053261,-2.74607e-19,0.014192,disc: low, 15 mL/s
2.18333,1.02407,0.000187527,1.5e-05,1.55179e-05,0.0103518,0.00693464,0.015,0.68297,0.13414,0.00731881,0.00532796,1.91136e-19,0.0141856,disc: low, 15 mL/s
2.19167,1.02443,0.000187398,1.5e-05,1.55255e-05,0.0103479,0.00693181,0.015,0.682944,0.133989,0.00732135,0.00532947,1.01366e-19,0.014175,disc: low, 15 mL/s
2.2,1.02479,0.000187269,1.5e-05,1.55304e-05,0.0103416,0.0069272,0.015,0.682885,0.133822,0.00732373,0.00533066,-5.78469e-19,0.0141655,disc: low, 15 mL/s
2.20833,1.02514,0.000187139,1.5e-05,1.55321e-05,0.0103332,0.00692112,0.015,0.6828,0.133641,0.00732574,0.00533141,6.50214e-19,0.0141559,disc: low, 15 mL/s
2.21667,1.0255,0.00018701,1.5e-05,1.55347e-05,0.0103344,0.00692191,0.015,0.682839,0.133527,0.00732615,0.0053318,8.26698e-20,0.014142,disc: low, 15 mL/s
2.225,1.02585,0.00018688,1.5e-05,1.55379e-05,0.010335,0.00692226,0.015,0.68287,0.133409,0.00732681,0.00533231,-9.1997e-20,0.0141319,disc: low, 15 mL/s
2.23333,1.0262,0.000186751,1.5e-05,1.55441e-05,0.0103417,0.00692706,0.015,0.682981,0.133334,0.00732699,0.00533301,8.56634e-20,0.0141193,disc: low, 15 mL/s
2.24167,1.02655,0.000186621,1.5e-05,1.55427e-05,0.01032,0.00691136,0.015,0.682721,0.133063,0.00733083,0.00533395,-2.30914e-19,0.0141195,disc: low, 15 mL/s
2.25,1.0269,0.000186492,1.5e-05,1.55413e-05,0.010318,0.00690985,0.015,0.682718,0.132928,0.00733089,0.00533382,-1.88664e-19,0.0141019,disc: low, 15 mL/s
2.25833,1.02725,0.000186362,1.5e-05,1.55404e-05,0.0103184,0.0069101,0.015,0.682746,0.132811,0.00733061,0.00533364,-4.21138e-20,0.0140907,disc: low, 15 mL/s
2.26667,1.0276,0.000186233,1.5e-05,1.55396e-05,0.0103172,0.00690915,0.015,0.682753,0.132682,0.00733067,0.00533357,-9.45562e-20,0.0140811,disc: low, 15 mL/s
2.275,1.02794,0.000186103,1.5e-05,1.55392e-05,0.0103172,0.00690915,0.015,0.682777,0.132563,0.00733057,0.0053335,1.30894e-18,0.0140703,disc: low, 15 mL/s
2.28333,1.02829,0.000185974,1.5e-05,1.5538e-05,0.0103124,0.00690563,0.015,0.682737,0.132411,0.00733124,0.00533357,-1.01668e-18,0.0140619,disc: low, 15 mL/s
2.29167,1.02863,0.000185844,1.5e-05,1.55375e-05,0.0103134,0.00690623,0.015,0.682772,0.132298,0.00733095,0.00533342,-5.55297e-20,0.0140495,disc: low, 15 mL/s
2.3,1.02898,0.000185715,1.5e-05,1.5538e-05,0.0103155,0.00690773,0.015,0.682822,0.132194,0.00733067,0.00533339,-1.7204e-19,0.0140389,disc: low, 15 mL/s
2.30833,1.02932,0.000185585,1.5e-05,1.55372e-05,0.010309,0.00690302,0.015,0.682761,0.132031,0.00733173,0.0053336,1.76664e-18,0.0140318,disc: low, 15 mL/s
2.31667,1.02966,0.000185456,1.5e-05,1.5535e-05,0.0103012,0.00689729,0.015,0.68268,0.131859,0.00733273,0.00533366,-1.98075e-18,0.0140222,disc: low, 15 mL/s
2.325,1.03,0.000185326,1.5e-05,1.55317e-05,0.0102943,0.0068923,0.015,0.682613,0.131694,0.0073333,0.00533347,1.13716e-18,0.0140117,disc: low, 15 mL/s
2.33333,1.03035,0.000185197,1.5e-05,1.55295e-05,0.0102966,0.00689393,0.015,0.682666,0.131592,0.00733234,0.00533296,-2.18259e-19,0.0139981,disc: low, 15 mL/s
2.34167,1.03069,0.000185067,1.5e-05,1.55274e-05,0.0102953,0.00689287,0.015,0.68267,0.131466,0.00733212,0.00533268,-5.11048e-19,0.0139894,disc: low, 15 mL/s
2.35,1.03103,0.000184938,1.5e-05,1.55258e-05,0.0102955,0.00689301,0.015,0.682695,0.13135,0.0073317,0.00533239,-1.06456e-19,0.0139786,disc: low, 15 mL/s
2.35833,1.03136,0.000184809,1.5e-05,1.55284e-05,0.0103078,0.00690174,0.015,0.682877,0.131317,0.00733,0.00533218,2.28669e-20,0.0139641,disc: low, 15 mL/s
2.36667,1.0317,0.000184679,1.5e-05,1.55301e-05,0.0103045,0.00689936,0.015,0.682857,0.131178,0.00733103,0.00533264,-1.99005e-20,0.0139597,disc: low, 15 mL/s
2.375,1.03204,0.00018455,1.5e-05,1.55298e-05,0.010298,0.00689458,0.015,0.682793,0.131017,0.00733223,0.00533295,-2.6143e-19,0.0139509,disc: low, 15 mL/s
2.38333,1.03237,0.00018442,1.5e-05,1.5527e-05,0.010285,0.00688518,0.015,0.682645,0.130813,0.00733407,0.00533318,-1.33249e-19,0.0139432,disc: low, 15 mL/s
2.39167,1.03271,0.000184291,1.5e-05,1.55256e-05,0.0102892,0.00688813,0.015,0.682721,0.130726,0.00733295,0.00533271,1.67556e-18,0.0139269,disc: low, 15 mL/s
2.4,1.03304,0.000184162,1.5e-05,1.55232e-05,0.0102827,0.00688344,0.015,0.682659,0.130567,0.00733363,0.00533264,-1.02904e-18,0.0139208,disc: low, 15 mL/s
2.40833,1.03337,0.000184032,1.5e-05,1.55171e-05,0.0102638,0.00686985,0.015,0.682434,0.130323,0.00733582,0.00533262,-1.93438e-19,0.0139154,disc: low, 15 mL/s
2.41667,1.03371,0.000183903,1.5e-05,1.55111e-05,0.0102611,0.00686785,0.015,0.68242,0.13019,0.00733493,0.00533174,-1.70657e-19,0.0138995,disc: low, 15 mL/s
2.425,1.03404,0.000183774,1.5e-05,1.55072e-05,0.0102679,0.00687264,0.015,0.68253,0.130121,0.00733273,0.0053307,1.39365e-19,0.0138861,disc: low, 15 mL/s
2.43333,1.03437,0.000183645,1.5e-05,1.55053e-05,0.0102752,0.00687782,0.015,0.682647,0.130056,0.00733091,0.00532999,-1.22829e-19,0.013876,disc: low, 15 mL/s
2.44167,1.0347,0.000183516,1.5e-05,1.55046e-05,0.0102786,0.00688017,0.015,0.682712,0.129964,0.00733013,0.00532969,9.93962e-19,0.0138675,disc: low, 15 mL/s
2.45,1.03504,0.000183386,1.5e-05,1.55008e-05,0.0102623,0.00686842,0.015,0.68252,0.12974,0.00733234,0.00532991,-7.67756e-19,0.0138649,disc: low, 15 mL/s
2.45833,1.03537,0.000183257,1.5e-05,1.54957e-05,0.0102543,0.00686263,0.015,0.682437,0.129572,0.00733269,0.00532947,6.78646e-20,0.013852,disc: low, 15 mL/s
2.46667,1.0357,0.000183128,1.5e-05,1.54915e-05,0.0102559,0.00686372,0.015,0.682479,0.129469,0.00733141,0.00532867,-3.24674e-19,0.0138387,disc: low, 15 mL/s
2.475,1.03603,0.000182999,1.5e-05,1.54859e-05,0.0102464,0.00685684,0.015,0.682376,0.129291,0.00733191,0.00532821,5.87717e-19,0.013833,disc: low, 15 mL/s
2.48333,1.03635,0.00018287,1.5e-05,1.54818e-05,0.0102512,0.00686025,0.015,0.68246,0.12921,0.00733004,0.00532726,-1.00038e-19,0.0138179,disc: low, 15 mL/s
2.49167,1.03668,0.000182741,1.5e-05,1.54776e-05,0.010248,0.00685789,0.015,0.682439,0.129075,0.00732968,0.00532671,1.0093e-19,0.0138111,disc: low, 15 mL/s
2.5,1.03701,0.000182612,1.5e-05,1.54694e-05,0.0102268,0.0068426,0.015,0.682182,0.128818,0.00733182,0.00532645,-1.48299e-19,0.013808,disc: low, 15 mL/s
2.50833,1.03734,0.000182483,1.5e-05,1.5461e-05,0.0102225,0.00683949,0.015,0.682147,0.128676,0.00733066,0.00532523,2.47738e-19,0.0137921,disc: low, 15 mL/s
2.51667,1.03767,0.000182355,1.5e-05,1.54536e-05,0.0102239,0.00684042,0.015,0.682186,0.128572,0.00732866,0.00532389,-4.00264e-19,0.0137804,disc: low, 15 mL/s
2.525,1.038,0.000182226,1.5e-05,1.54434e-05,0.0102076,0.00682869,0.015,0.681994,0.128349,0.00732939,0.00532302,1.46675e-19,0.0137772,disc: low, 15 mL/s
2.53333,1.03833,0.000182097,1.5e-05,1.54336e-05,0.0102052,0.00682688,0.015,0.681983,0.128219,0.00732754,0.00532146,-1.73998e-19,0.0137625,disc: low, 15 mL/s
2.54167,1.03866,0.000181969,1.5e-05,1.54247e-05,0.0102056,0.00682713,0.015,0.682009,0.128108,0.00732536,0.0053199,-4.23846e-19,0.0137519,disc: low, 15 mL/s
2.55,1.03899,0.00018184,1.5e-05,1.54179e-05,0.0102117,0.0068314,0.015,0.682109,0.128035,0.00732259,0.00531839,9.36378e-19,0.0137403,disc: low, 15 mL/s
2.55833,1.03932,0.000181712,1.5e-05,1.5412e-05,0.010213,0.00683226,0.015,0.682147,0.12793,0.00732097,0.00531731,3.09854e-19,0.0137325,disc: low, 15 mL/s
2.56667,1.03965,0.000181583,1.5e-05,1.54074e-05,0.010216,0.00683435,0.015,0.682207,0.127837,0.00731931,0.00531636,-1.1692e-18,0.0137224,disc: low, 15 mL/s
2.575,1.03998,0.000181455,1.5e-05,1.54041e-05,0.0102196,0.00683691,0.015,0.682276,0.127747,0.00731785,0.0053156,6.90925e-19,0.0137127,disc: low, 15 mL/s
2.58333,1.04031,0.000181327,1.5e-05,1.54001e-05,0.010214,0.00683284,0.015,0.682223,0.127596,0.007318,0.00531521,1.49587e-20,0.0137066,disc: low, 15 mL/s
2.59167,1.04063,0.000181198,1.5e-05,1.53923e-05,0.0101938,0.00681827,0.015,0.681978,0.127347,0.00732004,0.00531496,-2.2272e-19,0.0137026,disc: low, 15 mL/s
2.6,1.04096,0.00018107,1.5e-05,1.5385e-05,0.0101928,0.0068175,0.015,0.681986,0.127227,0.0073185,0.00531375,-1.85595e-19,0.0136861,disc: low, 15 mL/s
2.60833,1.04129,0.000180942,1.5e-05,1.53785e-05,0.0101936,0.006818,0.015,0.682017,0.127119,0.00731683,0.00531259,4.43989e-19,0.0136762,disc: low, 15 mL/s
2.61667,1.04162,0.000180814,1.5e-05,1.53711e-05,0.010186,0.00681254,0.015,0.681939,0.126955,0.00731653,0.00531172,-1.97255e-19,0.0136699,disc: low, 15 mL/s
2.625,1.04195,0.000180686,1.5e-05,1.53642e-05,0.0101853,0.00681194,0.015,0.68195,0.126837,0.00731506,0.00531057,-4.89985e-20,0.0136581,disc: low, 15 mL/s
2.63333,1.04228,0.000180558,1.5e-05,1.53564e-05,0.0101777,0.00680646,0.015,0.681871,0.126673,0.00731466,0.00530963,1.34196e-19,0.0136514,disc: low, 15 mL/s
2.64167,1.04261,0.00018043,1.5e-05,1.53502e-05,0.0101821,0.00680955,0.015,0.68195,0.126588,0.00731236,0.00530833,-2.75395e-19,0.0136378,disc: low, 15 mL/s
2.65,1.04294,0.000180302,1.5e-05,1.53453e-05,0.0101849,0.00681145,0.015,0.682006,0.126493,0.00731068,0.00530733,5.17356e-19,0.0136292,disc: low, 15 mL/s
2.65833,1.04327,0.000180174,1.5e-05,1.53391e-05,0.0101764,0.00680531,0.015,0.681915,0.126322,0.00731085,0.00530672,2.30586e-19,0.0136242,disc: low, 15 mL/s
2.66667,1.0436,0.000180047,1.5e-05,1.53346e-05,0.0101811,0.00680867,0.015,0.681999,0.12624,0.00730887,0.00530568,-6.27338e-19,0.0136102,disc: low, 15 mL/s
2.675,1.04393,0.000179919,1.5e-05,1.53322e-05,0.0101885,0.00681391,0.015,0.682117,0.126176,0.0073069,0.00530487,-3.20879e-19,0.0136001,disc: low, 15 mL/s
2.68333,1.04426,0.000179791,1.5e-05,1.53292e-05,0.0101838,0.00681044,0.015,0.682074,0.12603,0.00730713,0.00530462,1.42223e-19,0.0135955,disc: low, 15 mL/s
2.69167,1.04459,0.000179663,1.5e-05,1.53266e-05,0.0101834,0.00681014,0.015,0.682091,0.125915,0.00730659,0.00530419,3.14891e-19,0.0135849,disc: low, 15 mL/s
2.7,1.04492,0.000179536,1.5e-05,1.53242e-05,0.0101818,0.00680893,0.015,0.68209,0.12579,0.00730633,0.00530385,6.39628e-19,0.0135764,disc: low, 15 mL/s
2.70833,1.04525,0.000179408,1.5e-05,1.53218e-05,0.0101804,0.00680787,0.015,0.682092,0.125668,0.00730605,0.00530353,-3.52893e-19,0.0135673,disc: low, 15 mL/s
2.71667,1.04558,0.00017928,1.5e-05,1.53206e-05,0.0101834,0.00680991,0.015,0.682151,0.125574,0.0073052,0.00530315,2.3677e-20,0.0135568,disc: low, 15 mL/s
2.725,1.04591,0.000179153,1.5e-05,1.53156e-05,0.0101645,0.00679635,0.015,0.681924,0.125336,0.00730766,0.00530331,1.96819e-20,0.013556,disc: low, 15 mL/s
2.73333,1.04623,0.000179025,1.5e-05,1.53119e-05,0.010168,0.00679875,0.015,0.681989,0.125246,0.00730614,0.00530249,-1.27218e-19,0.0135389,disc: low, 15 mL/s
2.74167,1.04656,0.000178897,1.5e-05,1.53091e-05,0.0101695,0.00679978,0.015,0.682029,0.125143,0.00730519,0.00530192,-6.39069e-19,0.0135308,disc: low, 15 mL/s
2.75,1.04689,0.00017877,1.5e-05,1.53044e-05,0.0101587,0.00679199,0.015,0.681908,0.124959,0.00730617,0.00530169,2.71865e-19,0.0135266,disc: low, 15 mL/s
2.75833,1.04722,0.000178642,1.5e-05,1.53021e-05,0.0101672,0.00679801,0.015,0.68204,0.124901,0.007304,0.00530084,-2.23851e-19,0.0135108,disc: low, 15 mL/s
2.76667,1.04755,0.000178515,1.5e-05,1.53005e-05,0.0101684,0.00679884,0.015,0.682076,0.124797,0.00730339,0.00530049,1.93403e-20,0.0135047,disc: low, 15 mL/s
2.775,1.04787,0.000178387,1.5e-05,1.53007e-05,0.0101744,0.0068031,0.015,0.682176,0.124723,0.00730229,0.0053002,3.24162e-19,0.0134943,disc: low, 15 mL/s
2.78333,1.0482,0.00017826,1.5e-05,1.52939e-05,0.0101412,0.00677923,0.015,0.681758,0.124393,0.00730708,0.00530082,-3.90642e-19,0.0135002,disc: low, 15 mL/s
2.79167,1.04853,0.000178133,1.5e-05,1.52883e-05,0.0101439,0.00678108,0.015,0.681813,0.124297,0.00730526,0.00529971,-2.32455e-19,0.0134784,disc: low, 15 mL/s
2.8,1.04885,0.000178005,1.5e-05,1.52812e-05,0.0101339,0.00677383,0.015,0.681701,0.124119,0.00730551,0.00529903,8.79287e-19,0.0134745,disc: low, 15 mL/s
2.80833,1.04918,0.000177878,1.5e-05,1.52755e-05,0.0101371,0.00677605,0.015,0.681763,0.124027,0.00730354,0.00529786,-5.6064e-19,0.0134612,disc: low, 15 mL/s
2.81667,1.04951,0.000177751,1.5e-05,1.52692e-05,0.010132,0.00677234,0.015,0.681716,0.123881,0.00730305,0.00529706,-1.57777e-19,0.0134558,disc: low, 15 mL/s
2.825,1.04984,0.000177623,1.5e-05,1.52645e-05,0.0101359,0.00677508,0.015,0.681788,0.123794,0.00730118,0.00529603,9.53431e-19,0.013444,disc: low, 15 mL/s
2.83333,1.05016,0.000177496,1.5e-05,1.52591e-05,0.0101303,0.00677101,0.015,0.681734,0.123644,0.00730099,0.0052954,-3.32117e-19,0.0134392,disc: low, 15 mL/s
2.84167,1.05049,0.000177369,1.5e-05,1.52539e-05,0.0101282,0.00676943,0.015,0.681726,0.123517,0.00730016,0.0052946,-1.93834e-19,0.0134295,disc: low, 15 mL/s
2.85,1.05082,0.000177242,1.5e-05,1.52468e-05,0.0101168,0.0067612,0.015,0.681595,0.12333,0.00730068,0.00529398,-2.01933e-19,0.0134247,disc: low, 15 mL/s
2.85833,1.05115,0.000177115,1.5e-05,1.52375e-05,0.0101035,0.00675163,0.015,0.68144,0.12313,0.00730104,0.00529309,1.91282e-19,0.0134171,disc: low, 15 mL/s
2.86667,1.05148,0.000176988,1.5e-05,1.52278e-05,0.0100981,0.00674768,0.015,0.681388,0.122981,0.00729979,0.00529171,-2.07803e-19,0.013406,disc: low, 15 mL/s
2.875,1.05181,0.000176861,1.5e-05,1.52192e-05,0.0100989,0.00674826,0.015,0.68142,0.122874,0.00729756,0.00529016,9.30524e-20,0.0133956,disc: low, 15 mL/s
2.88333,1.05214,0.000176735,1.5e-05,1.52104e-05,0.0100948,0.00674523,0.015,0.681385,0.122733,0.00729629,0.00528887,-3.53259e-19,0.0133893,disc: low, 15 mL/s
2.89167,1.05247,0.000176608,1.5e-05,1.52042e-05,0.0101027,0.00675084,0.015,0.68151,0.12267,0.00729327,0.00528735,8.57869e-19,0.0133768,disc: low, 15 mL/s
2.9,1.0528,0.000176481,1.5e-05,1.51965e-05,0.0100933,0.00674407,0.015,0.681406,0.122495,0.00729326,0.00528653,1.08989e-19,0.0133751,disc: low, 15 mL/s
2.90833,1.05313,0.000176355,1.5e-05,1.51912e-05,0.0101009,0.00674944,0.015,0.681526,0.12243,0.00729054,0.0052852,-1.04597e-18,0.0133609,disc: low, 15 mL/s
2.91667,1.05346,0.000176228,1.5e-05,1.51868e-05,0.0101022,0.00675032,0.015,0.681564,0.122325,0.00728924,0.00528437,6.01308e-19,0.0133553,disc: low, 15 mL/s
2.925,1.0538,0.000176102,1.5e-05,1.51786e-05,0.0100819,0.00673571,0.015,0.681315,0.122078,0.00729121,0.00528403,-4.39465e-19,0.0133554,disc: low, 15 mL/s
2.93333,1.05413,0.000175975,1.5e-05,1.51682e-05,0.0100686,0.00672613,0.015,0.681159,0.121878,0.00729133,0.00528295,2.97478e-19,0.0133449,disc: low, 15 mL/s
2.94167,1.05446,0.000175849,1.5e-05,1.51593e-05,0.0100713,0.00672798,0.015,0.681215,0.12178,0.00728868,0.00528126,2.41017e-19,0.0133312,disc: low, 15 mL/s
2.95,1.0548,0.000175723,1.5e-05,1.51523e-05,0.0100763,0.00673149,0.015,0.681301,0.121697,0.00728604,0.00527976,-1.27707e-19,0.0133226,disc: low, 15 mL/s
2.95833,1.05513,0.000175596,1.5e-05,1.51448e-05,0.0100708,0.00672748,0.015,0.681248,0.121546,0.00728531,0.00527875,1.19433e-19,0.0133188,disc: low, 15 mL/s
2.96667,1.05547,0.00017547,1.5e-05,1.51384e-05,0.0100729,0.00672893,0.015,0.681296,0.121444,0.00728339,0.00527753,4.10675e-19,0.0133083,disc: low, 15 mL/s
2.975,1.0558,0.000175344,1.5e-05,1.51331e-05,0.0100748,0.00673024,0.015,0.681342,0.121341,0.00728176,0.0052765,-9.1951e-20,0.0133008,disc: low, 15 mL/s
2.98333,1.05614,0.000175218,1.5e-05,1.51282e-05,0.0100738,0.00672946,0.015,0.681349,0.121219,0.00728079,0.0052757,-6.68709e-20,0.0132943,disc: low, 15 mL/s
2.99167,1.05648,0.000175092,1.5e-05,1.51228e-05,0.0100692,0.00672606,0.015,0.681307,0.121073,0.00728043,0.00527503,-1.90202e-19,0.0132881,disc: low, 15 mL/s
3,1.05681,0.000174966,1.5e-05,1.51187e-05,0.0100717,0.00672782,0.015,0.681361,0.120973,0.00727894,0.00527416,1.98825e-19,0.013278,disc: low, 15 mL/s
3.00833,1.05715,0.00017484,1.5e-05,1.51152e-05,0.0100728,0.00672855,0.015,0.681396,0.120864,0.00727792,0.00527351,2.73714e-19,0.0132711,disc: low, 15 mL/s
3.01667,1.05749,0.000174714,1.5e-05,1.51122e-05,0.0100722,0.00672803,0.015,0.681407,0.120743,0.00727733,0.00527301,-1.4446e-19,0.0132643,disc: low, 15 mL/s
3.025,1.05783,0.000174588,1.5e-05,1.511e-05,0.0100739,0.00672923,0.015,0.681451,0.120638,0.00727648,0.00527254,-1.88615e-19,0.0132561,disc: low, 15 mL/s
3.03333,1.05817,0.000174462,1.5e-05,1.51076e-05,0.0100711,0.00672712,0.015,0.681433,0.120504,0.00727648,0.00527228,3.39401e-19,0.0132505,disc: low, 15 mL/s
3.04167,1.0585,0.000174337,1.5e-05,1.51059e-05,0.010072,0.0067277,0.015,0.681465,0.120393,0.0072759,0.00527193,-5.8408e-19,0.0132419,disc: low, 15 mL/s
3.05,1.05884,0.000174211,1.5e-05,1.51045e-05,0.0100718,0.00672755,0.015,0.681484,0.120276,0.00727562,0.0052717,-2.7551e-19,0.0132351,disc: low, 15 mL/s
3.05833,1.05918,0.000174085,1.5e-05,1.5101e-05,0.0100598,0.00671887,0.015,0.681344,0.120082,0.00727711,0.00527173,-2.04475e-19,0.0132324,disc: low, 15 mL/s
3.06667,1.05952,0.000173959,1.5e-05,1.50967e-05,0.0100544,0.00671492,0.015,0.681292,0.119931,0.00727716,0.00527129,2.06585e-19,0.0132228,disc: low, 15 mL/s
3.075,1.05986,0.000173833,1.5e-05,1.50942e-05,0.0100596,0.00671861,0.015,0.681382,0.119848,0.00727554,0.00527056,-4.00099e-19,0.0132119,disc: low, 15 mL/s
3.08333,1.0602,0.000173707,1.5e-05,1.50926e-05,0.010062,0.00672024,0.015,0.681433,0.119746,0.00727472,0.00527016,8.49548e-19,0.013206,disc: low, 15 mL/s
3.09167,1.06054,0.000173582,1.5e-05,1.5091e-05,0.01006,0.00671879,0.015,0.681427,0.119617,0.00727472,0.00526998,1.66266e-19,0.0132006,disc: low, 15 mL/s
3.1,1.06087,0.000173456,1.5e-05,1.50889e-05,0.0100558,0.00671568,0.015,0.681391,0.119473,0.00727505,0.00526984,-4.04529e-19,0.0131946,disc: low, 15 mL/s
3.10833,1.06121,0.00017333,1.5e-05,1.50846e-05,0.0100438,0.00670704,0.015,0.681252,0.11928,0.00727636,0.00526974,-3.05003e-19,0.0131906,disc: low, 15 mL/s
3.11667,1.06155,0.000173205,1.5e-05,1.5081e-05,0.0100444,0.00670739,0.015,0.68128,0.119167,0.0072754,0.00526909,5.72861e-20,0.0131792,disc: low, 15 mL/s
3.125,1.06189,0.000173079,1.5e-05,1.50776e-05,0.0100428,0.00670619,0.015,0.681278,0.11904,0.0072749,0.00526857,-1.23124e-19,0.0131733,disc: low, 15 mL/s
3.13333,1.06223,0.000172953,1.5e-05,1.50725e-05,0.0100328,0.00669896,0.015,0.681165,0.11886,0.00727563,0.00526823,-2.1145e-19,0.0131697,disc: low, 15 mL/s
3.14167,1.06257,0.000172828,1.5e-05,1.50695e-05,0.0100399,0.00670397,0.015,0.681279,0.118788,0.00727355,0.00526733,8.39665e-19,0.0131568,disc: low, 15 mL/s
3.15,1.06291,0.000172702,1.5e-05,1.5066e-05,0.0100353,0.00670062,0.015,0.681238,0.118641,0.00727362,0.00526697,-3.29365e-19,0.0131545,disc: low, 15 mL/s
3.15833,1.06325,0.000172577,1.5e-05,1.50598e-05,0.0100203,0.00668985,0.015,0.681059,0.118429,0.00727505,0.00526669,-2.75379e-19,0.0131519,disc: low, 15 mL/s
3.16667,1.06359,0.000172451,1.5e-05,1.5055e-05,0.0100236,0.00669213,0.015,0.681123,0.118333,0.00727326,0.00526567,-2.23031e-19,0.0131387,disc: low, 15 mL/s
3.175,1.06394,0.000172326,1.5e-05,1.50523e-05,0.0100312,0.0066975,0.015,0.681244,0.118263,0.00727116,0.0052648,3.86986e-19,0.0131307,disc: low, 15 mL/s
3.18333,1.06428,0.0001722,1.5e-05,1.505e-05,0.0100305,0.00669693,0.015,0.681254,0.118141,0.00727076,0.00526444,-1.36909e-19,0.0131274,disc: low, 15 mL/s
3.19167,1.06462,0.000172075,1.5e-05,1.50484e-05,0.0100317,0.00669772,0.015,0.68129,0.11803,0.00727016,0.00526409,2.22253e-19,0.0131204,disc: low, 15 mL/s
3.2,1.06496,0.00017195,1.5e-05,1.50451e-05,0.0100219,0.00669062,0.015,0.681179,0.117851,0.00727128,0.00526404,2.38261e-19,0.0131182,disc: low, 15 mL/s
3.20833,1.0653,0.000171824,1.5e-05,1.50412e-05,0.0100173,0.00668726,0.015,0.681138,0.117704,0.00727127,0.00526362,-5.36533e-19,0.0131101,disc: low, 15 mL/s
3.21667,1.06565,0.000171699,1.5e-05,1.50381e-05,0.0100182,0.00668788,0.015,0.68117,0.117592,0.00727035,0.00526303,-3.20122e-19,0.013102,disc: low, 15 mL/s
3.225,1.06599,0.000171574,1.5e-05,1.50326e-05,0.0100044,0.00667796,0.015,0.681007,0.117387,0.0072717,0.0052628,6.12061e-19,0.0131013,disc: low, 15 mL/s
3.23333,1.06633,0.000171448,1.5e-05,1.5026e-05,0.00999687,0.00667248,0.015,0.680926,0.117221,0.0072716,0.00526206,1.42654e-19,0.013093,disc: low, 15 mL/s
3.24167,1.06668,0.000171323,1.5e-05,1.50192e-05,0.00999293,0.00666959,0.015,0.680893,0.117078,0.00727075,0.00526109,-3.34796e-19,0.0130857,disc: low, 15 mL/s
3.25,1.06702,0.000171198,1.5e-05,1.50158e-05,0.0100051,0.00667824,0.015,0.681076,0.117035,0.00726756,0.00525983,1.82996e-20,0.0130739,disc: low, 15 mL/s
3.25833,1.06737,0.000171073,1.5e-05,1.50113e-05,0.00999782,0.00667297,0.015,0.680999,0.116871,0.00726791,0.00525944,4.1327e-19,0.0130752,disc: low, 15 mL/s
3.26667,1.06772,0.000170948,1.5e-05,1.50062e-05,0.00999251,0.0066691,0.015,0.680948,0.116718,0.00726773,0.00525883,-1.89126e-19,0.0130687,disc: low, 15 mL/s
3.275,1.06806,0.000170823,1.5e-05,1.50005e-05,0.00998692,0.00666503,0.015,0.680893,0.116564,0.00726746,0.00525814,-6.20791e-20,0.0130631,disc: low, 15 mL/s
3.28333,1.06841,0.000170698,1.5e-05,1.49949e-05,0.00998459,0.0066633,0.015,0.680882,0.11643,0.00726658,0.00525729,-6.21572e-19,0.0130562,disc: low, 15 mL/s
3.29167,1.06876,0.000170573,1.5e-05,1.49893e-05,0.00998145,0.00666099,0.015,0.68086,0.116291,0.00726585,0.00525648,4.6422e-19,0.0130509,disc: low, 15 mL/s
3.3,1.06911,0.000170448,1.5e-05,1.49845e-05,0.0099822,0.00666146,0.015,0.68089,0.116175,0.00726456,0.0052556,4.53166e-19,0.0130439,disc: low, 15 mL/s
3.30833,1.06946,0.000170323,1.5e-05,1.49824e-05,0.00999193,0.00666836,0.015,0.68104,0.116116,0.00726216,0.0052547,-8.3737e-20,0.0130351,disc: low, 15 mL/s
3.31667,1.06981,0.000170199,1.5e-05,1.49793e-05,0.00998566,0.00666381,0.015,0.680976,0.115956,0.00726266,0.0052545,-4.88121e-20,0.0130356,disc: low, 15 mL/s
3.325,1.07016,0.000170074,1.5e-05,1.4978e-05,0.00999158,0.00666799,0.015,0.681075,0.115873,0.00726121,0.00525396,-7.38041e-19,0.0130257,disc: low, 15 mL/s
3.33333,1.07051,0.000169949,1.5e-05,1.4978e-05,0.00999532,0.0066706,0.015,0.681145,0.115776,0.00726048,0.00525375,1.04067e-19,0.0130212,disc: low, 15 mL/s
3.34167,1.07086,0.000169824,1.5e-05,1.49769e-05,0.00998942,0.00666631,0.015,0.681086,0.115618,0.0072614,0.00525389,7.13894e-19,0.0130194,disc: low, 15 mL/s
3.35,1.07121,0.000169699,1.5e-05,1.49774e-05,0.00999355,0.00666921,0.015,0.681162,0.115523,0.00726073,0.00525375,6.13369e-20,0.0130105,disc: low, 15 mL/s
3.35833,1.07156,0.000169574,1.5e-05,1.49813e-05,0.0100007,0.00667429,0.015,0.681277,0.115447,0.00726029,0.00525405,-1.71948e-19,0.0130043,disc: low, 15 mL/s
3.36667,1.07191,0.00016945,1.5e-05,1.49792e-05,0.00998078,0.00665993,0.015,0.681031,0.115203,0.0072637,0.00525477,-6.32287e-19,0.0130092,disc: low, 15 mL/s
3.375,1.07226,0.000169325,1.5e-05,1.4977e-05,0.00997783,0.00665776,0.015,0.681011,0.115064,0.00726374,0.00525453,4.42338e-19,0.0129979,disc: low, 15 mL/s
3.38333,1.07261,0.0001692,1.5e-05,1.49771e-05,0.0099866,0.00666398,0.015,0.681148,0.114998,0.00726208,0.00525408,-4.85643e-19,0.0129886,disc: low, 15 mL/s
3.39167,1.07296,0.000169075,1.5e-05,1.49754e-05,0.00997698,0.00665702,0.015,0.68104,0.114817,0.00726357,0.00525431,6.69778e-19,0.0129905,disc: low, 15 mL/s
3.4,1.07331,0.00016895,1.5e-05,1.49754e-05,0.00998279,0.00666112,0.015,0.681137,0.114733,0.00726245,0.00525399,-1.08852e-19,0.0129799,disc: low, 15 mL/s
3.40833,1.07366,0.000168826,1.5e-05,1.49747e-05,0.00997783,0.0066575,0.015,0.681091,0.114581,0.00726325,0.00525413,-1.05665e-19,0.0129791,disc: low, 15 mL/s
3.41667,1.07401,0.000168701,1.5e-05,1.49733e-05,0.00997339,0.00665426,0.015,0.681051,0.114433,0.00726381,0.00525414,-6.54808e-19,0.0129742,disc: low, 15 mL/s
3.425,1.07436,0.000168576,1.5e-05,1.49728e-05,0.00997529,0.00665556,0.015,0.681096,0.114324,0.00726333,0.00525395,5.02139e-19,0.0129672,disc: low, 15 mL/s
3.43333,1.07471,0.000168451,1.5e-05,1.49738e-05,0.00997849,0.00665779,0.015,0.681159,0.114222,0.00726296,0.00525395,6.02254e-19,0.0129621,disc: low, 15 mL/s
3.44167,1.07507,0.000168327,1.5e-05,1.49681e-05,0.00994872,0.0066364,0.015,0.680781,0.113918,0.00726744,0.00525457,-1.08105e-19,0.0129698,disc: low, 15 mL/s
3.45,1.07542,0.000168202,1.5e-05,1.49622e-05,0.00994412,0.00663304,0.015,0.680739,0.113769,0.0072669,0.00525377,4.52237e-19,0.012956,disc: low, 15 mL/s
3.45833,1.07577,0.000168077,1.5e-05,1.49589e-05,0.00995362,0.00663978,0.015,0.680886,0.113706,0.00726426,0.00525268,-8.0208e-19,0.0129464,disc: low, 15 mL/s
3.46667,1.07612,0.000167953,1.5e-05,1.49561e-05,0.0099537,0.00663977,0.015,0.680907,0.113585,0.00726359,0.00525219,-7.0049e-20,0.0129455,disc: low, 15 mL/s
3.475,1.07648,0.000167828,1.5e-05,1.49541e-05,0.00995485,0.00664053,0.015,0.680942,0.11347,0.00726289,0.00525178,2.16301e-20,0.0129408,disc: low, 15 mL/s
3.48333,1.07683,0.000167703,1.5e-05,1.49524e-05,0.00995449,0.00664021,0.015,0.680957,0.113346,0.00726258,0.00525151,1.90219e-19,0.0129372,disc: low, 15 mL/s
3.49167,1.07719,0.000167579,1.5e-05,1.49504e-05,0.00995072,0.00663744,0.015,0.680926,0.113201,0.00726283,0.00525135,-2.47708e-19,0.0129342,disc: low, 15 mL/s
3.5,1.07754,0.000167454,1.5e-05,1.49495e-05,0.00995421,0.00663988,0.015,0.680993,0.113101,0.00726196,0.00525101,-5.84963e-20,0.0129275,disc: low, 15 mL/s
3.50833,1.0779,0.00016733,1.5e-05,1.49504e-05,0.0099587,0.00664304,0.015,0.681072,0.113006,0.00726132,0.00525093,-6.11148e-20,0.0129231,disc: low, 15 mL/s
3.51667,1.07825,0.000167205,1.5e-05,1.49537e-05,0.00996319,0.0066462,0.015,0.681152,0.112911,0.00726124,0.00525126,6.19075e-19,0.0129191,disc: low, 15 mL/s
3.525,1.0786,0.00016708,1.5e-05,1.49575e-05,0.00996408,0.00664677,0.015,0.681184,0.112794,0.00726203,0.0052519,-3.41199e-19,0.0129165,disc: low, 15 mL/s
3.53333,1.07896,0.000166956,1.5e-05,1.49614e-05,0.00996347,0.00664627,0.015,0.681196,0.112669,0.0072631,0.00525261,1.27456e-19,0.0129132,disc: low, 15 mL/s
3.54167,1.07931,0.000166831,1.5e-05,1.4961e-05,0.00995119,0.0066374,0.015,0.681051,0.112472,0.00726542,0.0052532,-4.45707e-20,0.0129137,disc: low, 15 mL/s
3.55,1.07967,0.000166706,1.5e-05,1.49581e-05,0.00993821,0.00662804,0.015,0.680896,0.112272,0.00726729,0.0052534,1.27176e-19,0.0129102,disc: low, 15 mL/s
3.55833,1.08002,0.000166582,1.5e-05,1.49556e-05,0.00993794,0.00662778,0.015,0.680912,0.112148,0.00726676,0.00525298,3.37891e-19,0.0129019,disc: low, 15 mL/s
3.56667,1.08037,0.000166457,1.5e-05,1.49524e-05,0.00993208,0.00662352,0.015,0.680853,0.111991,0.00726714,0.00525273,-7.94778e-19,0.0129004,disc: low, 15 mL/s
3.575,1.08073,0.000166333,1.5e-05,1.49477e-05,0.00992292,0.00661689,0.015,0.68075,0.111813,0.00726781,0.0052524,4.07246e-19,0.0128981,disc: low, 15 mL/s
3.58333,1.08109,0.000166208,1.5e-05,1.49446e-05,0.00992798,0.00662045,0.015,0.680837,0.111721,0.00726609,0.00525159,-5.96494e-19,0.0128894,disc: low, 15 mL/s
3.59167,1.08144,0.000166084,1.5e-05,1.49431e-05,0.00993261,0.00662371,0.015,0.680919,0.111627,0.00726482,0.00525107,1.3425e-18,0.0128861,disc: low, 15 mL/s
3.6,1.0818,0.000165959,1.5e-05,1.49432e-05,0.00993805,0.00662754,0.015,0.681012,0.111537,0.0072638,0.0052508,-6.93983e-19,0.0128825,disc: low, 15 mL/s
3.60833,1.08215,0.000165835,1.5e-05,1.49394e-05,0.0099187,0.00661361,0.015,0.680772,0.111297,0.0072667,0.00525118,-1.72897e-19,0.0128884,disc: low, 15 mL/s
3.61667,1.08251,0.00016571,1.5e-05,1.49375e-05,0.00992476,0.00661789,0.015,0.680872,0.111211,0.00726505,0.00525052,-1.18883e-19,0.0128758,disc: low, 15 mL/s
3.625,1.08287,0.000165586,1.5e-05,1.49336e-05,0.00991402,0.00661013,0.015,0.680748,0.111023,0.00726625,0.00525043,-7.46472e-19,0.0128789,disc: low, 15 mL/s
3.63333,1.08323,0.000165461,1.5e-05,1.49292e-05,0.00990892,0.00660641,0.015,0.680699,0.110869,0.00726621,0.00524993,8.78888e-19,0.0128737,disc: low, 15 mL/s
3.64167,1.08359,0.000165337,1.5e-05,1.49263e-05,0.00991295,0.00660924,0.015,0.680773,0.11077,0.00726472,0.0052492,2.01073e-19,0.0128673,disc: low, 15 mL/s
3.65,1.08394,0.000165212,1.5e-05,1.49249e-05,0.00991764,0.00661254,0.015,0.680855,0.110675,0.00726346,0.0052487,-2.28856e-19,0.0128642,disc: low, 15 mL/s
3.65833,1.0843,0.000165088,1.5e-05,1.49249e-05,0.00992232,0.00661583,0.015,0.680938,0.110579,0.00726257,0.00524845,-5.22476e-20,0.0128613,disc: low, 15 mL/s
3.66667,1.08466,0.000164964,1.5e-05,1.49244e-05,0.00991828,0.00661286,0.015,0.680903,0.110431,0.00726325,0.00524858,-3.72032e-20,0.0128617,disc: low, 15 mL/s
3.675,1.08502,0.000164839,1.5e-05,1.4924e-05,0.00991711,0.00661196,0.015,0.680907,0.1103,0.0072634,0.00524857,-2.40258e-20,0.0128579,disc: low, 15 mL/s
3.68333,1.08538,0.000164715,1.5e-05,1.49206e-05,0.00990165,0.00660082,0.015,0.680719,0.110084,0.00726564,0.00524881,-4.6784e-20,0.0128605,disc: low, 15 mL/s
3.69167,1.08574,0.000164591,1.5e-05,1.4919e-05,0.0099075,0.00660495,0.015,0.680817,0.109995,0.00726411,0.00524822,-7.02832e-20,0.01285,disc: low, 15 mL/s
3.7,1.0861,0.000164466,1.5e-05,1.49196e-05,0.00991457,0.00660995,0.015,0.680931,0.109913,0.0072629,0.00524795,-2.18611e-19,0.012847,disc: low, 15 mL/s
3.70833,1.08646,0.000164342,1.5e-05,1.49216e-05,0.00991632,0.00661115,0.015,0.680974,0.109799,0.00726304,0.0052482,3.25512e-19,0.0128465,disc: low, 15 mL/s
3.71667,1.08683,0.000164218,1.5e-05,1.4925e-05,0.00991894,0.00661297,0.015,0.681029,0.10969,0.00726337,0.00524866,5.18077e-19,0.0128438,disc: low, 15 mL/s
3.725,1.08719,0.000164093,1.5e-05,1.49274e-05,0.00991584,0.00661068,0.015,0.681007,0.109548,0.0072646,0.00524926,-4.08249e-19,0.0128435,disc: low, 15 mL/s
3.73333,1.08755,0.000163969,1.5e-05,1.49281e-05,0.00991038,0.0066067,0.015,0.680953,0.109391,0.00726586,0.00524968,4.19514e-20,0.0128421,disc: low, 15 mL/s
3.74167,1.08791,0.000163844,1.5e-05,1.493e-05,0.00991208,0.00660786,0.015,0.680995,0.109277,0.00726601,0.00524993,5.06823e-19,0.0128373,disc: low, 15 mL/s
3.75,1.08827,0.00016372,1.5e-05,1.49318e-05,0.00991049,0.00660666,0.015,0.680993,0.109143,0.00726676,0.00525032,9.88289e-20,0.0128363,disc: low, 15 mL/s
3.75833,1.08863,0.000163595,1.5e-05,1.49382e-05,0.00992121,0.00661429,0.015,0.681157,0.109083,0.00726623,0.00525088,-8.36926e-19,0.0128297,disc: low, 15 mL/s
3.76667,1.08899,0.000163471,1.5e-05,1.49473e-05,0.00992782,0.00661897,0.015,0.681265,0.108998,0.00726716,0.00525212,-7.55685e-19,0.0128292,disc: low, 15 mL/s
3.775,1.08935,0.000163346,1.5e-05,1.4958e-05,0.00993242,0.0066222,0.015,0.681346,0.108901,0.00726887,0.00525375,1.18308e-18,0.012828,disc: low, 15 mL/s
3.78333,1.0897,0.000163222,1.5e-05,1.49619e-05,0.00991636,0.00661062,0.015,0.681149,0.108683,0.00727298,0.0052553,-4.34889e-19,0.0128337,disc: low, 15 mL/s
3.79167,1.09006,0.000163097,1.5e-05,1.49602e-05,0.00989862,0.00659783,0.015,0.68093,0.108456,0.0072761,0.00525597,-2.72971e-19,0.0128325,disc: low, 15 mL/s
3.8,1.09042,0.000162972,1.5e-05,1.49596e-05,0.00990118,0.0065996,0.015,0.680983,0.108348,0.00727545,0.00525572,2.88608e-19,0.0128233,disc: low, 15 mL/s
3.80833,1.09077,0.000162848,1.5e-05,1.49635e-05,0.00991238,0.00660759,0.015,0.681153,0.10829,0.00727422,0.00525581,5.62979e-19,0.0128185,disc: low, 15 mL/s
3.81667,1.09113,0.000162723,1.5e-05,1.49665e-05,0.00990936,0.00660536,0.015,0.681131,0.10815,0.00727556,0.0052565,1.55108e-20,0.0128221,disc: low, 15 mL/s
3.825,1.09149,0.000162598,1.5e-05,1.4967e-05,0.00990211,0.00660009,0.015,0.681053,0.107984,0.00727712,0.00525697,2.07214e-19,0.0128221,disc: low, 15 mL/s
3.83333,1.09185,0.000162473,1.5e-05,1.49657e-05,0.00989382,0.00659408,0.015,0.68096,0.107812,0.00727847,0.0052572,-1.27787e-18,0.012821,disc: low, 15 mL/s
3.84167,1.0922,0.000162349,1.5e-05,1.49635e-05,0.00988774,0.00658966,0.015,0.680897,0.107654,0.00727916,0.00525715,5.68568e-19,0.0128188,disc: low, 15 mL/s
3.85,1.09256,0.000162224,1.5e-05,1.49626e-05,0.00989126,0.00659213,0.015,0.680963,0.107551,0.00727825,0.0052568,-1.23527e-19,0.012814,disc: low, 15 mL/s
3.85833,1.09292,0.000162099,1.5e-05,1.49619e-05,0.00989044,0.00659148,0.015,0.680971,0.107423,0.00727826,0.00525672,2.88331e-19,0.0128143,disc: low, 15 mL/s
3.86667,1.09327,0.000161975,1.5e-05,1.49623e-05,0.00989315,0.00659336,0.015,0.681027,0.107316,0.00727785,0.00525665,-4.61149e-19,0.0128118,disc: low, 15 mL/s
3.875,1.09363,0.00016185,1.5e-05,1.49618e-05,0.00988803,0.00658963,0.015,0.680977,0.107163,0.00727874,0.00525683,7.29792e-19,0.0128135,disc: low, 15 mL/s
3.88333,1.09399,0.000161725,1.5e-05,1.4959e-05,0.00987641,0.00658123,0.015,0.680839,0.106972,0.0072804,0.00525699,-1.09816e-19,0.0128149,disc: low, 15 mL/s
3.89167,1.09435,0.000161601,1.5e-05,1.49567e-05,0.00987568,0.00658064,0.015,0.680848,0.106844,0.00727999,0.00525661,-4.88097e-19,0.0128099,disc: low, 15 mL/s
3.9,1.09471,0.000161476,1.5e-05,1.49523e-05,0.00986422,0.00657236,0.015,0.680712,0.106654,0.00728121,0.00525646,5.7282e-20,0.0128129,disc: low, 15 mL/s
3.90833,1.09507,0.000161351,1.5e-05,1.49493e-05,0.00986824,0.00657518,0.015,0.680785,0.106553,0.00727971,0.00525573,9.77465e-19,0.0128064,disc: low, 15 mL/s
3.91667,1.09543,0.000161227,1.5e-05,1.49499e-05,0.009881,0.00658428,0.015,0.680976,0.106504,0.00727734,0.00525515,-5.04149e-19,0.0128024,disc: low, 15 mL/s
3.925,1.09579,0.000161102,1.5e-05,1.49523e-05,0.00988379,0.00658621,0.015,0.681033,0.106396,0.00727738,0.00525541,-7.63568e-20,0.0128053,disc: low, 15 mL/s
3.93333,1.09615,0.000160978,1.5e-05,1.49522e-05,0.00987654,0.00658095,0.015,0.680953,0.10623,0.00727881,0.00525579,-3.25148e-19,0.0128084,disc: low, 15 mL/s
3.94167,1.0965,0.000160853,1.5e-05,1.49538e-05,0.00987954,0.00658304,0.015,0.681013,0.106123,0.00727864,0.00525592,-3.73796e-20,0.012804,disc: low, 15 mL/s
3.95,1.09686,0.000160728,1.5e-05,1.49594e-05,0.00988808,0.00658908,0.015,0.681147,0.106049,0.00727833,0.00525644,3.79373e-19,0.0128014,disc: low, 15 mL/s
3.95833,1.09722,0.000160604,1.5e-05,1.49553e-05,0.00985535,0.00656557,0.015,0.680724,0.105736,0.00728384,0.0052575,1.75595e-19,0.0128162,disc: low, 15 mL/s
3.96667,1.09758,0.000160479,1.5e-05,1.49494e-05,0.00984421,0.00655751,0.015,0.680592,0.105548,0.00728463,0.00525707,7.503e-20,0.0128079,disc: low, 15 mL/s
3.975,1.09794,0.000160355,1.5e-05,1.49437e-05,0.0098423,0.00655608,0.015,0.680585,0.105413,0.00728364,0.00525617,2.6197e-19,0.0128042,disc: low, 15 mL/s
3.98333,1.0983,0.00016023,1.5e-05,1.49379e-05,0.00983865,0.0065534,0.015,0.680554,0.105268,0.00728296,0.00525535,-7.18848e-19,0.0128046,disc: low, 15 mL/s
3.99167,1.09867,0.000160106,1.5e-05,1.49334e-05,0.00984189,0.00655566,0.015,0.680616,0.105162,0.00728125,0.00525439,-3.99343e-19,0.0128019,disc: low, 15 mL/s
4,1.09903,0.000159981,1.5e-05,1.49271e-05,0.00983069,0.00654757,0.015,0.680484,0.104973,0.00728196,0.00525389,9.38842e-19,0.0128071,disc: low, 15 mL/s
4.00833,1.09939,0.000159857,1.5e-05,1.4922e-05,0.009833,0.00654917,0.015,0.680534,0.104861,0.00728027,0.00525286,-9.15822e-19,0.0128021,disc: low, 15 mL/s
4.01667,1.09905,0.000159733,9e-06,1.49106e-05,0.00980447,0.00652877,0.0150003,0.680135,0.104816,0.00728316,0.00525239,9.06769e-19,0.0128068,approach centre, 9 mL/s
4.025,1.09869,0.000159609,9e-06,1.48943e-05,0.0097807,0.00651181,0.0150013,0.679809,0.104801,0.00728393,0.00525076,-1.96566e-19,0.0128024,approach centre, 9 mL/s
4.03333,1.09833,0.000159485,9e-06,1.48722e-05,0.009751,0.00649063,0.015003,0.679412,0.104754,0.00728444,0.00524838,-1.49152e-19,0.0128001,approach centre, 9 mL/s
4.04167,1.09796,0.000159361,9e-06,1.48388e-05,0.00969417,0.00645008,0.0150054,0.678656,0.104553,0.00728765,0.00524544,-2.47788e-20,0.0128041,approach centre, 9 mL/s
4.05,1.09758,0.000159238,9e-06,1.47996e-05,0.0096605,0.00642609,0.0150084,0.678224,0.104486,0.00728482,0.00524019,5.71748e-20,0.0127876,approach centre, 9 mL/s
4.05833,1.09719,0.000159115,9e-06,1.47558e-05,0.00963008,0.0064044,0.015012,0.677845,0.10444,0.00728018,0.00523388,-7.56038e-19,0.0127768,approach centre, 9 mL/s
4.06667,1.0968,0.000158992,9e-06,1.47067e-05,0.00959551,0.00637966,0.0150164,0.677418,0.10437,0.0072751,0.00522682,5.4375e-19,0.012767,approach centre, 9 mL/s
4.075,1.09641,0.00015887,9e-06,1.46528e-05,0.00956109,0.00635505,0.0150214,0.677003,0.104301,0.00726877,0.00521883,-1.56916e-19,0.0127541,approach centre, 9 mL/s
4.08333,1.09601,0.000158748,9e-06,1.45951e-05,0.00953061,0.0063333,0.0150271,0.676651,0.104257,0.00726067,0.0052099,-3.19772e-19,0.012738,approach centre, 9 mL/s
4.09167,1.09561,0.000158627,9e-06,1.45311e-05,0.0094864,0.00630175,0.0150334,0.676122,0.104132,0.00725378,0.00520052,2.9614e-19,0.0127268,approach centre, 9 mL/s
4.1,1.09521,0.000158507,9e-06,1.44608e-05,0.00944032,0.00626889,0.0150404,0.675576,0.103995,0.00724567,0.00519004,-3.18699e-20,0.0127095,approach centre, 9 mL/s
4.10833,1.0948,0.000158387,9e-06,1.43848e-05,0.00939552,0.00623689,0.015048,0.675057,0.103865,0.00723587,0.00517841,-2.44275e-19,0.0126893,approach centre, 9 mL/s
4.11667,1.09439,0.000158268,9e-06,1.43043e-05,0.00935399,0.00620713,0.0150563,0.674592,0.103752,0.00722422,0.0051657,1.14367e-18,0.0126666,approach centre, 9 mL/s
4.125,1.09399,0.000158149,9e-06,1.4221e-05,0.00932022,0.00618299,0.0150653,0.674242,0.103686,0.00721018,0.00515199,-8.16842e-19,0.0126407,approach centre, 9 mL/s
4.13333,1.09358,0.000158031,9e-06,1.41354e-05,0.00928712,0.00615936,0.0150749,0.673911,0.103623,0.00719532,0.00513772,4.50281e-19,0.0126158,approach centre, 9 mL/s
4.14167,1.09317,0.000157914,9e-06,1.40476e-05,0.00925428,0.00613594,0.0150852,0.673592,0.10356,0.00717977,0.00512295,-1.11757e-20,0.0125894,approach centre, 9 mL/s
4.15,1.09277,0.000157798,9e-06,1.39575e-05,0.00922025,0.00611168,0.0150961,0.673267,0.103489,0.0071638,0.00510775,2.43291e-19,0.0125618,approach centre, 9 mL/s
4.15833,1.09236,0.000157683,9e-06,1.38653e-05,0.00918603,0.00608726,0.0151076,0.672948,0.103415,0.00714725,0.00509207,-4.7367e-20,0.0125322,approach centre, 9 mL/s
4.16667,1.09196,0.000157568,9e-06,1.37715e-05,0.00915362,0.00606407,0.0151198,0.672664,0.10335,0.00712984,0.0050759,1.46599e-19,0.0125002,approach centre, 9 mL/s
4.175,1.09156,0.000157454,9e-06,1.36743e-05,0.00911083,0.00603341,0.0151327,0.672248,0.10322,0.00711364,0.00505956,-5.46066e-19,0.0124711,approach centre, 9 mL/s
4.18333,1.09117,0.000157341,9e-06,1.35773e-05,0.00908613,0.00601577,0.0151461,0.672088,0.103199,0.00709355,0.00504218,-5.24767e-19,0.0124299,approach centre, 9 mL/s
4.19167,1.09077,0.000157228,9e-06,1.34751e-05,0.00903271,0.00597759,0.0151602,0.671544,0.103,0.00707807,0.00502527,7.53575e-19,0.0124046,approach centre, 9 mL/s
4.2,1.09038,0.000157117,9e-06,1.33707e-05,0.00899284,0.00594913,0.015175,0.671196,0.102881,0.00705901,0.0050071,2.70943e-19,0.0123617,approach centre, 9 mL/s
4.20833,1.09,0.000157006,9e-06,1.32658e-05,0.00896173,0.00592693,0.0151903,0.670976,0.102815,0.00703785,0.00498826,-1.03266e-18,0.0123191,approach centre, 9 mL/s
4.21667,1.08961,0.000156897,9e-06,1.31613e-05,0.00893431,0.00590733,0.0152063,0.670816,0.102768,0.00701586,0.00496916,4.43457e-19,0.0122767,approach centre, 9 mL/s
4.225,1.08924,0.000156788,9e-06,1.3056e-05,0.00890102,0.00588346,0.0152228,0.670585,0.102683,0.00699482,0.00495012,-2.5236e-19,0.0122364,approach centre, 9 mL/s
4.23333,1.08886,0.00015668,9e-06,1.29495e-05,0.00886531,0.00585788,0.01524,0.670331,0.102579,0.00697385,0.00493088,1.24846e-19,0.0121933,approach centre, 9 mL/s
4.24167,1.0885,0.000156573,9e-06,1.28418e-05,0.00882795,0.00583117,0.0152578,0.670063,0.102464,0.00695273,0.00491136,2.40672e-19,0.0121484,approach centre, 9 mL/s
4.25,1.08814,0.000156467,9e-06,1.27341e-05,0.00879709,0.00580913,0.0152762,0.669892,0.102386,0.00693006,0.00489137,-3.53732e-19,0.0120989,approach centre, 9 mL/s
4.25833,1.08778,0.000156362,9e-06,1.26268e-05,0.00876796,0.00578834,0.0152952,0.669755,0.102317,0.00690698,0.00487123,2.99578e-19,0.0120496,approach centre, 9 mL/s
4.26667,1.08743,0.000156257,9e-06,1.25174e-05,0.00872524,0.00575782,0.0153148,0.66944,0.102159,0.00688608,0.00485128,-3.61979e-19,0.0120046,approach centre, 9 mL/s
4.275,1.08709,0.000156154,9e-06,1.24073e-05,0.00868949,0.00573219,0.0153349,0.66923,0.102041,0.00686339,0.00483071,7.07e-19,0.0119502,approach centre, 9 mL/s
4.28333,1.08675,0.000156051,9e-06,1.22968e-05,0.0086543,0.00570695,0.0153557,0.669037,0.101923,0.00684031,0.00480989,-8.60923e-20,0.0118969,approach centre, 9 mL/s
4.29167,1.08642,0.00015595,9e-06,1.21865e-05,0.00862224,0.00568398,0.015377,0.668895,0.101823,0.00681642,0.00478882,-4.92942e-20,0.0118412,approach centre, 9 mL/s
4.3,1.0861,0.000155849,9e-06,1.20763e-05,0.00858955,0.0056606,0.0153989,0.668754,0.101716,0.00679252,0.00476766,8.24676e-20,0.0117854,approach centre, 9 mL/s
4.30833,1.08578,0.00015575,9e-06,1.19656e-05,0.00855355,0.00563487,0.0154213,0.668575,0.101584,0.00676903,0.00474645,-1.94781e-19,0.0117292,approach centre, 9 mL/s
4.31667,1.08547,0.000155651,9e-06,1.18557e-05,0.00852442,0.00561407,0.0154443,0.6685,0.101494,0.00674411,0.00472492,-5.24148e-19,0.0116677,approach centre, 9 mL/s
4.325,1.08517,0.000155553,9e-06,1.17461e-05,0.0084922,0.00559104,0.0154679,0.66839,0.10138,0.00671977,0.00470346,5.03529e-20,0.0116086,approach centre, 9 mL/s
4.33333,1.08488,0.000155456,9e-06,1.16369e-05,0.00846031,0.00556819,0.015492,0.668293,0.101265,0.0066953,0.00468193,5.66461e-19,0.0115467,approach centre, 9 mL/s
4.34167,1.0846,0.00015536,9e-06,1.1529e-05,0.00843411,0.00554937,0.0155166,0.668283,0.101183,0.00666983,0.00466025,1.37801e-20,0.0114814,approach centre, 9 mL/s
4.35,1.08432,0.000155265,9e-06,1.14227e-05,0.00840999,0.00553207,0.0155418,0.66831,0.101112,0.0066442,0.00463867,-4.2387e-19,0.0114162,approach centre, 9 mL/s
4.35833,1.08405,0.00015517,9e-06,1.13184e-05,0.00838806,0.00551637,0.0155675,0.668374,0.101053,0.0066185,0.00461725,-2.8809e-19,0.0113496,approach centre, 9 mL/s
4.36667,1.08379,0.000155077,9e-06,1.12158e-05,0.00836534,0.00550012,0.0155937,0.668436,0.100985,0.00659329,0.0045961,7.51369e-19,0.0112828,approach centre, 9 mL/s
4.375,1.08354,0.000154984,9e-06,1.11146e-05,0.00834137,0.00548297,0.0156204,0.668489,0.100907,0.00656862,0.0045752,-5.91758e-19,0.0112149,approach centre, 9 mL/s
4.38333,1.08329,0.000154892,9e-06,1.1015e-05,0.00831829,0.00546648,0.0156476,0.668561,0.100831,0.00654405,0.00455445,8.61242e-20,0.0111449,approach centre, 9 mL/s
4.39167,1.08305,0.000154802,9e-06,1.09165e-05,0.00829239,0.00544797,0.0156753,0.668603,0.100734,0.00652022,0.00453393,-2.44294e-19,0.011075,approach centre, 9 mL/s
4.4,1.08283,0.000154711,9e-06,1.08201e-05,0.0082744,0.00543513,0.0157035,0.66876,0.100687,0.00649523,0.00451339,2.47334e-19,0.0109997,approach centre, 9 mL/s
4.40833,1.0826,0.000154622,9e-06,1.07249e-05,0.00824934,0.0054172,0.0157322,0.668828,0.100589,0.00647191,0.0044933,1.01513e-19,0.0109291,approach centre, 9 mL/s
4.41667,1.08239,0.000154533,9e-06,1.06275e-05,0.008205,0.00538534,0.0157614,0.668641,0.100359,0.00645198,0.00447359,2.50105e-20,0.0108619,approach centre, 9 mL/s
4.425,1.08219,0.000154446,9e-06,1.05311e-05,0.00817844,0.00536626,0.015791,0.668703,0.100244,0.00642834,0.0044531,-1.17313e-19,0.0107791,approach centre, 9 mL/s
4.43333,1.08199,0.000154359,9e-06,1.04328e-05,0.00813421,0.00533452,0.0158211,0.668531,0.100008,0.00640776,0.00443293,1.1486e-19,0.0107091,approach centre, 9 mL/s
4.44167,1.0818,0.000154273,9e-06,1.03365e-05,0.00811427,0.00532025,0.0158516,0.668698,0.0999316,0.00638241,0.00441194,-2.12739e-19,0.0106215,approach centre, 9 mL/s
4.45,1.08162,0.000154187,9e-06,1.02414e-05,0.0080883,0.00530167,0.0158826,0.66879,0.0998118,0.00635852,0.00439134,-2.05938e-19,0.0105446,approach centre, 9 mL/s
4.45833,1.08145,0.000154103,9e-06,1.01486e-05,0.00807137,0.00528957,0.015914,0.669012,0.09975,0.00633327,0.00437073,4.60366e-19,0.0104607,approach centre, 9 mL/s
4.46667,1.08129,0.000154019,9e-06,1.00583e-05,0.00805544,0.00527818,0.0159458,0.669254,0.099692,0.00630843,0.00435049,1.10829e-19,0.0103788,approach centre, 9 mL/s
4.475,1.08114,0.000153936,9e-06,9.96874e-06,0.00802935,0.00525952,0.0159781,0.669364,0.0995623,0.00628585,0.0043308,-4.31317e-19,0.0103003,approach centre, 9 mL/s
4.48333,1.08099,0.000153853,9e-06,9.88044e-06,0.00800643,0.00524311,0.0160108,0.669523,0.0994508,0.00626284,0.00431113,1.82302e-19,0.0102154,approach centre, 9 mL/s
4.49167,1.08086,0.000153772,9e-06,9.79292e-06,0.00798069,0.00522462,0.0160438,0.66965,0.0993166,0.00624055,0.00429165,5.56123e-20,0.0101319,approach centre, 9 mL/s
4.5,1.08073,0.000153691,9e-06,9.70812e-06,0.00796793,0.00521544,0.0160772,0.669961,0.0992679,0.0062162,0.00427209,-3.57366e-19,0.0100412,approach centre, 9 mL/s
4.50833,1.08061,0.000153611,9e-06,9.62466e-06,0.0079469,0.00520031,0.0161111,0.670164,0.0991597,0.00619392,0.0042531,5.04892e-20,0.00995792,approach centre, 9 mL/s
4.51667,1.0805,0.000153531,9e-06,9.54387e-06,0.00793499,0.00519175,0.0161453,0.670498,0.0991114,0.00617041,0.0042342,1.27833e-18,0.00986681,approach centre, 9 mL/s
4.525,1.0804,0.000153452,9e-06,9.46368e-06,0.00791034,0.00517406,0.0161798,0.670663,0.098973,0.00614968,0.00421593,-1.03744e-18,0.00978343,approach centre, 9 mL/s
4.53333,1.08031,0.000153374,9e-06,9.38431e-06,0.00788718,0.00515744,0.0162147,0.670854,0.0988419,0.00612876,0.00419769,-4.17142e-20,0.00969352,approach centre, 9 mL/s
4.54167,1.08022,0.000153297,9e-06,9.30745e-06,0.00787551,0.00514908,0.01625,0.671207,0.0987873,0.00610609,0.00417941,-3.93248e-21,0.00959873,approach centre, 9 mL/s
4.55,1.08015,0.00015322,9e-06,9.23115e-06,0.00785163,0.00513197,0.0162856,0.671399,0.0986459,0.00608607,0.00416173,1.02354e-19,0.00951253,approach centre, 9 mL/s
4.55833,1.08008,0.000153143,9e-06,9.15642e-06,0.00783454,0.00511974,0.0163215,0.671689,0.0985485,0.00606501,0.00414402,-2.39517e-19,0.00941792,approach centre, 9 mL/s
4.56667,1.08002,0.000153068,9e-06,9.08401e-06,0.00782309,0.00511154,0.0163577,0.67206,0.0984874,0.0060434,0.00412651,3.71123e-19,0.00932295,approach centre, 9 mL/s
4.575,1.07997,0.000152992,9e-06,9.01461e-06,0.00781716,0.00510731,0.0163943,0.67251,0.0984618,0.00602152,0.00410938,-4.95564e-19,0.00922723,approach centre, 9 mL/s
4.58333,1.07993,0.000152918,9e-06,8.94695e-06,0.00780363,0.00509762,0.0164311,0.672862,0.0983812,0.00600172,0.00409292,6.5697e-19,0.00913603,approach centre, 9 mL/s
4.59167,1.07989,0.000152844,9e-06,8.8812e-06,0.00779182,0.00508916,0.0164682,0.673241,0.09831,0.00598211,0.00407676,-4.66516e-19,0.00904035,approach centre, 9 mL/s
4.6,1.07987,0.00015277,9e-06,8.81728e-06,0.00778006,0.00508074,0.0165056,0.673625,0.0982366,0.00596301,0.00406095,8.40254e-20,0.00894463,approach centre, 9 mL/s
4.60833,1.07985,0.000152697,9e-06,8.75389e-06,0.00776011,0.00506644,0.0165433,0.673903,0.098104,0.00594573,0.00404557,1.3722e-19,0.00885156,approach centre, 9 mL/s
4.61667,1.07984,0.000152625,9e-06,8.6916e-06,0.0077441,0.00505495,0.0165812,0.674237,0.097996,0.0059279,0.00403022,-2.74061e-19,0.00875293,approach centre, 9 mL/s
4.625,1.07983,0.000152553,9e-06,8.63128e-06,0.00773446,0.00504799,0.0166194,0.674662,0.0979296,0.00590933,0.004015,8.32267e-19,0.0086527,approach centre, 9 mL/s
4.63333,1.07984,0.000152482,9e-06,8.57258e-06,0.0077231,0.0050398,0.0166578,0.675067,0.0978489,0.00589159,0.00400019,-4.74343e-19,0.00855512,approach centre, 9 mL/s
4.64167,1.07985,0.000152411,9e-06,8.51665e-06,0.00772024,0.00503774,0.0166964,0.67559,0.0978253,0.00587294,0.00398561,-1.91066e-19,0.00845287,approach centre, 9 mL/s
4.65,1.07987,0.00015234,9e-06,8.46247e-06,0.0077113,0.0050313,0.0167352,0.676034,0.097757,0.00585611,0.00397167,1.96784e-19,0.00835593,approach centre, 9 mL/s
4.65833,1.0799,0.00015227,9e-06,8.40986e-06,0.00770174,0.0050244,0.0167743,0.676472,0.0976821,0.00583987,0.00395807,-5.34739e-20,0.00825627,approach centre, 9 mL/s
4.66667,1.07993,0.0001522,9e-06,8.35919e-06,0.00769536,0.00501981,0.0168135,0.676956,0.0976273,0.00582359,0.00394477,-6.03002e-19,0.00815458,approach centre, 9 mL/s
4.675,1.07997,0.000152131,9e-06,8.31058e-06,0.00769051,0.00501631,0.016853,0.677464,0.0975811,0.00580764,0.00393186,5.32059e-19,0.00805309,approach centre, 9 mL/s
4.68333,1.08002,0.000152062,9e-06,8.26398e-06,0.00768601,0.00501307,0.0168925,0.677978,0.0975354,0.00579227,0.00391938,6.10397e-20,0.00795162,approach centre, 9 mL/s
4.69167,1.08007,0.000151994,9e-06,8.2194e-06,0.00768231,0.0050104,0.0169323,0.678506,0.0974931,0.0057774,0.00390732,-4.6954e-19,0.00784956,approach centre, 9 mL/s
4.7,1.08013,0.000151926,9e-06,8.17628e-06,0.00767553,0.00500551,0.0169722,0.678994,0.0974274,0.00576363,0.00389572,4.85377e-19,0.00774868,approach centre, 9 mL/s
4.70833,1.0802,0.000151858,9e-06,8.13557e-06,0.00767585,0.00500574,0.0170123,0.67958,0.0974095,0.0057492,0.00388437,-6.62943e-19,0.00764331,approach centre, 9 mL/s
4.71667,1.08028,0.00015179,9e-06,8.09593e-06,0.00766767,0.00499984,0.0170525,0.680053,0.0973301,0.00573686,0.00387361,5.40499e-19,0.00754395,approach centre, 9 mL/s
4.725,1.08036,0.000151723,9e-06,8.05794e-06,0.00766394,0.00499716,0.0170928,0.680587,0.0972801,0.00572416,0.00386304,-3.64708e-19,0.00743901,approach centre, 9 mL/s
4.73333,1.08044,0.000151656,9e-06,8.02195e-06,0.00766338,0.00499674,0.0171332,0.681165,0.0972504,0.00571148,0.00385281,9.0757e-19,0.00733431,approach centre, 9 mL/s
4.74167,1.08053,0.00015159,9e-06,7.98789e-06,0.00766289,0.00499637,0.0171737,0.681746,0.0972194,0.00569945,0.00384303,-5.97186e-19,0.00723063,approach centre, 9 mL/s
4.75,1.08063,0.000151524,9e-06,7.95543e-06,0.00766095,0.00499497,0.0172143,0.682308,0.0971765,0.00568825,0.00383369,-8.11106e-19,0.00712733,approach centre, 9 mL/s
4.75833,1.08074,0.000151458,9e-06,7.92351e-06,0.00765205,0.00498856,0.017255,0.682778,0.0970833,0.00567865,0.00382473,8.36158e-19,0.0070261,approach centre, 9 mL/s
4.76667,1.08084,0.000151392,9e-06,7.89274e-06,0.00764764,0.00498538,0.0172957,0.683308,0.0970198,0.00566852,0.00381587,-5.93959e-19,0.00692003,approach centre, 9 mL/s
4.775,1.08096,0.000151326,9e-06,7.86161e-06,0.007633,0.00497485,0.0173365,0.683703,0.0968832,0.00566032,0.00380731,3.35557e-19,0.00681984,approach centre, 9 mL/s
4.78333,1.08108,0.000151261,9e-06,7.83053e-06,0.00762107,0.00496627,0.0173773,0.684134,0.0967638,0.00565156,0.00379865,3.48671e-19,0.00671425,approach centre, 9 mL/s
4.79167,1.08121,0.000151196,9e-06,7.80074e-06,0.00761793,0.00496401,0.0174182,0.684683,0.0967042,0.00564144,0.00378995,-2.66801e-19,0.00660607,approach centre, 9 mL/s
4.8,1.08134,0.000151131,9e-06,7.7723e-06,0.00761573,0.00496241,0.0174591,0.685245,0.0966494,0.0056316,0.00378154,3.17236e-19,0.00650106,approach centre, 9 mL/s
4.80833,1.08148,0.000151067,9e-06,7.74599e-06,0.00761941,0.00496503,0.0175,0.685885,0.0966341,0.00562132,0.00377341,-5.90792e-19,0.00639398,approach centre, 9 mL/s
4.81667,1.08162,0.000151002,9e-06,7.72116e-06,0.00761941,0.00496501,0.0175409,0.686475,0.0965915,0.00561231,0.00376578,3.24905e-19,0.00629084,approach centre, 9 mL/s
4.825,1.08177,0.000150938,9e-06,7.69662e-06,0.00761145,0.00495928,0.0175818,0.68696,0.0964918,0.005605,0.00375853,5.92135e-20,0.0061895,approach centre, 9 mL/s
4.83333,1.08192,0.000150874,9e-06,7.67391e-06,0.00761452,0.00496146,0.0176227,0.68759,0.0964675,0.00559611,0.0037513,-2.96705e-19,0.00608038,approach centre, 9 mL/s
4.84167,1.08208,0.000150811,9e-06,7.65143e-06,0.00760699,0.00495604,0.0176635,0.688079,0.0963678,0.00558944,0.00374454,2.2002e-19,0.00598027,approach centre, 9 mL/s
4.85,1.08224,0.000150747,9e-06,7.63001e-06,0.00760533,0.00495483,0.0177043,0.688645,0.0963075,0.00558195,0.00373781,4.02304e-19,0.00587348,approach centre, 9 mL/s
4.85833,1.08241,0.000150684,9e-06,7.61013e-06,0.00760753,0.00495639,0.017745,0.689261,0.0962727,0.00557423,0.00373131,-7.92413e-19,0.00576765,approach centre, 9 mL/s
4.86667,1.08259,0.00015062,9e-06,7.59232e-06,0.00761399,0.00496099,0.0177857,0.689932,0.0962659,0.00556641,0.00372517,4.61493e-20,0.00566183,approach centre, 9 mL/s
4.875,1.08276,0.000150557,9e-06,7.5761e-06,0.0076179,0.00496377,0.0178263,0.690568,0.0962401,0.00555968,0.00371951,3.93912e-19,0.00555901,approach centre, 9 mL/s
4.88333,1.08295,0.000150494,9e-06,7.56072e-06,0.00761702,0.00496312,0.0178668,0.691139,0.0961796,0.00555422,0.00371425,6.5536e-20,0.00545735,approach centre, 9 mL/s
4.89167,1.08313,0.000150431,9e-06,7.54594e-06,0.00761486,0.00496154,0.0179072,0.691691,0.0961088,0.00554923,0.00370919,1.14911e-19,0.00535449,approach centre, 9 mL/s
4.9,1.08332,0.000150368,9e-06,7.53293e-06,0.00762099,0.00496592,0.0179475,0.692351,0.0960945,0.00554322,0.00370426,-1.35109e-19,0.00524794,approach centre, 9 mL/s
4.90833,1.08352,0.000150306,9e-06,7.5195e-06,0.00761252,0.00495982,0.0179877,0.692817,0.0959774,0.00553998,0.00369979,1.36441e-19,0.0051512,approach centre, 9 mL/s
4.91667,1.08372,0.000150243,9e-06,7.50572e-06,0.00760424,0.00495385,0.0180278,0.693282,0.0958604,0.00553657,0.00369522,1.25219e-20,0.00504866,approach centre, 9 mL/s
4.925,1.08392,0.000150181,9e-06,7.49241e-06,0.00760167,0.00495198,0.0180677,0.693821,0.0957818,0.00553218,0.00369056,5.12102e-19,0.00494419,approach centre, 9 mL/s
4.93333,1.08413,0.000150118,9e-06,7.47749e-06,0.00758443,0.00493958,0.0181075,0.694164,0.0956001,0.00553013,0.00368606,-1.9117e-19,0.00484859,approach centre, 9 mL/s
4.94167,1.08434,0.000150056,9e-06,7.46357e-06,0.00758517,0.00494008,0.018147,0.694741,0.0955419,0.00552484,0.00368114,-3.76021e-19,0.00473981,approach centre, 9 mL/s
4.95,1.08456,0.000149994,9e-06,7.45131e-06,0.00759091,0.00494417,0.0181865,0.695382,0.0955171,0.00551916,0.00367646,2.17475e-19,0.00463687,approach centre, 9 mL/s
4.95833,1.08478,0.000149932,9e-06,7.44108e-06,0.00759989,0.00495058,0.0182257,0.696062,0.0955133,0.00551359,0.00367218,-5.76631e-19,0.00453514,approach centre, 9 mL/s
4.96667,1.08501,0.00014987,9e-06,7.43202e-06,0.00760349,0.00495314,0.0182648,0.696668,0.095471,0.00550952,0.00366839,2.44018e-19,0.00443751,approach centre, 9 mL/s
4.975,1.08524,0.000149808,9e-06,7.4224e-06,0.00759541,0.00494731,0.0183036,0.697118,0.0953468,0.00550758,0.0036649,1.07945e-19,0.00434302,approach centre, 9 mL/s
4.98333,1.08547,0.000149747,9e-06,7.4138e-06,0.00759812,0.00494922,0.0183422,0.697706,0.095296,0.00550385,0.00366128,1.34886e-19,0.00423971,approach centre, 9 mL/s
4.99167,1.08571,0.000149685,9e-06,7.40561e-06,0.00759698,0.00494837,0.0183806,0.69824,0.0952175,0.00550104,0.0036579,-4.29246e-19,0.0041431,approach centre, 9 mL/s
5,1.08595,0.000149623,9e-06,7.39718e-06,0.00759145,0.00494437,0.0184188,0.698713,0.0951075,0.00549903,0.00365465,4.162e-19,0.00404731,approach centre, 9 mL/s
5.00833,1.08619,0.000149562,9e-06,7.3899e-06,0.00759552,0.00494726,0.0184567,0.699308,0.0950625,0.00549552,0.00365134,1.78e-19,0.00394631,approach centre, 9 mL/s
5.01667,1.08644,0.0001495,9e-06,7.38373e-06,0.0075998,0.00495029,0.0184944,0.699902,0.0950179,0.00549238,0.00364831,-2.78484e-19,0.00384989,approach centre, 9 mL/s
5.025,1.08669,0.000149439,9e-06,7.37892e-06,0.00760623,0.00495488,0.0185318,0.70052,0.0949869,0.00548932,0.00364555,2.8737e-20,0.00375333,approach centre, 9 mL/s
5.03333,1.08695,0.000149377,9e-06,7.37566e-06,0.00761446,0.00496075,0.0185689,0.701157,0.0949672,0.00548648,0.00364312,-1.24083e-19,0.00365764,approach centre, 9 mL/s
5.04167,1.08721,0.000149316,9e-06,7.37449e-06,0.00762713,0.00496982,0.0186057,0.701848,0.0949768,0.00548354,0.00364107,-4.01929e-19,0.00356157,approach centre, 9 mL/s
5.05,1.08747,0.000149254,9e-06,7.37196e-06,0.00761627,0.00496198,0.0186423,0.702227,0.0948239,0.00548476,0.00363953,4.91847e-19,0.00347795,approach centre, 9 mL/s
5.05833,1.08774,0.000149193,9e-06,7.37135e-06,0.00762797,0.00497035,0.0186785,0.702896,0.0948248,0.00548223,0.00363768,-2.64454e-19,0.00337584,approach centre, 9 mL/s
5.06667,1.08801,0.000149131,9e-06,7.37063e-06,0.00762602,0.00496892,0.0187144,0.703382,0.0947312,0.00548235,0.0036363,6.10929e-19,0.00328969,approach centre, 9 mL/s
5.075,1.08828,0.00014907,9e-06,7.37002e-06,0.00762574,0.00496868,0.01875,0.703885,0.0946482,0.00548219,0.00363491,-4.77549e-19,0.00319796,approach centre, 9 mL/s
5.08333,1.08855,0.000149009,9e-06,7.3707e-06,0.00763144,0.00497275,0.0187853,0.704461,0.0946051,0.00548133,0.00363363,2.66398e-19,0.00310529,approach centre, 9 mL/s
5.09167,1.08883,0.000148947,9e-06,7.36963e-06,0.00762071,0.004965,0.0188202,0.704818,0.0944488,0.00548307,0.00363251,-6.26669e-19,0.00302288,approach centre, 9 mL/s
5.1,1.08911,0.000148886,9e-06,7.36958e-06,0.00762655,0.00496916,0.0188547,0.705386,0.0944048,0.0054819,0.00363108,3.40303e-19,0.00292755,approach centre, 9 mL/s
5.10833,1.08939,0.000148824,9e-06,7.36949e-06,0.00762532,0.00496823,0.0188889,0.705856,0.0943116,0.00548212,0.0036299,1.03367e-19,0.00284306,approach centre, 9 mL/s
5.11667,1.08968,0.000148763,9e-06,7.36887e-06,0.00762068,0.00496486,0.0189228,0.706277,0.0941943,0.00548282,0.00362872,3.55652e-19,0.00275799,approach centre, 9 mL/s
5.125,1.08997,0.000148702,9e-06,7.37037e-06,0.00762954,0.00497119,0.0189562,0.706867,0.0941681,0.00548163,0.00362761,-1.75499e-19,0.0026668,approach centre, 9 mL/s
5.13333,1.09026,0.00014864,9e-06,7.37305e-06,0.00763371,0.00497416,0.0189892,0.707391,0.0941091,0.00548181,0.00362697,6.89361e-20,0.00258424,approach centre, 9 mL/s
5.14167,1.09056,0.000148579,9e-06,7.37793e-06,0.00764212,0.00498018,0.0190219,0.707964,0.094078,0.00548197,0.00362674,-8.75787e-19,0.00249895,approach centre, 9 mL/s
5.15,1.09086,0.000148517,9e-06,7.38492e-06,0.00765103,0.00498656,0.0190542,0.708538,0.0940496,0.00548281,0.00362702,9.56762e-19,0.00241628,approach centre, 9 mL/s
5.15833,1.09116,0.000148455,9e-06,7.39298e-06,0.00765674,0.00499064,0.019086,0.709064,0.0939986,0.00548468,0.00362769,-4.86365e-19,0.00233622,approach centre, 9 mL/s
5.16667,1.09146,0.000148394,9e-06,7.40146e-06,0.00766041,0.00499325,0.0191174,0.709557,0.0939331,0.00548711,0.00362856,6.09552e-19,0.00225675,approach centre, 9 mL/s
5.175,1.09176,0.000148332,9e-06,7.40676e-06,0.0076505,0.00498607,0.0191484,0.709869,0.093775,0.00549104,0.00362912,-1.42729e-19,0.00218323,approach centre, 9 mL/s
5.18333,1.09207,0.00014827,9e-06,7.4148e-06,0.00766191,0.00499426,0.0191789,0.710449,0.0937607,0.00549177,0.00362964,-4.60888e-20,0.00209623,approach centre, 9 mL/s
5.19167,1.09237,0.000148208,9e-06,7.42336e-06,0.0076659,0.0049971,0.019209,0.710928,0.0936954,0.00549416,0.00363055,-6.77831e-19,0.00202242,approach centre, 9 mL/s
5.2,1.09268,0.000148146,9e-06,7.43256e-06,0.00767048,0.00500036,0.0192386,0.711408,0.0936335,0.00549666,0.00363162,4.46354e-19,0.00194641,approach centre, 9 mL/s
5.20833,1.093,0.000148084,9e-06,7.44375e-06,0.00768041,0.00500746,0.0192678,0.711949,0.0936068,0.00549885,0.003633,4.80052e-19,0.00186959,approach centre, 9 mL/s
5.21667,1.09331,0.000148022,9e-06,7.45694e-06,0.00769108,0.00501508,0.0192965,0.712494,0.0935843,0.00550163,0.00363486,-8.53255e-19,0.00179591,approach centre, 9 mL/s
5.225,1.09362,0.00014796,9e-06,7.46982e-06,0.00769374,0.00501694,0.0193247,0.712929,0.0935076,0.00550586,0.00363693,2.07746e-19,0.00172716,approach centre, 9 mL/s
5.23333,1.09394,0.000147898,9e-06,7.48166e-06,0.00769361,0.0050168,0.0193524,0.71332,0.0934118,0.00551026,0.00363886,1.17217e-19,0.00165747,approach centre, 9 mL/s
5.24167,1.09425,0.000147835,9e-06,7.49394e-06,0.00769859,0.00502033,0.0193796,0.713771,0.0933497,0.00551382,0.00364074,1.2021e-19,0.00158571,approach centre, 9 mL/s
5.25,1.09457,0.000147773,9e-06,7.50758e-06,0.00770717,0.00502643,0.0194063,0.71426,0.093311,0.00551716,0.00364283,-1.40246e-19,0.00151588,approach centre, 9 mL/s
5.25833,1.09489,0.00014771,9e-06,7.52243e-06,0.00771568,0.00503248,0.0194325,0.714742,0.0932713,0.00552095,0.00364524,-2.80872e-19,0.0014489,approach centre, 9 mL/s
5.26667,1.09521,0.000147647,9e-06,7.53525e-06,0.00771251,0.00503017,0.0194582,0.715066,0.0931538,0.00552629,0.00364757,3.61218e-19,0.00138814,approach centre, 9 mL/s
5.275,1.09553,0.000147584,9e-06,7.54907e-06,0.00771987,0.00503538,0.0194834,0.715517,0.0931057,0.00552992,0.0036498,-2.33428e-19,0.00131936,approach centre, 9 mL/s
5.28333,1.09586,0.000147521,9e-06,7.56533e-06,0.00773295,0.0050447,0.019508,0.716035,0.0930949,0.00553331,0.00365243,2.26838e-19,0.00125396,approach centre, 9 mL/s
5.29167,1.09618,0.000147458,9e-06,7.58318e-06,0.00774372,0.00505237,0.0195321,0.716516,0.0930684,0.00553773,0.00365554,-1.55018e-19,0.00119333,approach centre, 9 mL/s
5.3,1.0965,0.000147395,9e-06,7.60085e-06,0.0077485,0.00505575,0.0195557,0.716912,0.0930022,0.00554326,0.00365882,-2.31847e-19,0.00113565,approach centre, 9 mL/s
5.30833,1.09683,0.000147331,9e-06,7.61953e-06,0.00775758,0.0050622,0.0195787,0.717355,0.0929639,0.00554829,0.00366221,5.16317e-20,0.00107503,approach centre, 9 mL/s
5.31667,1.09715,0.000147268,9e-06,7.6393e-06,0.00776734,0.00506915,0.0196011,0.717799,0.0929299,0.00555358,0.00366586,-1.82354e-19,0.00101736,approach centre, 9 mL/s
5.325,1.09748,0.000147204,9e-06,7.66079e-06,0.00777969,0.00507796,0.019623,0.718269,0.0929127,0.00555897,0.00366983,5.31266e-19,0.00096033,approach centre, 9 mL/s
5.33333,1.0978,0.00014714,9e-06,7.68363e-06,0.00779135,0.00508627,0.0196443,0.718722,0.0928907,0.00556498,0.00367417,-7.0613e-19,0.000906136,approach centre, 9 mL/s
5.34167,1.09813,0.000147075,9e-06,7.7056e-06,0.00779536,0.00508911,0.0196651,0.719068,0.0928186,0.00557216,0.00367857,1.24291e-18,0.000856332,approach centre, 9 mL/s
5.35,1.09845,0.000147011,9e-06,7.72475e-06,0.00779189,0.00508657,0.0196852,0.719311,0.0926976,0.00557977,0.00368257,-3.12071e-19,0.000807945,approach centre, 9 mL/s
5.35833,1.09877,0.000146947,9e-06,7.74291e-06,0.0077941,0.00508811,0.0197048,0.719618,0.0926137,0.0055859,0.00368615,-3.89518e-19,0.00075552,approach centre, 9 mL/s
5.36667,1.0991,0.000146882,9e-06,7.76128e-06,0.00780031,0.00509253,0.0197238,0.719969,0.0925559,0.00559131,0.00368965,2.01981e-20,0.00070531,approach centre, 9 mL/s
5.375,1.09942,0.000146817,9e-06,7.7798e-06,0.00780638,0.00509684,0.0197422,0.720309,0.092497,0.00559679,0.00369321,5.70761e-20,0.000658373,approach centre, 9 mL/s
5.38333,1.09975,0.000146752,9e-06,7.79928e-06,0.00781545,0.00510331,0.01976,0.72068,0.0924574,0.00560202,0.00369691,-1.48808e-19,0.000611655,approach centre, 9 mL/s
5.39167,1.10007,0.000146687,9e-06,7.82086e-06,0.00782896,0.00511298,0.0197772,0.721098,0.0924467,0.00560711,0.00370097,7.24711e-19,0.000565875,approach centre, 9 mL/s
5.4,1.1004,0.000146622,9e-06,7.84149e-06,0.00783213,0.00511522,0.0197937,0.721376,0.0923687,0.00561389,0.00370517,-4.25277e-19,0.000527861,approach centre, 9 mL/s
5.40833,1.10072,0.000146556,9e-06,7.86353e-06,0.00784349,0.00512335,0.0198097,0.721751,0.0923439,0.00561954,0.00370943,-5.76629e-19,0.000483646,approach centre, 9 mL/s
5.41667,1.10104,0.00014649,9e-06,7.88755e-06,0.00785738,0.00513331,0.019825,0.722149,0.0923354,0.00562538,0.00371409,7.17211e-19,0.000443394,approach centre, 9 mL/s
5.425,1.10137,0.000146424,9e-06,7.9105e-06,0.00786102,0.00513589,0.0198398,0.722407,0.0922607,0.00563285,0.00371886,-4.31889e-19,0.000410073,approach centre, 9 mL/s
5.43333,1.10169,0.000146358,9e-06,7.9346e-06,0.00787215,0.00514387,0.0198539,0.722752,0.0922345,0.00563924,0.00372365,4.51048e-19,0.000370936,approach centre, 9 mL/s
5.44167,1.10201,0.000146292,9e-06,7.95742e-06,0.00787503,0.0051459,0.0198673,0.722984,0.0921551,0.00564678,0.00372844,-5.39707e-19,0.000339977,approach centre, 9 mL/s
5.45,1.10233,0.000146225,9e-06,7.98108e-06,0.00788501,0.00515301,0.0198802,0.723297,0.0921213,0.00565322,0.00373319,8.5789e-19,0.000304228,approach centre, 9 mL/s
5.45833,1.10265,0.000146159,9e-06,8.00412e-06,0.00789003,0.00515657,0.0198924,0.723538,0.0920559,0.0056604,0.00373799,-6.02417e-19,0.000275162,approach centre, 9 mL/s
5.46667,1.10297,0.000146092,9e-06,8.02673e-06,0.00789548,0.00516043,0.0199039,0.723776,0.0919933,0.00566733,0.00374267,-1.0966e-19,0.000245479,approach centre, 9 mL/s
5.475,1.10328,0.000146025,9e-06,8.04929e-06,0.00790221,0.0051652,0.0199148,0.724022,0.0919391,0.00567397,0.00374732,1.17656e-18,0.000217083,approach centre, 9 mL/s
5.48333,1.1036,0.000145958,9e-06,8.07041e-06,0.00790389,0.00516636,0.0199251,0.724194,0.0918528,0.00568109,0.00375183,-1.05455e-18,0.000193009,approach centre, 9 mL/s
5.49167,1.10392,0.00014589,9e-06,8.08686e-06,0.00789365,0.00515898,0.0199347,0.724206,0.091691,0.00568891,0.00375567,2.89322e-20,0.000173481,approach centre, 9 mL/s
5.5,1.10423,0.000145823,9e-06,8.1042e-06,0.00790152,0.00516457,0.0199437,0.724439,0.0916444,0.00569347,0.00375911,6.7963e-20,0.00014301,approach centre, 9 mL/s
5.50833,1.10455,0.000145755,9e-06,8.12258e-06,0.00791016,0.0051707,0.019952,0.724674,0.0916027,0.00569823,0.00376279,-1.94324e-19,0.000121497,approach centre, 9 mL/s
5.51667,1.10486,0.000145687,9e-06,8.13908e-06,0.00790888,0.00516974,0.0199596,0.724773,0.0914981,0.00570428,0.00376639,-4.44104e-19,0.000106155,approach centre, 9 mL/s
5.525,1.10518,0.000145619,9e-06,8.15718e-06,0.00791918,0.00517707,0.0199666,0.72501,0.091467,0.0057086,0.00376998,7.53888e-19,8.34648e-05,approach centre, 9 mL/s
5.53333,1.10549,0.000145551,9e-06,8.17814e-06,0.00793446,0.00518796,0.0199729,0.725302,0.0914672,0.00571292,0.00377407,-4.33356e-19,6.52468e-05,approach centre, 9 mL/s
5.54167,1.1058,0.000145483,9e-06,8.19768e-06,0.0079357,0.0051888,0.0199786,0.725406,0.091379,0.00571951,0.00377834,3.37984e-19,5.66981e-05,approach centre, 9 mL/s
5.55,1.10611,0.000145414,9e-06,8.21596e-06,0.00793694,0.00518964,0.0199836,0.725501,0.091291,0.00572565,0.00378233,-6.84877e-19,4.39574e-05,approach centre, 9 mL/s
5.55833,1.10643,0.000145346,9e-06,8.2327e-06,0.00793684,0.00518952,0.019988,0.72557,0.0911947,0.00573152,0.00378604,2.95109e-19,3.34818e-05,approach centre, 9 mL/s
5.56667,1.10674,0.000145277,9e-06,8.24862e-06,0.00793868,0.0051908,0.0199916,0.725655,0.0911109,0.0057367,0.0037895,5.53427e-19,2.33306e-05,approach centre, 9 mL/s
5.575,1.10705,0.000145208,9e-06,8.26242e-06,0.00793568,0.00518861,0.0199946,0.725669,0.0909968,0.00574211,0.00379267,1.79608e-19,1.77402e-05,approach centre, 9 mL/s
5.58333,1.10736,0.000145139,9e-06,8.27704e-06,0.00794225,0.00519327,0.019997,0.725796,0.0909427,0.0057459,0.00379572,-3.3417e-19,7.81249e-06,approach centre, 9 mL/s
5.59167,1.10767,0.00014507,9e-06,8.29076e-06,0.00794309,0.00519382,0.0199987,0.725841,0.0908529,0.0057505,0.00379878,-3.32924e-19,6.01423e-06,approach centre, 9 mL/s
5.6,1.10798,0.000145001,9e-06,8.30125e-06,0.00793549,0.00518833,0.0199997,0.725769,0.0907102,0.00575566,0.00380141,3.70942e-19,7.0666e-06,approach centre, 9 mL/s
5.60833,1.10781,0.000144932,5e-06,8.30498e-06,0.00791594,0.00517436,0.02,0.725519,0.0906379,0.00576083,0.00380293,-5.42599e-19,6.50291e-06,lift
5.61667,1.10764,0.000144862,4.97619e-06,8.30326e-06,0.00789365,0.00515843,0.0200699,0.726173,0.0905509,0.00576468,0.00380088,5.35572e-19,-1.11135e-06,lift
5.625,1.10746,0.000144793,4.95238e-06,8.29943e-06,0.00787995,0.00514865,0.0202792,0.728815,0.0905202,0.00576609,0.00379322,-7.26315e-19,-2.21265e-05,lift
5.63333,1.10727,0.000144724,4.92857e-06,8.29143e-06,0.00785213,0.00512875,0.0206268,0.733121,0.0904027,0.00576889,0.00378045,2.72424e-19,-3.32068e-05,lift
5.64167,1.10707,0.000144655,4.90476e-06,8.28146e-06,0.00783708,0.00511796,0.0211107,0.739373,0.0903676,0.00576845,0.00376242,4.44874e-19,-5.50877e-05,lift
5.65,1.10687,0.000144586,4.88095e-06,8.26889e-06,0.00781718,0.00510365,0.0217282,0.747267,0.0903035,0.00576811,0.00373996,-1.36668e-19,-6.87464e-05,lift
5.65833,1.10665,0.000144517,4.85714e-06,8.25428e-06,0.00779986,0.00509121,0.0224758,0.756799,0.0902579,0.00576653,0.00371339,1.82673e-20,-8.45992e-05,lift
5.66667,1.10643,0.000144449,4.83333e-06,8.23763e-06,0.00778194,0.00507835,0.0233494,0.767817,0.0902105,0.00576436,0.00368332,1.99337e-19,-9.80381e-05,lift
5.675,1.10621,0.00014438,4.80952e-06,8.21788e-06,0.00775605,0.0050598,0.024344,0.780108,0.0901142,0.00576271,0.00365022,6.58917e-20,-0.000106986,lift
5.68333,1.10597,0.000144312,4.78571e-06,8.19635e-06,0.0077378,0.00504674,0.0254542,0.793726,0.0900684,0.00575888,0.00361444,-1.42061e-19,-0.000121651,lift
5.69167,1.10573,0.000144244,4.7619e-06,8.17374e-06,0.00772355,0.00503656,0.0266737,0.808487,0.09005,0.00575383,0.00357676,-2.62841e-19,-0.000133533,lift
5.7,1.10548,0.000144176,4.7381e-06,8.14939e-06,0.00770447,0.00502293,0.0279957,0.82415,0.0900023,0.00574915,0.00353775,2.08142e-19,-0.000140028,lift
5.70833,1.10523,0.000144108,4.71429e-06,8.12262e-06,0.00768001,0.00500545,0.0294128,0.840572,0.0899215,0.0057447,0.00349768,-7.63445e-19,-0.00014483,lift
5.71667,1.10497,0.000144041,4.69048e-06,8.09514e-06,0.00766626,0.00499565,0.030917,0.857792,0.0899111,0.00573779,0.00345693,2.52765e-19,-0.000156184,lift
5.725,1.10471,0.000143974,4.66667e-06,8.06495e-06,0.00763841,0.00497574,0.0325,0.875407,0.089811,0.0057328,0.00341597,-3.82565e-19,-0.000154079,lift
5.73333,1.10444,0.000143907,4.64286e-06,8.0328e-06,0.00761473,0.00495879,0.0341529,0.893485,0.0897387,0.00572625,0.00337486,8.22822e-19,-0.000159786,lift
5.74167,1.10416,0.00014384,4.61905e-06,7.99936e-06,0.00759459,0.00494432,0.0358665,0.911894,0.0896898,0.00571849,0.003334,-3.54535e-19,-0.000164165,lift
5.75,1.10388,0.000143774,4.59524e-06,7.96396e-06,0.00756938,0.0049262,0.0376311,0.930427,0.0896089,0.00571106,0.00329364,7.54565e-19,-0.000162915,lift
5.75833,1.1036,0.000143708,4.57143e-06,7.92709e-06,0.00754666,0.00490989,0.039437,0.949047,0.0895453,0.00570255,0.00325391,2.20472e-19,-0.000164596,lift
5.76667,1.10331,0.000143642,4.54762e-06,7.88836e-06,0.00752056,0.00489119,0.0412739,0.967593,0.0894606,0.00569404,0.00321498,-8.02973e-19,-0.000162107,lift
5.775,1.10301,0.000143576,4.52381e-06,7.84632e-06,0.00748324,0.00486447,0.0431317,0.985892,0.0893029,0.00568662,0.00317677,1.10008e-18,-0.000154079,lift
5.78333,1.10271,0.000143511,4.5e-06,7.80268e-06,0.0074567,0.0048455,0.045,1.00406,0.0892167,0.00567633,0.00313938,-2.39216e-19,-0.000157705,lift
5.79167,1.10241,0.000143447,4.47619e-06,7.75733e-06,0.00742848,0.00482534,0.0468683,1.02189,0.0891199,0.00566571,0.00310304,4.11355e-19,-0.000153473,lift
5.8,1.10211,0.000143382,4.45238e-06,7.71097e-06,0.00740452,0.00480821,0.0487261,1.03935,0.0890514,0.00565378,0.00306786,-8.76192e-19,-0.000152069,lift
5.80833,1.1018,0.000143319,4.42857e-06,7.66238e-06,0.00737108,0.00478425,0.050563,1.05625,0.0889199,0.00564298,0.00303381,-2.924e-19,-0.000141606,lift
5.81667,1.10148,0.000143255,4.40476e-06,7.61247e-06,0.00734319,0.00476417,0.0523689,1.07264,0.0888243,0.00563049,0.00300088,7.44708e-19,-0.000139706,lift
5.825,1.10117,0.000143192,4.38095e-06,7.56215e-06,0.00732121,0.00474838,0.0541335,1.08847,0.088769,0.00561651,0.00296928,-3.40602e-19,-0.000137602,lift
5.83333,1.10085,0.00014313,4.35714e-06,7.51137e-06,0.00729873,0.00473227,0.0558471,1.10361,0.0887108,0.00560238,0.00293906,2.97961e-19,-0.000130954,lift
5.84167,1.10053,0.000143067,4.33333e-06,7.46035e-06,0.00727748,0.00471705,0.0575,1.11802,0.0886612,0.00558782,0.00291024,-3.33213e-19,-0.000124938,lift
5.85,1.10021,0.000143006,4.30952e-06,7.40814e-06,0.00724897,0.00469664,0.059083,1.13159,0.088563,0.00557427,0.00288272,1.68442e-18,-0.000112775,lift
5.85833,1.09988,0.000142944,4.28571e-06,7.35536e-06,0.00722438,0.00467907,0.0605872,1.14435,0.0884914,0.00555958,0.00285648,-6.76625e-19,-0.000107641,lift
5.86667,1.09956,0.000142884,4.2619e-06,7.30252e-06,0.00720347,0.00466414,0.0620043,1.15626,0.0884448,0.00554401,0.00283159,-7.87171e-19,-0.000102081,lift
5.875,1.09923,0.000142823,4.2381e-06,7.24935e-06,0.00718016,0.00464748,0.0633263,1.16723,0.0883819,0.00552873,0.00280806,-9.43127e-19,-9.19957e-05,lift
5.88333,1.09889,0.000142763,4.21429e-06,7.1959e-06,0.00715703,0.00463095,0.0645458,1.17725,0.0883202,0.00551322,0.00278583,8.47321e-19,-8.33879e-05,lift
5.89167,1.09856,0.000142704,4.19048e-06,7.14232e-06,0.00713481,0.00461501,0.065656,1.18628,0.0882641,0.00549739,0.00276491,-4.18875e-19,-7.50331e-05,lift
5.9,1.09823,0.000142645,4.16667e-06,7.08629e-06,0.00709419,0.00458575,0.0666506,1.19416,0.0880801,0.0054845,0.00274501,1.70592e-18,-5.24393e-05,lift
5.90833,1.09789,0.000142586,4.14286e-06,7.03066e-06,0.00707473,0.00457179,0.0675242,1.20116,0.0880424,0.0054671,0.00272628,-1.97241e-18,-5.82374e-05,lift
5.91667,1.09755,0.000142528,4.11905e-06,6.97522e-06,0.00705357,0.00455662,0.0682718,1.20708,0.0879931,0.00545003,0.00270888,1.24681e-18,-4.73816e-05,lift
5.925,1.09721,0.00014247,4.09524e-06,6.91968e-06,0.00703009,0.00453981,0.0688893,1.2119,0.0879278,0.0054333,0.00269274,-1.18651e-18,-3.58904e-05,lift
5.93333,1.09687,0.000142413,4.07143e-06,6.86361e-06,0.00700301,0.00452044,0.0693732,1.2156,0.0878373,0.00541703,0.00267775,5.40872e-19,-2.32836e-05,lift
5.94167,1.09652,0.000142356,4.04762e-06,6.80697e-06,0.00697526,0.00450061,0.0697208,1.21819,0.0877418,0.00540057,0.00266387,1.05348e-18,-1.27637e-05,lift
5.95,1.09618,0.0001423,4.02381e-06,6.74979e-06,0.00694723,0.00448057,0.0699301,1.21965,0.0876439,0.00538384,0.00265108,-5.2384e-19,-2.47435e-06,lift
5.95833,1.09583,0.000142244,4e-06,6.6921e-06,0.00691906,0.00446041,0.07,1.22,0.0875442,0.00536683,0.00263936,-1.82951e-18,7.719e-06,cut through, high
5.96667,1.09549,0.000142189,3.96875e-06,6.6343e-06,0.00689362,0.00444214,0.07,1.2198,0.0874626,0.00534909,0.00262816,1.10815e-18,4.89701e-06,cut through, high
5.975,1.09514,0.000142134,3.9375e-06,6.57615e-06,0.00686595,0.0044222,0.07,1.21958,0.0873645,0.00533159,0.00261685,-1.19401e-18,-1.07319e-05,cut through, high
5.98333,1.09479,0.00014208,3.90625e-06,6.51758e-06,0.00683738,0.00440167,0.07,1.21936,0.0872599,0.00531397,0.00260542,1.0343e-18,-3.88924e-05,cut through, high
5.99167,1.09443,0.000142026,3.875e-06,6.45818e-06,0.00680503,0.00437846,0.07,1.21911,0.0871283,0.00529669,0.00259379,4.06474e-19,-7.63465e-05,cut through, high
6,1.09408,0.000141973,3.84375e-06,6.39842e-06,0.00677592,0.00435762,0.07,1.21888,0.0870195,0.00527842,0.00258201,-1.10738e-18,-0.000130627,cut through, high
6.00833,1.09372,0.00014192,3.8125e-06,6.33726e-06,0.00673768,0.00433026,0.07,1.21859,0.0868448,0.00526141,0.00256996,1.51915e-18,-0.000186803,cut through, high
6.01667,1.09337,0.000141868,3.78125e-06,6.27598e-06,0.00670931,0.00430998,0.07,1.21837,0.0867403,0.00524206,0.00255775,5.37566e-19,-0.000268956,cut through, high
6.025,1.09301,0.000141816,3.75e-06,6.21533e-06,0.0066872,0.00429418,0.07,1.2182,0.0866802,0.00522146,0.00254554,-1.33684e-18,-0.00035964,cut through, high
6.03333,1.09265,0.000141765,3.71875e-06,6.15441e-06,0.00665739,0.00427278,0.07,1.21796,0.0865631,0.00520231,0.00253329,6.74193e-19,-0.000450672,cut through, high
6.04167,1.09229,0.000141714,3.6875e-06,6.09351e-06,0.00662959,0.00425273,0.07,1.21775,0.086459,0.00518259,0.00252095,5.36903e-19,-0.000560294,cut through, high
6.05,1.09193,0.000141663,3.65625e-06,6.03254e-06,0.00660092,0.00423211,0.07,1.21752,0.0863484,0.00516287,0.00250854,-1.56074e-18,-0.000678621,cut through, high
6.05833,1.09157,0.000141614,3.625e-06,5.97262e-06,0.00658204,0.00421857,0.07,1.21738,0.0863094,0.00514128,0.00249621,2.4837e-18,-0.000816121,cut through, high
6.06667,1.0912,0.000141564,3.59375e-06,5.91272e-06,0.00655426,0.00419866,0.07,1.21716,0.0862049,0.00512149,0.00248389,-1.30325e-18,-0.000949675,cut through, high
6.075,1.09084,0.000141516,3.5625e-06,5.85382e-06,0.0065351,0.00418495,0.07,1.21701,0.0861635,0.00510008,0.00247164,1.20006e-18,-0.00110751,cut through, high
6.08333,1.09048,0.000141467,3.53125e-06,5.79518e-06,0.00650971,0.00416681,0.07,1.21681,0.0860759,0.00507999,0.00245943,-1.73964e-18,-0.00126405,cut through, high
6.09167,1.09011,0.00014142,3.5e-06,5.73723e-06,0.00648813,0.00415138,0.07,1.21664,0.086016,0.00505922,0.00244728,1.27089e-19,-0.00143869,cut through, high
6.1,1.08974,0.000141372,3.46875e-06,5.67992e-06,0.0064663,0.00413579,0.07,1.21647,0.0859539,0.00503862,0.0024352,-7.20717e-19,-0.00162016,cut through, high
6.10833,1.08938,0.000141325,3.4375e-06,5.62259e-06,0.00643858,0.00411595,0.07,1.21625,0.0858471,0.00501916,0.0024231,-4.50717e-19,-0.00180695,cut through, high
6.11667,1.08901,0.000141279,3.40625e-06,5.56558e-06,0.00641366,0.00409802,0.07,1.21606,0.0857597,0.0049991,0.00241098,-1.54259e-19,-0.00201027,cut through, high
6.125,1.08864,0.000141233,3.375e-06,5.50847e-06,0.00638483,0.00407723,0.07,1.21584,0.0856415,0.00497971,0.00239881,1.60131e-18,-0.00221761,cut through, high
6.13333,1.08827,0.000141188,3.34375e-06,5.45071e-06,0.00635054,0.00405256,0.07,1.21557,0.0854817,0.00496106,0.00238647,-6.8563e-19,-0.00243285,cut through, high
6.14167,1.08789,0.000141143,3.3125e-06,5.39317e-06,0.00632383,0.00403341,0.07,1.21536,0.085379,0.00494065,0.00237405,1.60901e-19,-0.00266752,cut through, high
6.15,1.08752,0.000141098,3.28125e-06,5.33617e-06,0.00630025,0.00401652,0.07,1.21518,0.0852997,0.00491963,0.00236165,-7.35791e-19,-0.00290732,cut through, high
6.15833,1.08715,0.000141054,3.25e-06,5.27998e-06,0.00627921,0.00400148,0.07,1.21501,0.0852394,0.00489825,0.00234935,2.48475e-18,-0.00315511,cut through, high
6.16667,1.08678,0.000141011,3.21875e-06,5.22446e-06,0.00625737,0.00398587,0.07,1.21484,0.0851726,0.0048772,0.00233714,-1.03443e-18,-0.00340838,cut through, high
6.175,1.0864,0.000140968,3.1875e-06,5.16908e-06,0.00623024,0.00396648,0.07,1.21463,0.0850647,0.00485719,0.00232492,-8.89498e-19,-0.00366589,cut through, high
6.18333,1.08602,0.000140925,3.15625e-06,5.11475e-06,0.0062122,0.00395359,0.07,1.21449,0.0850261,0.00483553,0.00231281,1.14705e-18,-0.00394276,cut through, high
6.19167,1.08565,0.000140883,3.125e-06,5.06028e-06,0.00618269,0.00393241,0.07,1.21426,0.0848977,0.00481618,0.00230069,-3.58374e-19,-0.00421014,cut through, high
6.2,1.08527,0.000140841,3.09375e-06,5.007e-06,0.006166,0.00392037,0.07,1.21413,0.0848673,0.00479443,0.00228867,1.81007e-18,-0.00450449,cut through, high
6.20833,1.08489,0.0001408,3.0625e-06,4.95424e-06,0.00614335,0.00390404,0.07,1.21395,0.0847901,0.00477409,0.00227675,-3.07892e-18,-0.00479015,cut through, high
6.21667,1.08451,0.000140759,3.03125e-06,4.90188e-06,0.0061194,0.00388681,0.07,1.21376,0.0847025,0.00475404,0.00226487,4.66478e-19,-0.00508606,cut through, high
6.225,1.08413,0.000140719,3e-06,4.84881e-06,0.00608433,0.00386163,0.07,1.21349,0.0845273,0.00473593,0.00225283,-4.83434e-19,-0.00537991,cut through, high
6.23333,1.08375,0.000140679,2.96875e-06,4.79615e-06,0.00606005,0.00384424,0.07,1.2133,0.0844364,0.00471546,0.00224075,3.22573e-18,-0.00569771,cut through, high
6.24167,1.08337,0.000140639,2.9375e-06,4.74256e-06,0.00602184,0.00381689,0.07,1.21301,0.0842351,0.00469742,0.00222848,-1.77465e-18,-0.00600037,cut through, high
6.25,1.08299,0.0001406,2.90625e-06,4.6897e-06,0.00600014,0.00380139,0.07,1.21284,0.0841633,0.00467592,0.00221618,-1.98104e-18,-0.00633357,cut through, high
6.25833,1.0826,0.000140561,2.875e-06,4.63737e-06,0.00597666,0.0037846,0.07,1.21265,0.0840768,0.00465491,0.00220395,1.43559e-19,-0.00665629,cut through, high
6.26667,1.08222,0.000140523,2.84375e-06,4.58521e-06,0.00594927,0.00376498,0.07,1.21244,0.083958,0.00463467,0.00219172,9.29601e-19,-0.00698162,cut through, high
6.275,1.08183,0.000140485,2.8125e-06,4.53335e-06,0.00592332,0.00374626,0.07,1.21224,0.0838483,0.00461414,0.00217948,-7.51458e-19,-0.00731551,cut through, high
6.28333,1.08145,0.000140448,2.78125e-06,4.48165e-06,0.00589565,0.00372629,0.07,1.21202,0.0837238,0.00459389,0.00216722,4.40414e-18,-0.00765045,cut through, high
6.29167,1.08106,0.000140411,2.75e-06,4.43109e-06,0.00587849,0.00371395,0.07,1.21189,0.0836844,0.00457169,0.00215508,-3.21318e-18,-0.00799917,cut through, high
6.3,1.08067,0.000140375,2.71875e-06,4.38051e-06,0.0058494,0.00369305,0.07,1.21166,0.0835478,0.00455194,0.00214295,-1.24722e-18,-0.00833176,cut through, high
6.30833,1.08028,0.000140339,2.6875e-06,4.32992e-06,0.00581998,0.00367196,0.07,1.21143,0.083408,0.00453206,0.00213075,6.35001e-19,-0.00867684,cut through, high
6.31667,1.07989,0.000140303,2.65625e-06,4.28018e-06,0.00580001,0.00365768,0.07,1.21127,0.0833448,0.00451035,0.00211861,1.45457e-18,-0.00903259,cut through, high
6.325,1.0795,0.000140268,2.625e-06,4.23156e-06,0.00578341,0.00364582,0.07,1.21114,0.0833089,0.0044883,0.00210666,-1.94272e-18,-0.00938505,cut through, high
6.33333,1.07911,0.000140233,2.59375e-06,4.18317e-06,0.00575743,0.00362725,0.07,1.21094,0.0831956,0.00446826,0.00209476,2.6052e-18,-0.009728,cut through, high
6.34167,1.07872,0.000140198,2.5625e-06,4.13534e-06,0.00573493,0.00361117,0.07,1.21076,0.0831101,0.00444758,0.00208291,5.89569e-19,-0.0100832,cut through, high
6.35,1.07833,0.000140164,2.53125e-06,4.08797e-06,0.00571171,0.00359455,0.07,1.21058,0.0830178,0.00442714,0.00207111,-8.2521e-19,-0.0104355,cut through, high
6.35833,1.07793,0.000140131,2.5e-06,4.04105e-06,0.00568816,0.00357759,0.07,1.2104,0.0829209,0.00440686,0.00205935,-4.20864e-20,-0.0107885,cut through, high
6.36667,1.07754,0.000140097,2.46875e-06,3.99401e-06,0.00565823,0.00355596,0.07,1.21017,0.082769,0.00438779,0.00204753,-7.3084e-19,-0.0111362,cut through, high
6.375,1.07714,0.000140064,2.4375e-06,3.9473e-06,0.00563311,0.00353785,0.07,1.20997,0.0826571,0.00436762,0.00203569,-2.32147e-18,-0.0114933,cut through, high
6.38333,1.07674,0.000140032,2.40625e-06,3.90125e-06,0.0056121,0.00352276,0.07,1.20981,0.0825798,0.00434672,0.00202392,9.90169e-19,-0.0118492,cut through, high
6.39167,1.07635,0.00014,2.375e-06,3.85562e-06,0.00558843,0.00350578,0.07,1.20962,0.0824797,0.00432645,0.00201221,9.97405e-19,-0.0121978,cut through, high
6.4,1.07595,0.000139968,2.34375e-06,3.80976e-06,0.00555694,0.00348323,0.07,1.20938,0.0823131,0.00430758,0.00200042,-2.44621e-20,-0.0125404,cut through, high
6.40833,1.07555,0.000139937,2.3125e-06,3.7644e-06,0.00553396,0.0034668,0.07,1.2092,0.0822178,0.00428692,0.00198863,6.34831e-19,-0.0128956,cut through, high
6.41667,1.07514,0.000139906,2.28125e-06,3.7196e-06,0.00551185,0.00345101,0.07,1.20903,0.0821295,0.0042662,0.0019769,1.16559e-18,-0.0132418,cut through, high
6.425,1.07474,0.000139875,2.25e-06,3.67567e-06,0.00549383,0.00343815,0.07,1.20888,0.0820754,0.0042449,0.00196531,-2.44522e-18,-0.0135882,cut through, high
6.43333,1.07434,0.000139845,2.21875e-06,3.63199e-06,0.00546836,0.00341991,0.07,1.20869,0.0819567,0.00422522,0.00195377,3.76776e-18,-0.0139213,cut through, high
6.44167,1.07393,0.000139815,2.1875e-06,3.58806e-06,0.00543669,0.00339706,0.07,1.20844,0.0817816,0.00420663,0.00194212,-2.54974e-18,-0.0142521,cut through, high
6.45,1.07353,0.000139785,2.15625e-06,3.5447e-06,0.00541485,0.00338127,0.07,1.20827,0.0816905,0.00418601,0.00193049,-2.11275e-18,-0.0145937,cut through, high
6.45833,1.07312,0.000139756,2.125e-06,3.50139e-06,0.00538658,0.00336089,0.07,1.20805,0.0815431,0.00416665,0.00191884,2.12338e-19,-0.0149164,cut through, high
6.46667,1.07271,0.000139727,2.09375e-06,3.45834e-06,0.00536073,0.00334231,0.07,1.20785,0.0814165,0.0041467,0.00190717,-8.83546e-19,-0.0152428,cut through, high
6.475,1.0723,0.000139699,2.0625e-06,3.41606e-06,0.00534158,0.00332858,0.07,1.2077,0.0813482,0.00412552,0.0018956,4.18574e-18,-0.0155684,cut through, high
6.48333,1.07189,0.000139671,2.03125e-06,3.37431e-06,0.00531972,0.00331293,0.07,1.20753,0.0812561,0.00410506,0.00188412,-1.56339e-18,-0.0158802,cut through, high
6.49167,1.07148,0.000139643,2e-06,3.33215e-06,0.00528563,0.00328854,0.07,1.20726,0.0810556,0.00408688,0.00187253,-8.90152e-19,-0.0161778,cut through, high
6.5,1.07107,0.000139615,1.96875e-06,3.2899e-06,0.00525519,0.00326679,0.07,1.20703,0.0808862,0.00406763,0.00186081,1.26405e-18,-0.0164842,cut through, high
6.50833,1.07065,0.000139588,1.9375e-06,3.24867e-06,0.00523914,0.00325533,0.07,1.2069,0.0808434,0.00404561,0.00184921,-2.47661e-19,-0.0167945,cut through, high
6.51667,1.07024,0.000139562,1.90625e-06,3.20705e-06,0.00520472,0.00323063,0.07,1.20664,0.0806352,0.00402728,0.00183754,-2.28536e-18,-0.0170679,cut through, high
6.525,1.06982,0.000139535,1.875e-06,3.16566e-06,0.00517801,0.00321128,0.07,1.20643,0.0804925,0.00400722,0.0018258,3.86427e-19,-0.0173588,cut through, high
6.53333,1.0694,0.000139509,1.84375e-06,3.12468e-06,0.00515371,0.00319372,0.07,1.20624,0.0803713,0.00398666,0.0018141,5.31381e-19,-0.0176378,cut through, high
6.54167,1.06898,0.000139484,1.8125e-06,3.084e-06,0.00512791,0.00317513,0.07,1.20604,0.0802362,0.00396641,0.0018024,-7.17568e-19,-0.0179058,cut through, high
6.55,1.06856,0.000139458,1.78125e-06,3.04356e-06,0.00510136,0.00315606,0.07,1.20583,0.0800939,0.00394625,0.00179071,2.10461e-18,-0.0181669,cut through, high
6.55833,1.06814,0.000139433,1.75e-06,3.00324e-06,0.00507309,0.0031358,0.07,1.20561,0.0799355,0.00392635,0.00177898,-2.37093e-18,-0.0184191,cut through, high
6.56667,1.06772,0.000139408,1.71875e-06,2.96335e-06,0.0050489,0.0031185,0.07,1.20542,0.0798137,0.00390558,0.00176726,4.86729e-19,-0.0186687,cut through, high
6.575,1.06729,0.000139384,1.6875e-06,2.92434e-06,0.00503154,0.00310611,0.07,1.20529,0.0797543,0.00388365,0.0017557,1.22358e-18,-0.0189125,cut through, high
6.58333,1.06687,0.00013936,1.65625e-06,2.88521e-06,0.00500007,0.00308362,0.07,1.20504,0.0795641,0.00386459,0.00174409,-1.92561e-18,-0.0191275,cut through, high
6.59167,1.06644,0.000139336,1.625e-06,2.846e-06,0.0049688,0.00306123,0.07,1.2048,0.0793738,0.00384524,0.00173238,3.2485e-18,-0.0193473,cut through, high
6.6,1.06601,0.000139313,1.59375e-06,2.80723e-06,0.0049448,0.00304392,0.07,1.20462,0.0792482,0.00382438,0.00172068,-9.4925e-19,-0.0195647,cut through, high
6.60833,1.06558,0.00013929,1.5625e-06,2.76895e-06,0.00492143,0.00302698,0.07,1.20443,0.0791264,0.00380352,0.00170905,-1.90636e-18,-0.0197664,cut through, high
6.61667,1.06515,0.000139267,1.53125e-06,2.73122e-06,0.00489925,0.00301095,0.07,1.20426,0.0790159,0.00378253,0.00169749,1.90374e-18,-0.019959,cut through, high
6.625,1.06472,0.000139245,1.5e-06,2.69351e-06,0.0048694,0.00298945,0.07,1.20403,0.0788323,0.00376306,0.0016859,-2.84453e-18,-0.0201331,cut through, high
6.63333,1.06428,0.000139223,1.46875e-06,2.65628e-06,0.00484636,0.0029729,0.07,1.20385,0.0787131,0.00374216,0.00167434,3.16942e-18,-0.0203114,cut through, high
6.64167,1.06385,0.000139201,1.4375e-06,2.61965e-06,0.00482513,0.00295769,0.07,1.20368,0.0786108,0.00372103,0.00166287,-1.14092e-18,-0.0204746,cut through, high
6.65,1.06341,0.000139179,1.40625e-06,2.58319e-06,0.00479784,0.00293818,0.07,1.20347,0.0784503,0.00370117,0.00165141,7.34631e-19,-0.0206196,cut through, high
6.65833,1.06297,0.000139158,1.375e-06,2.54698e-06,0.00477145,0.00291933,0.07,1.20327,0.0782975,0.00368105,0.00163994,-1.80553e-18,-0.020761,cut through, high
6.66667,1.06253,0.000139137,1.34375e-06,2.51128e-06,0.00474923,0.00290346,0.07,1.20309,0.0781839,0.00366015,0.00162853,1.01871e-18,-0.0208949,cut through, high
6.675,1.06209,0.000139116,1.3125e-06,2.47607e-06,0.00472691,0.00288751,0.07,1.20292,0.0780682,0.00363941,0.00161719,8.08901e-19,-0.0210138,cut through, high
6.68333,1.06164,0.000139096,1.28125e-06,2.44101e-06,0.00469924,0.00286761,0.07,1.20271,0.0778983,0.0036198,0.00160585,-4.00489e-19,-0.0211164,cut through, high
6.69167,1.0612,0.000139076,1.25e-06,2.4061e-06,0.00467132,0.00284733,0.07,1.20249,0.0777219,0.00360021,0.00159448,-1.52754e-20,-0.021213,cut through, high
6.7,1.06075,0.000139056,1.21875e-06,2.37128e-06,0.00464217,0.00282624,0.07,1.20226,0.077533,0.00358071,0.00158305,2.23121e-21,-0.0212975,cut through, high
6.70833,1.0603,0.000139037,1.1875e-06,2.33646e-06,0.00461137,0.00280405,0.07,1.20203,0.0773275,0.00356134,0.00157155,3.02574e-19,-0.0213703,cut through, high
6.71667,1.05985,0.000139018,1.15625e-06,2.30159e-06,0.00457934,0.00278106,0.07,1.20178,0.0771093,0.00354195,0.00155995,1.19923e-18,-0.0214322,cut through, high
6.725,1.0594,0.000138999,1.125e-06,2.26722e-06,0.00455615,0.00276447,0.07,1.2016,0.0769785,0.00352066,0.00154838,-2.48431e-18,-0.0214931,cut through, high
6.73333,1.05894,0.00013898,1.09375e-06,2.23347e-06,0.0045358,0.00274994,0.07,1.20144,0.0768755,0.00349897,0.00153692,4.83306e-19,-0.0215364,cut through, high
6.74167,1.05849,0.000138962,1.0625e-06,2.19973e-06,0.0045047,0.00272773,0.07,1.2012,0.0766641,0.00347948,0.00152543,2.72646e-18,-0.021554,cut through, high
6.75,1.05803,0.000138944,1.03125e-06,2.16603e-06,0.00447381,0.00270564,0.07,1.20096,0.0764526,0.00345975,0.00151385,-3.49287e-18,-0.0215713,cut through, high
6.75833,1.0493,0.000138926,0,2.11161e-06,0.00404649,0.00239818,0.07,1.19764,0.0737606,0.0035206,0.00149688,2.97558e-19,-0.0213082,stop
6.76667,1.04057,0.000138909,0,2.04057e-06,0.00358843,0.00206845,0.0700206,1.19428,0.0701532,0.00359124,0.00147368,1.63254e-18,-0.0212191,stop
6.775,1.03185,0.000138893,0,1.95882e-06,0.00315593,0.00175782,0.0700822,1.19146,0.0661879,0.00366467,0.0014457,-4.12723e-19,-0.0211862,stop
6.78333,1.02312,0.000138877,0,1.86964e-06,0.00268542,0.00141776,0.0701847,1.18872,0.0607995,0.00377798,0.0014142,-7.50811e-20,-0.0210427,stop
6.79167,1.01439,0.000138862,0,1.77732e-06,0.00223403,0.0010894,0.0703278,1.18649,0.0544818,0.00393429,0.00138031,2.67176e-20,-0.0209453,stop
6.8,1.00567,0.000138848,0,1.6849e-06,0.00178469,0.000763384,0.0705111,1.18489,0.0477005,0.00413804,0.00134502,-6.0315e-20,-0.0208794,stop
6.80833,0.99694,0.000138835,0,1.59467e-06,0.00130796,0.00040465,0.0707342,1.18572,0.0487096,0.00402572,0.00130802,6.72838e-20,-0.0216398,stop
6.81667,0.988214,0.000138822,0,1.50851e-06,0.000864197,6.41968e-05,0.0709963,1.187,0.049715,0.00391545,0.00127149,7.39555e-21,-0.0216537,stop
6.825,0.979487,0.000138811,0,1.42699e-06,0.000409967,0,0.0712968,nan,nan,nan,nan,nan,nan,stop
6.83333,0.970761,0.000138799,0,1.34987e-06,-4.01661e-05,0,0.0716349,nan,nan,nan,nan,nan,nan,stop
6.84167,0.962034,0.000138789,0,1.27692e-06,-0.000570437,0,0.0720096,nan,nan,nan,nan,nan,nan,stop
6.85,0.953307,0.000138779,0,1.20792e-06,-0.00103873,0,0.0724199,nan,nan,nan,nan,nan,nan,stop
6.85833,0.944581,0.000138769,0,1.14264e-06,-0.00149918,0,0.0728647,nan,nan,nan,nan,nan,nan,stop
6.86667,0.935854,0.00013876,0,1.08089e-06,-0.00198399,0,0.0733428,nan,nan,nan,nan,nan,nan,stop
6.875,0.927127,0.000138752,0,1.02248e-06,-0.00244913,0,0.0738528,nan,nan,nan,nan,nan,nan,stop
6.88333,0.918401,0.000138744,0,9.67226e-07,-0.00293439,0,0.0743934,nan,nan,nan,nan,nan,nan,stop
6.89167,0.909674,0.000138736,0,9.14957e-07,-0.00344045,0,0.074963,nan,nan,nan,nan,nan,nan,stop
6.9,0.900947,0.000138729,0,8.65512e-07,-0.00390545,0,0.0755602,nan,nan,nan,nan,nan,nan,stop
6.90833,0.892221,0.000138722,0,8.18739e-07,-0.00439348,0,0.0761832,nan,nan,nan,nan,nan,nan,stop
6.91667,0.883494,0.000138715,0,7.74494e-07,-0.00486723,0,0.0768304,nan,nan,nan,nan,nan,nan,stop
6.925,0.874767,0.000138709,0,7.3264e-07,-0.00534965,0,0.0775,nan,nan,nan,nan,nan,nan,stop
6.93333,0.866041,0.000138704,0,6.93048e-07,-0.00584403,0,0.0781901,nan,nan,nan,nan,nan,nan,stop
6.94167,0.857314,0.000138698,0,6.55595e-07,-0.00632045,0,0.078899,nan,nan,nan,nan,nan,nan,stop
6.95,0.848587,0.000138693,0,6.20166e-07,-0.00683912,0,0.0796245,nan,nan,nan,nan,nan,nan,stop
6.95833,0.839861,0.000138688,0,5.86652e-07,-0.00733115,0,0.0803647,nan,nan,nan,nan,nan,nan,stop
6.96667,0.831134,0.000138683,0,5.54949e-07,-0.00779989,0,0.0811177,nan,nan,nan,nan,nan,nan,stop
6.975,0.822408,0.000138679,0,5.2496e-07,-0.00830873,0,0.0818813,nan,nan,nan,nan,nan,nan,stop
6.98333,0.813681,0.000138675,0,4.9659e-07,-0.00882915,0,0.0826535,nan,nan,nan,nan,nan,nan,stop
6.99167,0.804954,0.000138671,0,4.69754e-07,-0.00928138,0,0.0834321,nan,nan,nan,nan,nan,nan,stop
7,0.796228,0.000138667,0,4.44369e-07,-0.00977679,0,0.084215,nan,nan,nan,nan,nan,nan,stop
7.00833,0.787501,0.000138664,0,4.20355e-07,-0.0103155,0,0.085,nan,nan,nan,nan,nan,nan,stop
7.01667,0.778774,0.00013866,0,3.97639e-07,-0.0107963,0,0.085785,nan,nan,nan,nan,nan,nan,stop
7.025,0.770048,0.000138657,0,3.7615e-07,-0.0113104,0,0.0865679,nan,nan,nan,nan,nan,nan,stop
7.03333,0.761321,0.000138654,0,3.55823e-07,-0.0118093,0,0.0873465,nan,nan,nan,nan,nan,nan,stop
7.04167,0.752594,0.000138652,0,3.36594e-07,-0.0122905,0,0.0881187,nan,nan,nan,nan,nan,nan,stop
7.05,0.743868,0.000138649,0,3.18404e-07,-0.0128227,0,0.0888823,nan,nan,nan,nan,nan,nan,stop
7.05833,0.735141,0.000138646,0,3.01197e-07,-0.0132958,0,0.0896353,nan,nan,nan,nan,nan,nan,stop
7.06667,0.726414,0.000138644,0,2.8492e-07,-0.0137715,0,0.0903755,nan,nan,nan,nan,nan,nan,stop
7.075,0.717688,0.000138642,0,2.69523e-07,-0.014296,0,0.091101,nan,nan,nan,nan,nan,nan,stop
7.08333,0.708961,0.00013864,0,2.54958e-07,-0.0148051,0,0.0918099,nan,nan,nan,nan,nan,nan,stop
7.09167,0.700235,0.000138638,0,2.4118e-07,-0.0152627,0,0.0925,nan,nan,nan,nan,nan,nan,stop
7.1,0.691508,0.000138636,0,2.28146e-07,-0.0157876,0,0.0931696,nan,nan,nan,nan,nan,nan,stop
7.10833,0.682781,0.000138634,0,2.15817e-07,-0.0162454,0,0.0938168,nan,nan,nan,nan,nan,nan,stop
7.11667,0.674055,0.000138632,0,2.04154e-07,-0.0167375,0,0.0944398,nan,nan,nan,nan,nan,nan,stop
7.125,0.665328,0.000138631,0,1.93122e-07,-0.0172214,0,0.095037,nan,nan,nan,nan,nan,nan,stop
7.13333,0.656601,0.000138629,0,1.82685e-07,-0.0177012,0,0.0956066,nan,nan,nan,nan,nan,nan,stop
7.14167,0.647875,0.000138628,0,1.72813e-07,-0.0182064,0,0.0961472,nan,nan,nan,nan,nan,nan,stop
7.15,0.639148,0.000138626,0,1.63474e-07,-0.0186645,0,0.0966572,nan,nan,nan,nan,nan,nan,stop
7.15833,0.630421,0.000138625,0,1.5464e-07,-0.0191678,0,0.0971353,nan,nan,nan,nan,nan,nan,stop
7.16667,0.621695,0.000138624,0,1.46283e-07,-0.0196607,0,0.0975801,nan,nan,nan,nan,nan,nan,stop
7.175,0.612968,0.000138623,0,1.38378e-07,-0.0201238,0,0.0979904,nan,nan,nan,nan,nan,nan,stop
7.18333,0.604241,0.000138622,0,1.309e-07,-0.0206041,0,0.0983651,nan,nan,nan,nan,nan,nan,stop
7.19167,0.595515,0.000138621,0,1.23826e-07,-0.0210952,0,0.0987032,nan,nan,nan,nan,nan,nan,stop
7.2,0.586788,0.00013862,0,1.17134e-07,-0.0215654,0,0.0990037,nan,nan,nan,nan,nan,nan,stop
7.20833,0.578061,0.000138619,0,1.10804e-07,-0.0220318,0,0.0992658,nan,nan,nan,nan,nan,nan,stop
7.21667,0.569335,0.000138618,0,1.04816e-07,-0.0225264,0,0.0994889,nan,nan,nan,nan,nan,nan,stop
7.225,0.560608,0.000138617,0,9.9152e-08,-0.0229797,0,0.0996722,nan,nan,nan,nan,nan,nan,stop
7.23333,0.551882,0.000138616,0,9.37938e-08,-0.0234527,0,0.0998153,nan,nan,nan,nan,nan,nan,stop
7.24167,0.543155,0.000138615,0,8.87251e-08,-0.0239312,0,0.0999178,nan,nan,nan,nan,nan,nan,stop
7.25,0.534428,0.000138615,0,8.39304e-08,-0.0244,0,0.0999794,nan,nan,nan,nan,nan,nan,stop
7.25833,0.525702,0.000138614,0,7.93948e-08,-0.0248406,0,0.1,nan,nan,nan,nan,nan,nan,settle
7.26667,0.516975,0.000138613,0,7.51042e-08,-0.025316,0,0.1,nan,nan,nan,nan,nan,nan,settle
7.275,0.508248,0.000138613,0,7.10455e-08,-0.0257861,0,0.1,nan,nan,nan,nan,nan,nan,settle
7.28333,0.499522,0.000138612,0,6.72062e-08,-0.0262746,0,0.1,nan,nan,nan,nan,nan,nan,settle
7.29167,0.490795,0.000138612,0,6.35743e-08,-0.0267047,0,0.1,nan,nan,nan,nan,nan,nan,settle
7.3,0.482068,0.000138611,0,6.01388e-08,-0.0271916,0,0.1,nan,nan,nan,nan,nan,nan,settle
7.30833,0.473342,0.000138611,0,5.68888e-08,-0.0276568,0,0.1,nan,nan,nan,nan,nan,nan,settle
7.31667,0.464615,0.00013861,0,5.38145e-08,-0.0280847,0,0.1,nan,nan,nan,nan,nan,nan,settle
7.325,0.455888,0.00013861,0,5.09064e-08,-0.0285309,0,0.1,nan,nan,nan,nan,nan,nan,settle
7.33333,0.447162,0.000138609,0,4.81554e-08,-0.0289818,0,0.1,nan,nan,nan,nan,nan,nan,settle
7.34167,0.438435,0.000138609,0,4.5553e-08,-0.0294124,0,0.1,nan,nan,nan,nan,nan,nan,settle
7.35,0.429708,0.000138609,0,4.30913e-08,-0.0298543,0,0.1,nan,nan,nan,nan,nan,nan,settle
7.35833,0.420982,0.000138608,0,4.07626e-08,-0.0303076,0,0.1,nan,nan,nan,nan,nan,nan,settle
7.36667,0.412255,0.000138608,0,3.85598e-08,-0.0307554,0,0.1,nan,nan,nan,nan,nan,nan,settle
7.375,0.403529,0.000138608,0,3.6476e-08,-0.0311717,0,0.1,nan,nan,nan,nan,nan,nan,settle
7.38333,0.394802,0.000138607,0,3.45048e-08,-0.0316336,0,0.1,nan,nan,nan,nan,nan,nan,settle
7.39167,0.386075,0.000138607,0,3.26402e-08,-0.0320465,0,0.1,nan,nan,nan,nan,nan,nan,settle
7.4,0.377349,0.000138607,0,3.08763e-08,-0.0324654,0,0.1,nan,nan,nan,nan,nan,nan,settle
7.40833,0.368622,0.000138607,0,2.92077e-08,-0.0329015,0,0.1,nan,nan,nan,nan,nan,nan,settle
7.41667,0.359895,0.000138606,0,2.76293e-08,-0.0333543,0,0.1,nan,nan,nan,nan,nan,nan,settle
7.425,0.351169,0.000138606,0,2.61362e-08,-0.0337667,0,0.1,nan,nan,nan,nan,nan,nan,settle
7.43333,0.342442,0.000138606,0,2.47238e-08,-0.0341892,0,0.1,nan,nan,nan,nan,nan,nan,settle
7.44167,0.333715,0.000138606,0,2.33877e-08,-0.034601,0,0.1,nan,nan,nan,nan,nan,nan,settle
7.45,0.324989,0.000138606,0,2.21238e-08,-0.0350107,0,0.1,nan,nan,nan,nan,nan,nan,settle
7.45833,0.316262,0.000138605,0,2.09282e-08,-0.0354557,0,0.1,nan,nan,nan,nan,nan,nan,settle
7.46667,0.307535,0.000138605,0,1.97973e-08,-0.0358655,0,0.1,nan,nan,nan,nan,nan,nan,settle
7.475,0.298809,0.000138605,0,1.87274e-08,-0.0362628,0,0.1,nan,nan,nan,nan,nan,nan,settle
7.48333,0.290082,0.000138605,0,1.77154e-08,-0.0366525,0,0.1,nan,nan,nan,nan,nan,nan,settle
7.49167,0.281355,0.000138605,0,1.6758e-08,-0.0370296,0,0.1,nan,nan,nan,nan,nan,nan,settle
7.5,0.272629,0.000138605,0,1.58524e-08,-0.0374241,0,0.1,nan,nan,nan,nan,nan,nan,settle
7.50833,0.263902,0.000138605,0,1.49957e-08,-0.0378153,0,0.1,nan,nan,nan,nan,nan,nan,settle
7.51667,0.255176,0.000138605,0,1.41854e-08,-0.0382052,0,0.1,nan,nan,nan,nan,nan,nan,settle
7.525,0.246449,0.000138604,0,1.34188e-08,-0.0385766,0,0.1,nan,nan,nan,nan,nan,nan,settle
7.53333,0.237722,0.000138604,0,1.26936e-08,-0.0389634,0,0.1,nan,nan,nan,nan,nan,nan,settle
7.54167,0.228996,0.000138604,0,1.20076e-08,-0.0393536,0,0.1,nan,nan,nan,nan,nan,nan,settle
7.55,0.220269,0.000138604,0,1.13587e-08,-0.039725,0,0.1,nan,nan,nan,nan,nan,nan,settle
7.55833,0.211542,0.000138604,0,1.07449e-08,-0.040099,0,0.1,nan,nan,nan,nan,nan,nan,settle
7.56667,0.202816,0.000138604,0,1.01643e-08,-0.0404797,0,0.1,nan,nan,nan,nan,nan,nan,settle
7.575,0.194089,0.000138604,0,9.61497e-09,-0.040855,0,0.1,nan,nan,nan,nan,nan,nan,settle
7.58333,0.185362,0.000138604,0,9.09537e-09,-0.0412557,0,0.1,nan,nan,nan,nan,nan,nan,settle
7.59167,0.176636,0.000138604,0,8.60385e-09,-0.0415722,0,0.1,nan,nan,nan,nan,nan,nan,settle
7.6,0.167909,0.000138604,0,8.1389e-09,-0.041939,0,0.1,nan,nan,nan,nan,nan,nan,settle
7.60833,0.159182,0.000138604,0,7.69907e-09,-0.0423055,0,0.1,nan,nan,nan,nan,nan,nan,settle
7.61667,0.150456,0.000138604,0,7.283e-09,-0.042673,0,0.1,nan,nan,nan,nan,nan,nan,settle
7.625,0.141729,0.000138603,0,6.88943e-09,-0.0430336,0,0.1,nan,nan,nan,nan,nan,nan,settle
7.63333,0.133003,0.000138603,0,6.51712e-09,-0.0433831,0,0.1,nan,nan,nan,nan,nan,nan,settle
7.64167,0.124276,0.000138603,0,6.16493e-09,-0.0437103,0,0.1,nan,nan,nan,nan,nan,nan,settle
7.65,0.115549,0.000138603,0,5.83177e-09,-0.0440727,0,0.1,nan,nan,nan,nan,nan,nan,settle
7.65833,0.106823,0.000138603,0,5.51662e-09,-0.0444312,0,0.1,nan,nan,nan,nan,nan,nan,settle
7.66667,0.0980959,0.000138603,0,5.2185e-09,-0.0447688,0,0.1,nan,nan,nan,nan,nan,nan,settle
7.675,0.0893693,0.000138603,0,4.93649e-09,-0.0450949,0,0.1,nan,nan,nan,nan,nan,nan,settle
7.68333,0.0806426,0.000138603,0,4.66972e-09,-0.0454161,0,0.1,nan,nan,nan,nan,nan,nan,settle
7.69167,0.071916,0.000138603,0,4.41737e-09,-0.0457029,0,0.1,nan,nan,nan,nan,nan,nan,settle
7.7,0.0631893,0.000138603,0,4.17865e-09,-0.0460473,0,0.1,nan,nan,nan,nan,nan,nan,settle
7.70833,0.0544627,0.000138603,0,3.95283e-09,-0.0463974,0,0.1,nan,nan,nan,nan,nan,nan,settle
7.71667,0.045736,0.000138603,0,3.73922e-09,-0.0467185,0,0.1,nan,nan,nan,nan,nan,nan,settle
7.725,0.0370094,0.000138603,0,3.53715e-09,-0.0470462,0,0.1,nan,nan,nan,nan,nan,nan,settle
7.73333,0.0282828,0.000138603,0,3.346e-09,-0.0472961,0,0.1,nan,nan,nan,nan,nan,nan,settle
7.74167,0.0195561,0.000138603,0,3.16518e-09,-0.0473611,0,0.1,nan,nan,nan,nan,nan,nan,settle
7.75,0.0108295,0.000138603,0,2.99413e-09,-0.0474225,0,0.1,nan,nan,nan,nan,nan,nan,settle
7.75833,0.00210281,0.000138603,0,2.83233e-09,-0.0474804,0,0.1,nan,nan,nan,nan,nan,nan,settle
7.76667,0,0.000138603,0,2.67927e-09,-0.0474938,0,0.1,nan,nan,nan,nan,nan,nan,settle
7.775,0,0.000138603,0,2.53448e-09,-0.0474938,0,0.1,nan,nan,nan,nan,nan,nan,settle
7.78333,0,0.000138603,0,2.39751e-09,-0.0474938,0,0.1,nan,nan,nan,nan,nan,nan,settle
7.79167,0,0.000138603,0,2.26795e-09,-0.0474938,0,0.1,nan,nan,nan,nan,nan,nan,settle
7.8,0,0.000138603,0,2.14539e-09,-0.0474938,0,0.1,nan,nan,nan,nan,nan,nan,settle
7.80833,0,0.000138603,0,2.02945e-09,-0.0474938,0,0.1,nan,nan,nan,nan,nan,nan,settle
7.81667,0,0.000138603,0,1.91978e-09,-0.0474938,0,0.1,nan,nan,nan,nan,nan,nan,settle
7.825,0,0.000138603,0,1.81603e-09,-0.0474938,0,0.1,nan,nan,nan,nan,nan,nan,settle
7.83333,0,0.000138603,0,1.71789e-09,-0.0474938,0,0.1,nan,nan,nan,nan,nan,nan,settle
7.84167,0,0.000138603,0,1.62506e-09,-0.0474938,0,0.1,nan,nan,nan,nan,nan,nan,settle
7.85,0,0.000138603,0,1.53724e-09,-0.0474938,0,0.1,nan,nan,nan,nan,nan,nan,settle
7.85833,0,0.000138603,0,1.45417e-09,-0.0474938,0,0.1,nan,nan,nan,nan,nan,nan,settle
7.86667,0,0.000138603,0,1.37558e-09,-0.0474938,0,0.1,nan,nan,nan,nan,nan,nan,settle
7.875,0,0.000138603,0,1.30124e-09,-0.0474938,0,0.1,nan,nan,nan,nan,nan,nan,settle
7.88333,0,0.000138603,0,1.23092e-09,-0.0474938,0,0.1,nan,nan,nan,nan,nan,nan,settle
7.89167,0,0.000138603,0,1.1644e-09,-0.0474938,0,0.1,nan,nan,nan,nan,nan,nan,settle
7.9,0,0.000138603,0,1.10148e-09,-0.0474938,0,0.1,nan,nan,nan,nan,nan,nan,settle
7.90833,0,0.000138603,0,1.04196e-09,-0.0474938,0,0.1,nan,nan,nan,nan,nan,nan,settle
7.91667,0,0.000138603,0,9.85647e-10,-0.0474938,0,0.1,nan,nan,nan,nan,nan,nan,settle
7.925,0,0.000138603,0,9.32382e-10,-0.0474938,0,0.1,nan,nan,nan,nan,nan,nan,settle
7.93333,0,0.000138603,0,8.81996e-10,-0.0474938,0,0.1,nan,nan,nan,nan,nan,nan,settle
7.94167,0,0.000138603,0,8.34332e-10,-0.0474938,0,0.1,nan,nan,nan,nan,nan,nan,settle
7.95,0,0.000138603,0,7.89245e-10,-0.0474938,0,0.1,nan,nan,nan,nan,nan,nan,settle
7.95833,0,0.000138603,0,7.46594e-10,-0.0474938,0,0.1,nan,nan,nan,nan,nan,nan,settle
7.96667,0,0.000138603,0,7.06247e-10,-0.0474938,0,0.1,nan,nan,nan,nan,nan,nan,settle
7.975,0,0.000138603,0,6.68081e-10,-0.0474938,0,0.1,nan,nan,nan,nan,nan,nan,settle
7.98333,0,0.000138603,0,6.31978e-10,-0.0474938,0,0.1,nan,nan,nan,nan,nan,nan,settle
7.99167,0,0.000138603,0,5.97825e-10,-0.0474938,0,0.1,nan,nan,nan,nan,nan,nan,settle
8,0,0.000138603,0,5.65519e-10,-0.0474938,0,0.1,nan,nan,nan,nan,nan,nan,settle
8.00833,0,0.000138603,0,5.34958e-10,-0.0474938,0,0.1,nan,nan,nan,nan,nan,nan,settle
8.01667,0,0.000138603,0,5.06048e-10,-0.0474938,0,0.1,nan,nan,nan,nan,nan,nan,settle
8.025,0,0.000138603,0,4.78701e-10,-0.0474938,0,0.1,nan,nan,nan,nan,nan,nan,settle
8.03333,0,0.000138603,0,4.52832e-10,-0.0474938,0,0.1,nan,nan,nan,nan,nan,nan,settle
8.04167,0,0.000138603,0,4.28361e-10,-0.0474938,0,0.1,nan,nan,nan,nan,nan,nan,settle
8.05,0,0.000138603,0,4.05212e-10,-0.0474938,0,0.1,nan,nan,nan,nan,nan,nan,settle
8.05833,0,0.000138602,0,3.83314e-10,-0.0474938,0,0.1,nan,nan,nan,nan,nan,nan,settle
8.06667,0,0.000138602,0,3.62599e-10,-0.0474938,0,0.1,nan,nan,nan,nan,nan,nan,settle
8.075,0,0.000138602,0,3.43004e-10,-0.0474938,0,0.1,nan,nan,nan,nan,nan,nan,settle
8.08333,0,0.000138602,0,3.24468e-10,-0.0474938,0,0.1,nan,nan,nan,nan,nan,nan,settle
8.09167,0,0.000138602,0,3.06934e-10,-0.0474938,0,0.1,nan,nan,nan,nan,nan,nan,settle
8.1,0,0.000138602,0,2.90347e-10,-0.0474938,0,0.1,nan,nan,nan,nan,nan,nan,settle
8.10833,0,0.000138602,0,2.74656e-10,-0.0474938,0,0.1,nan,nan,nan,nan,nan,nan,settle
8.11667,0,0.000138602,0,2.59814e-10,-0.0474938,0,0.1,nan,nan,nan,nan,nan,nan,settle
8.125,0,0.000138602,0,2.45773e-10,-0.0474938,0,0.1,nan,nan,nan,nan,nan,nan,settle
8.13333,0,0.000138602,0,2.32492e-10,-0.0474938,0,0.1,nan,nan,nan,nan,nan,nan,settle
8.14167,0,0.000138602,0,2.19928e-10,-0.0474938,0,0.1,nan,nan,nan,nan,nan,nan,settle
8.15,0,0.000138602,0,2.08043e-10,-0.0474938,0,0.1,nan,nan,nan,nan,nan,nan,settle
8.15833,0,0.000138602,0,1.968e-10,-0.0474938,0,0.1,nan,nan,nan,nan,nan,nan,settle
8.16667,0,0.000138602,0,1.86165e-10,-0.0474938,0,0.1,nan,nan,nan,nan,nan,nan,settle
8.175,0,0.000138602,0,1.76104e-10,-0.0474938,0,0.1,nan,nan,nan,nan,nan,nan,settle
8.18333,0,0.000138602,0,1.66588e-10,-0.0474938,0,0.1,nan,nan,nan,nan,nan,nan,settle
8.19167,0,0.000138602,0,1.57585e-10,-0.0474938,0,0.1,nan,nan,nan,nan,nan,nan,settle
8.2,0,0.000138602,0,1.49069e-10,-0.0474938,0,0.1,nan,nan,nan,nan,nan,nan,settle
8.20833,0,0.000138602,0,1.41013e-10,-0.0474938,0,0.1,nan,nan,nan,nan,nan,nan,settle
8.21667,0,0.000138602,0,1.33393e-10,-0.0474938,0,0.1,nan,nan,nan,nan,nan,nan,settle
8.225,0,0.000138602,0,1.26184e-10,-0.0474938,0,0.1,nan,nan,nan,nan,nan,nan,settle
8.23333,0,0.000138602,0,1.19365e-10,-0.0474938,0,0.1,nan,nan,nan,nan,nan,nan,settle
8.24167,0,0.000138602,0,1.12915e-10,-0.0474938,0,0.1,nan,nan,nan,nan,nan,nan,settle
8.25,0,0.000138602,0,1.06813e-10,-0.0474938,0,0.1,nan,nan,nan,nan,nan,nan,settle
